#
# A fatal error has been detected by the Java Runtime Environment:
#
#  SIGSEGV (0xb) at pc=0x0000000125722e68, pid=67746, tid=5891
#
# JRE version: OpenJDK Runtime Environment (25.0.3) (build 25.0.3+-15898627-b508.16)
# Java VM: OpenJDK 64-Bit Server VM (25.0.3+-15898627-b508.16, mixed mode, tiered, compressed oops, compressed class ptrs, serial gc, bsd-aarch64)
# Problematic frame:
# C  [libskiko-macos-arm64.dylib+0xdee68]  SkBitmap::readPixels(SkImageInfo const&, void*, unsigned long, int, int) const+0x50
#
# No core dump will be written. Core dumps have been disabled. To enable core dumping, try "ulimit -c unlimited" before starting Java again
#
# If you would like to submit a bug report, please visit:
#   https://youtrack.jetbrains.com/issues/JBR
# The crash happened outside the Java Virtual Machine in native code.
# See problematic frame for where to report the bug.
#

---------------  S U M M A R Y ------------

Command Line: -Dapple.awt.UIElement=true -Dcrayfish.fixtures=/Users/jaewoong/Desktop/projects/skydoves/compose-image-cropper/crayfish/build/fixtures -Dorg.gradle.internal.worker.tmpdir=/Users/jaewoong/Desktop/projects/skydoves/compose-image-cropper/crayfish/build/tmp/desktopTest/work -XX:+UseSerialGC -javaagent:/Users/jaewoong/Desktop/projects/skydoves/compose-image-cropper/crayfish/build/tmp/.cache/expanded/zip_27729b840c216bdc69a9315e04b27ab1/jacocoagent.jar=destfile=build/jacoco/desktopTest.exec,append=true,excludes=jdk.internal.*,inclnolocationclasses=true,dumponexit=true,output=file,jmx=false -Xmx1g -Dfile.encoding=UTF-8 -Duser.country=KR -Duser.language=en -Duser.variant -ea worker.org.gradle.process.internal.worker.GradleWorkerMain 'Gradle Test Executor 157'

Host: "Mac16,5" arm64, 14 cores, 36G, Darwin 25.5.0, macOS 26.5.1 (25F80)
Time: Sat Sep 19 10:17:38 2026 KST elapsed time: 1.329378 seconds (0d 0h 0m 1s)

---------------  T H R E A D  ---------------

Current thread (0x0000000104b45190):  JavaThread "Test worker @kotlinx.coroutines.test runner#70"        [_thread_in_native, id=5891, stack(0x000000016bcc0000,0x000000016bec3000) (2060K)]

Stack: [0x000000016bcc0000,0x000000016bec3000],  sp=0x000000016bebea30,  free space=2042k
Native frames: (J=compiled Java code, j=interpreted, Vv=VM code, C=native code)
C  [libskiko-macos-arm64.dylib+0xdee68]  SkBitmap::readPixels(SkImageInfo const&, void*, unsigned long, int, int) const+0x50
C  [libskiko-macos-arm64.dylib+0x1f924]  Java_org_jetbrains_skia_BitmapKt__1nReadPixels+0xcc
j  org.jetbrains.skia.BitmapKt._nReadPixels(JIIIIJIIILjava/lang/Object;)Z+0
j  org.jetbrains.skia.BitmapKt.access$_nReadPixels(JIIIIJIIILjava/lang/Object;)Z+30
j  org.jetbrains.skia.Bitmap.readPixels$skiko([BLorg/jetbrains/skia/ImageInfo;III)Z+253
j  org.jetbrains.skia.Bitmap.readPixels(Lorg/jetbrains/skia/ImageInfo;III)[B+53
j  androidx.compose.ui.graphics.SkiaBackedImageBitmap.readPixels([IIIIIII)V+535
j  androidx.compose.ui.graphics.ImageBitmapKt.toPixelMap(Landroidx/compose/ui/graphics/ImageBitmap;IIII[III)Landroidx/compose/ui/graphics/PixelMap;+19
j  androidx.compose.ui.graphics.ImageBitmapKt.toPixelMap$default(Landroidx/compose/ui/graphics/ImageBitmap;IIII[IIIILjava/lang/Object;)Landroidx/compose/ui/graphics/PixelMap;+218
j  com.github.skydoves.crayfish.ui.ImageSourceAndOutputTest$theReturnedImageSurvivesTheCropThatProducedIt$1.invokeSuspend(Ljava/lang/Object;)Ljava/lang/Object;+152
j  com.github.skydoves.crayfish.ui.ImageSourceAndOutputTest$theReturnedImageSurvivesTheCropThatProducedIt$1.invoke(Landroidx/compose/ui/test/ComposeUiTest;Lkotlin/coroutines/Continuation;)Ljava/lang/Object;+19
j  com.github.skydoves.crayfish.ui.ImageSourceAndOutputTest$theReturnedImageSurvivesTheCropThatProducedIt$1.invoke(Ljava/lang/Object;Ljava/lang/Object;)Ljava/lang/Object;+16
j  androidx.compose.ui.test.ComposeUiTest_skikoKt$runComposeUiTest$1.invokeSuspend(Ljava/lang/Object;)Ljava/lang/Object;+81
j  androidx.compose.ui.test.ComposeUiTest_skikoKt$runComposeUiTest$1.invoke(Landroidx/compose/ui/test/SkikoComposeUiTest;Lkotlin/coroutines/Continuation;)Ljava/lang/Object;+19
j  androidx.compose.ui.test.ComposeUiTest_skikoKt$runComposeUiTest$1.invoke(Ljava/lang/Object;Ljava/lang/Object;)Ljava/lang/Object;+16
j  androidx.compose.ui.test.SkikoComposeUiTest$runTest$1$1$1$1$1.invokeSuspend(Ljava/lang/Object;)Ljava/lang/Object;+62
j  androidx.compose.ui.test.SkikoComposeUiTest$runTest$1$1$1$1$1.invoke(Lkotlin/coroutines/Continuation;)Ljava/lang/Object;+17
j  androidx.compose.ui.test.SkikoComposeUiTest$runTest$1$1$1$1$1.invoke(Ljava/lang/Object;)Ljava/lang/Object;+11
j  androidx.compose.ui.platform.FrameRecomposer$withMonotonicFrameClock$2.invokeSuspend(Ljava/lang/Object;)Ljava/lang/Object;+58
j  androidx.compose.ui.platform.FrameRecomposer$withMonotonicFrameClock$2.invoke(Lkotlinx/coroutines/CoroutineScope;Lkotlin/coroutines/Continuation;)Ljava/lang/Object;+19
j  androidx.compose.ui.platform.FrameRecomposer$withMonotonicFrameClock$2.invoke(Ljava/lang/Object;Ljava/lang/Object;)Ljava/lang/Object;+16
j  kotlinx.coroutines.intrinsics.UndispatchedKt.startUndispatched(Lkotlinx/coroutines/internal/ScopeCoroutine;ZLjava/lang/Object;Lkotlin/jvm/functions/Function2;)Ljava/lang/Object;+56
j  kotlinx.coroutines.intrinsics.UndispatchedKt.startUndispatchedOrReturn(Lkotlinx/coroutines/internal/ScopeCoroutine;Ljava/lang/Object;Lkotlin/jvm/functions/Function2;)Ljava/lang/Object;+9
j  kotlinx.coroutines.BuildersKt__Builders_commonKt.withContext(Lkotlin/coroutines/CoroutineContext;Lkotlin/jvm/functions/Function2;Lkotlin/coroutines/Continuation;)Ljava/lang/Object;+209
j  kotlinx.coroutines.BuildersKt.withContext(Lkotlin/coroutines/CoroutineContext;Lkotlin/jvm/functions/Function2;Lkotlin/coroutines/Continuation;)Ljava/lang/Object;+8
j  androidx.compose.ui.platform.FrameRecomposer.withMonotonicFrameClock(Lkotlin/jvm/functions/Function1;Lkotlin/coroutines/Continuation;)Ljava/lang/Object;+86
j  androidx.compose.ui.test.SkikoComposeUiTest$runTest$1.invokeSuspend(Ljava/lang/Object;)Ljava/lang/Object;+305
j  androidx.compose.ui.test.SkikoComposeUiTest$runTest$1.invoke(Lkotlinx/coroutines/test/TestScope;Lkotlin/coroutines/Continuation;)Ljava/lang/Object;+20
j  androidx.compose.ui.test.SkikoComposeUiTest$runTest$1.invoke(Ljava/lang/Object;Ljava/lang/Object;)Ljava/lang/Object;+17
j  kotlinx.coroutines.test.TestBuildersKt__TestBuildersKt$runTest$2$1$1.invokeSuspend(Ljava/lang/Object;)Ljava/lang/Object;+153
j  kotlin.coroutines.jvm.internal.BaseContinuationImpl.resumeWith(Ljava/lang/Object;)V+72
j  kotlinx.coroutines.DispatchedTask.run()V+518
j  kotlinx.coroutines.test.TestDispatcher.processEvent$kotlinx_coroutines_test(Ljava/lang/Object;)V+29
j  kotlinx.coroutines.test.TestCoroutineScheduler.tryRunNextTaskUnless$kotlinx_coroutines_test(Lkotlin/jvm/functions/Function0;)Z+210
j  kotlinx.coroutines.test.TestBuildersKt__TestBuildersKt$runTest$2$1$workRunner$1.invokeSuspend(Ljava/lang/Object;)Ljava/lang/Object;+81
j  kotlin.coroutines.jvm.internal.BaseContinuationImpl.resumeWith(Ljava/lang/Object;)V+72
j  kotlinx.coroutines.DispatchedTask.run()V+518
j  kotlinx.coroutines.EventLoopImplBase.processNextEvent()J+48
j  kotlinx.coroutines.BlockingCoroutine.joinBlocking()Ljava/lang/Object;+82
j  kotlinx.coroutines.BuildersKt__BuildersKt.runBlockingImpl(Lkotlin/coroutines/CoroutineContext;Lkotlinx/coroutines/EventLoop;Lkotlin/jvm/functions/Function2;)Ljava/lang/Object;+42
j  kotlinx.coroutines.BuildersKt.runBlockingImpl(Lkotlin/coroutines/CoroutineContext;Lkotlinx/coroutines/EventLoop;Lkotlin/jvm/functions/Function2;)Ljava/lang/Object;+8
j  kotlinx.coroutines.BuildersKt__Builders_concurrentKt.runBlockingK(Lkotlin/coroutines/CoroutineContext;Lkotlin/jvm/functions/Function2;)Ljava/lang/Object;+110
j  kotlinx.coroutines.BuildersKt.runBlockingK(Lkotlin/coroutines/CoroutineContext;Lkotlin/jvm/functions/Function2;)Ljava/lang/Object;+6
j  kotlinx.coroutines.BuildersKt__Builders_concurrentKt.runBlockingK$default(Lkotlin/coroutines/CoroutineContext;Lkotlin/jvm/functions/Function2;ILjava/lang/Object;)Ljava/lang/Object;+35
j  kotlinx.coroutines.BuildersKt.runBlockingK$default(Lkotlin/coroutines/CoroutineContext;Lkotlin/jvm/functions/Function2;ILjava/lang/Object;)Ljava/lang/Object;+9
j  kotlinx.coroutines.test.TestBuildersJvmKt.createTestResult(Lkotlin/jvm/functions/Function2;)V+19
j  kotlinx.coroutines.test.TestBuildersKt__TestBuildersKt.runTest-8Mi8wO0(Lkotlinx/coroutines/test/TestScope;JLkotlin/jvm/functions/Function2;)V+47
j  kotlinx.coroutines.test.TestBuildersKt.runTest-8Mi8wO0(Lkotlinx/coroutines/test/TestScope;JLkotlin/jvm/functions/Function2;)V+8
j  kotlinx.coroutines.test.TestBuildersKt__TestBuildersKt.runTest-8Mi8wO0(Lkotlin/coroutines/CoroutineContext;JLkotlin/jvm/functions/Function2;)V+85
j  kotlinx.coroutines.test.TestBuildersKt.runTest-8Mi8wO0(Lkotlin/coroutines/CoroutineContext;JLkotlin/jvm/functions/Function2;)V+8
j  androidx.compose.ui.test.SkikoComposeUiTest.runTest(Lkotlin/jvm/functions/Function2;)V+176
j  androidx.compose.ui.test.ComposeUiTest_skikoKt.runSkikoComposeUiTest-uV_hrag(JLandroidx/compose/ui/unit/Density;Lkotlin/coroutines/CoroutineContext;Lkotlin/coroutines/CoroutineContext;JLkotlin/jvm/functions/Function2;)V+139
j  androidx.compose.ui.test.ComposeUiTest_skikoKt.runSkikoComposeUiTest-uV_hrag$default(JLandroidx/compose/ui/unit/Density;Lkotlin/coroutines/CoroutineContext;Lkotlin/coroutines/CoroutineContext;JLkotlin/jvm/functions/Function2;ILjava/lang/Object;)V+243
j  androidx.compose.ui.test.ComposeUiTest_skikoKt.runComposeUiTest-exY8QGI(Lkotlin/coroutines/CoroutineContext;Lkotlin/coroutines/CoroutineContext;JLkotlin/jvm/functions/Function2;)V+32
j  androidx.compose.ui.test.ComposeUiTest_skikoKt.runComposeUiTest-exY8QGI$default(Lkotlin/coroutines/CoroutineContext;Lkotlin/coroutines/CoroutineContext;JLkotlin/jvm/functions/Function2;ILjava/lang/Object;)V+107
j  com.github.skydoves.crayfish.ui.ImageSourceAndOutputTest.theReturnedImageSurvivesTheCropThatProducedIt()V+25
j  java.lang.invoke.DirectMethodHandle$Holder.invokeSpecial(Ljava/lang/Object;Ljava/lang/Object;)V+10 java.base@25.0.3
j  java.lang.invoke.LambdaForm$MH+0x00000200001b8800.invoke(Ljava/lang/Object;Ljava/lang/Object;)Ljava/lang/Object;+31 java.base@25.0.3
J 3593 c1 jdk.internal.reflect.DirectMethodHandleAccessor.invoke(Ljava/lang/Object;[Ljava/lang/Object;)Ljava/lang/Object; java.base@25.0.3 (92 bytes) @ 0x000000010e8bf9fc [0x000000010e8bdcc0+0x0000000000001d3c]
J 3590 c1 java.lang.reflect.Method.invoke(Ljava/lang/Object;[Ljava/lang/Object;)Ljava/lang/Object; java.base@25.0.3 (108 bytes) @ 0x000000010ebfa0cc [0x000000010ebf9ac0+0x000000000000060c]
j  org.junit.runners.model.FrameworkMethod$1.runReflectiveCall()Ljava/lang/Object;+19
j  org.junit.internal.runners.model.ReflectiveCallable.run()Ljava/lang/Object;+5
j  org.junit.runners.model.FrameworkMethod.invokeExplosively(Ljava/lang/Object;[Ljava/lang/Object;)Ljava/lang/Object;+15
j  org.junit.internal.runners.statements.InvokeMethod.evaluate()V+16
j  org.junit.runners.ParentRunner$3.evaluate()V+8
j  org.junit.runners.BlockJUnit4ClassRunner$1.evaluate()V+15
j  org.junit.runners.ParentRunner.runLeaf(Lorg/junit/runners/model/Statement;Lorg/junit/runner/Description;Lorg/junit/runner/notification/RunNotifier;)V+34
j  org.junit.runners.BlockJUnit4ClassRunner.runChild(Lorg/junit/runners/model/FrameworkMethod;Lorg/junit/runner/notification/RunNotifier;)V+68
j  org.junit.runners.BlockJUnit4ClassRunner.runChild(Ljava/lang/Object;Lorg/junit/runner/notification/RunNotifier;)V+11
j  org.junit.runners.ParentRunner$4.run()V+16
j  org.junit.runners.ParentRunner$1.schedule(Ljava/lang/Runnable;)V+5
j  org.junit.runners.ParentRunner.runChildren(Lorg/junit/runner/notification/RunNotifier;)V+68
j  org.junit.runners.ParentRunner.access$100(Lorg/junit/runners/ParentRunner;Lorg/junit/runner/notification/RunNotifier;)V+6
j  org.junit.runners.ParentRunner$2.evaluate()V+12
j  org.junit.runners.ParentRunner$3.evaluate()V+8
j  org.junit.runners.ParentRunner.run(Lorg/junit/runner/notification/RunNotifier;)V+47
j  org.junit.runner.JUnitCore.run(Lorg/junit/runner/Runner;)Lorg/junit/runner/Result;+65
j  org.junit.runner.JUnitCore.run(Lorg/junit/runner/Request;)Lorg/junit/runner/Result;+9
j  org.gradle.api.internal.tasks.testing.junit.JUnitTestExecutor.runRequest(Lorg/junit/runner/Request;)V+62
j  org.gradle.api.internal.tasks.testing.junit.JUnitTestExecutor.accept(Lorg/gradle/api/internal/tasks/testing/ClassTestDefinition;)V+65
j  org.gradle.api.internal.tasks.testing.junit.JUnitTestExecutor.accept(Ljava/lang/Object;)V+9
j  org.gradle.api.internal.tasks.testing.junit.AbstractJUnitTestDefinitionProcessor.processTestDefinition(Lorg/gradle/api/internal/tasks/testing/TestDefinition;)V+54
j  org.gradle.api.internal.tasks.testing.SuiteTestDefinitionProcessor.processTestDefinition(Lorg/gradle/api/internal/tasks/testing/TestDefinition;)V+9
j  java.lang.invoke.LambdaForm$DMH+0x0000020000114000.invokeInterface(Ljava/lang/Object;Ljava/lang/Object;Ljava/lang/Object;)V+24 java.base@25.0.3
j  java.lang.invoke.LambdaForm$MH+0x0000020000131000.invoke(Ljava/lang/Object;Ljava/lang/Object;Ljava/lang/Object;)Ljava/lang/Object;+52 java.base@25.0.3
j  java.lang.invoke.Invokers$Holder.invokeExact_MT(Ljava/lang/Object;Ljava/lang/Object;Ljava/lang/Object;Ljava/lang/Object;)Ljava/lang/Object;+20 java.base@25.0.3
j  jdk.internal.reflect.DirectMethodHandleAccessor.invokeImpl(Ljava/lang/Object;[Ljava/lang/Object;)Ljava/lang/Object;+55 java.base@25.0.3
j  jdk.internal.reflect.DirectMethodHandleAccessor.invoke(Ljava/lang/Object;[Ljava/lang/Object;)Ljava/lang/Object;+23 java.base@25.0.3
j  java.lang.reflect.Method.invoke(Ljava/lang/Object;[Ljava/lang/Object;)Ljava/lang/Object;+102 java.base@25.0.3
j  org.gradle.internal.dispatch.MethodInvocation.invokeOn(Ljava/lang/Object;)V+26
j  org.gradle.internal.dispatch.ReflectionDispatch.dispatch(Lorg/gradle/internal/dispatch/MethodInvocation;)V+9
j  org.gradle.internal.dispatch.ReflectionDispatch.dispatch(Ljava/lang/Object;)V+9
j  org.gradle.internal.dispatch.ContextClassLoaderDispatch.dispatch(Ljava/lang/Object;)V+35
j  org.gradle.internal.dispatch.ProxyDispatchAdapter$DispatchingInvocationHandler.invoke(Ljava/lang/Object;Ljava/lang/reflect/Method;[Ljava/lang/Object;)Ljava/lang/Object;+410
j  jdk.proxy2.$Proxy6.processTestDefinition(Lorg/gradle/api/internal/tasks/testing/TestDefinition;)V+22 jdk.proxy2
j  org.gradle.api.internal.tasks.testing.worker.TestWorker$2.run()V+53
j  org.gradle.api.internal.tasks.testing.worker.TestWorker.executeAndMaintainThreadName(Ljava/lang/Runnable;)V+5
j  org.gradle.api.internal.tasks.testing.worker.TestWorker.execute(Lorg/gradle/process/internal/worker/WorkerProcessContext;)V+114
j  org.gradle.api.internal.tasks.testing.worker.TestWorker.execute(Ljava/lang/Object;)V+9
j  org.gradle.process.internal.worker.child.ActionExecutionWorker.execute(Lorg/gradle/process/internal/worker/WorkerProcessContext;)V+94
...<more frames>...
Java frames: (J=compiled Java code, j=interpreted, Vv=VM code)
j  org.jetbrains.skia.BitmapKt._nReadPixels(JIIIIJIIILjava/lang/Object;)Z+0
j  org.jetbrains.skia.BitmapKt.access$_nReadPixels(JIIIIJIIILjava/lang/Object;)Z+30
j  org.jetbrains.skia.Bitmap.readPixels$skiko([BLorg/jetbrains/skia/ImageInfo;III)Z+253
j  org.jetbrains.skia.Bitmap.readPixels(Lorg/jetbrains/skia/ImageInfo;III)[B+53
j  androidx.compose.ui.graphics.SkiaBackedImageBitmap.readPixels([IIIIIII)V+535
j  androidx.compose.ui.graphics.ImageBitmapKt.toPixelMap(Landroidx/compose/ui/graphics/ImageBitmap;IIII[III)Landroidx/compose/ui/graphics/PixelMap;+19
j  androidx.compose.ui.graphics.ImageBitmapKt.toPixelMap$default(Landroidx/compose/ui/graphics/ImageBitmap;IIII[IIIILjava/lang/Object;)Landroidx/compose/ui/graphics/PixelMap;+218
j  com.github.skydoves.crayfish.ui.ImageSourceAndOutputTest$theReturnedImageSurvivesTheCropThatProducedIt$1.invokeSuspend(Ljava/lang/Object;)Ljava/lang/Object;+152
j  com.github.skydoves.crayfish.ui.ImageSourceAndOutputTest$theReturnedImageSurvivesTheCropThatProducedIt$1.invoke(Landroidx/compose/ui/test/ComposeUiTest;Lkotlin/coroutines/Continuation;)Ljava/lang/Object;+19
j  com.github.skydoves.crayfish.ui.ImageSourceAndOutputTest$theReturnedImageSurvivesTheCropThatProducedIt$1.invoke(Ljava/lang/Object;Ljava/lang/Object;)Ljava/lang/Object;+16
j  androidx.compose.ui.test.ComposeUiTest_skikoKt$runComposeUiTest$1.invokeSuspend(Ljava/lang/Object;)Ljava/lang/Object;+81
j  androidx.compose.ui.test.ComposeUiTest_skikoKt$runComposeUiTest$1.invoke(Landroidx/compose/ui/test/SkikoComposeUiTest;Lkotlin/coroutines/Continuation;)Ljava/lang/Object;+19
j  androidx.compose.ui.test.ComposeUiTest_skikoKt$runComposeUiTest$1.invoke(Ljava/lang/Object;Ljava/lang/Object;)Ljava/lang/Object;+16
j  androidx.compose.ui.test.SkikoComposeUiTest$runTest$1$1$1$1$1.invokeSuspend(Ljava/lang/Object;)Ljava/lang/Object;+62
j  androidx.compose.ui.test.SkikoComposeUiTest$runTest$1$1$1$1$1.invoke(Lkotlin/coroutines/Continuation;)Ljava/lang/Object;+17
j  androidx.compose.ui.test.SkikoComposeUiTest$runTest$1$1$1$1$1.invoke(Ljava/lang/Object;)Ljava/lang/Object;+11
j  androidx.compose.ui.platform.FrameRecomposer$withMonotonicFrameClock$2.invokeSuspend(Ljava/lang/Object;)Ljava/lang/Object;+58
j  androidx.compose.ui.platform.FrameRecomposer$withMonotonicFrameClock$2.invoke(Lkotlinx/coroutines/CoroutineScope;Lkotlin/coroutines/Continuation;)Ljava/lang/Object;+19
j  androidx.compose.ui.platform.FrameRecomposer$withMonotonicFrameClock$2.invoke(Ljava/lang/Object;Ljava/lang/Object;)Ljava/lang/Object;+16
j  kotlinx.coroutines.intrinsics.UndispatchedKt.startUndispatched(Lkotlinx/coroutines/internal/ScopeCoroutine;ZLjava/lang/Object;Lkotlin/jvm/functions/Function2;)Ljava/lang/Object;+56
j  kotlinx.coroutines.intrinsics.UndispatchedKt.startUndispatchedOrReturn(Lkotlinx/coroutines/internal/ScopeCoroutine;Ljava/lang/Object;Lkotlin/jvm/functions/Function2;)Ljava/lang/Object;+9
j  kotlinx.coroutines.BuildersKt__Builders_commonKt.withContext(Lkotlin/coroutines/CoroutineContext;Lkotlin/jvm/functions/Function2;Lkotlin/coroutines/Continuation;)Ljava/lang/Object;+209
j  kotlinx.coroutines.BuildersKt.withContext(Lkotlin/coroutines/CoroutineContext;Lkotlin/jvm/functions/Function2;Lkotlin/coroutines/Continuation;)Ljava/lang/Object;+8
j  androidx.compose.ui.platform.FrameRecomposer.withMonotonicFrameClock(Lkotlin/jvm/functions/Function1;Lkotlin/coroutines/Continuation;)Ljava/lang/Object;+86
j  androidx.compose.ui.test.SkikoComposeUiTest$runTest$1.invokeSuspend(Ljava/lang/Object;)Ljava/lang/Object;+305
j  androidx.compose.ui.test.SkikoComposeUiTest$runTest$1.invoke(Lkotlinx/coroutines/test/TestScope;Lkotlin/coroutines/Continuation;)Ljava/lang/Object;+20
j  androidx.compose.ui.test.SkikoComposeUiTest$runTest$1.invoke(Ljava/lang/Object;Ljava/lang/Object;)Ljava/lang/Object;+17
j  kotlinx.coroutines.test.TestBuildersKt__TestBuildersKt$runTest$2$1$1.invokeSuspend(Ljava/lang/Object;)Ljava/lang/Object;+153
j  kotlin.coroutines.jvm.internal.BaseContinuationImpl.resumeWith(Ljava/lang/Object;)V+72
j  kotlinx.coroutines.DispatchedTask.run()V+518
j  kotlinx.coroutines.test.TestDispatcher.processEvent$kotlinx_coroutines_test(Ljava/lang/Object;)V+29
j  kotlinx.coroutines.test.TestCoroutineScheduler.tryRunNextTaskUnless$kotlinx_coroutines_test(Lkotlin/jvm/functions/Function0;)Z+210
j  kotlinx.coroutines.test.TestBuildersKt__TestBuildersKt$runTest$2$1$workRunner$1.invokeSuspend(Ljava/lang/Object;)Ljava/lang/Object;+81
j  kotlin.coroutines.jvm.internal.BaseContinuationImpl.resumeWith(Ljava/lang/Object;)V+72
j  kotlinx.coroutines.DispatchedTask.run()V+518
j  kotlinx.coroutines.EventLoopImplBase.processNextEvent()J+48
j  kotlinx.coroutines.BlockingCoroutine.joinBlocking()Ljava/lang/Object;+82
j  kotlinx.coroutines.BuildersKt__BuildersKt.runBlockingImpl(Lkotlin/coroutines/CoroutineContext;Lkotlinx/coroutines/EventLoop;Lkotlin/jvm/functions/Function2;)Ljava/lang/Object;+42
j  kotlinx.coroutines.BuildersKt.runBlockingImpl(Lkotlin/coroutines/CoroutineContext;Lkotlinx/coroutines/EventLoop;Lkotlin/jvm/functions/Function2;)Ljava/lang/Object;+8
j  kotlinx.coroutines.BuildersKt__Builders_concurrentKt.runBlockingK(Lkotlin/coroutines/CoroutineContext;Lkotlin/jvm/functions/Function2;)Ljava/lang/Object;+110
j  kotlinx.coroutines.BuildersKt.runBlockingK(Lkotlin/coroutines/CoroutineContext;Lkotlin/jvm/functions/Function2;)Ljava/lang/Object;+6
j  kotlinx.coroutines.BuildersKt__Builders_concurrentKt.runBlockingK$default(Lkotlin/coroutines/CoroutineContext;Lkotlin/jvm/functions/Function2;ILjava/lang/Object;)Ljava/lang/Object;+35
j  kotlinx.coroutines.BuildersKt.runBlockingK$default(Lkotlin/coroutines/CoroutineContext;Lkotlin/jvm/functions/Function2;ILjava/lang/Object;)Ljava/lang/Object;+9
j  kotlinx.coroutines.test.TestBuildersJvmKt.createTestResult(Lkotlin/jvm/functions/Function2;)V+19
j  kotlinx.coroutines.test.TestBuildersKt__TestBuildersKt.runTest-8Mi8wO0(Lkotlinx/coroutines/test/TestScope;JLkotlin/jvm/functions/Function2;)V+47
j  kotlinx.coroutines.test.TestBuildersKt.runTest-8Mi8wO0(Lkotlinx/coroutines/test/TestScope;JLkotlin/jvm/functions/Function2;)V+8
j  kotlinx.coroutines.test.TestBuildersKt__TestBuildersKt.runTest-8Mi8wO0(Lkotlin/coroutines/CoroutineContext;JLkotlin/jvm/functions/Function2;)V+85
j  kotlinx.coroutines.test.TestBuildersKt.runTest-8Mi8wO0(Lkotlin/coroutines/CoroutineContext;JLkotlin/jvm/functions/Function2;)V+8
j  androidx.compose.ui.test.SkikoComposeUiTest.runTest(Lkotlin/jvm/functions/Function2;)V+176
j  androidx.compose.ui.test.ComposeUiTest_skikoKt.runSkikoComposeUiTest-uV_hrag(JLandroidx/compose/ui/unit/Density;Lkotlin/coroutines/CoroutineContext;Lkotlin/coroutines/CoroutineContext;JLkotlin/jvm/functions/Function2;)V+139
j  androidx.compose.ui.test.ComposeUiTest_skikoKt.runSkikoComposeUiTest-uV_hrag$default(JLandroidx/compose/ui/unit/Density;Lkotlin/coroutines/CoroutineContext;Lkotlin/coroutines/CoroutineContext;JLkotlin/jvm/functions/Function2;ILjava/lang/Object;)V+243
j  androidx.compose.ui.test.ComposeUiTest_skikoKt.runComposeUiTest-exY8QGI(Lkotlin/coroutines/CoroutineContext;Lkotlin/coroutines/CoroutineContext;JLkotlin/jvm/functions/Function2;)V+32
j  androidx.compose.ui.test.ComposeUiTest_skikoKt.runComposeUiTest-exY8QGI$default(Lkotlin/coroutines/CoroutineContext;Lkotlin/coroutines/CoroutineContext;JLkotlin/jvm/functions/Function2;ILjava/lang/Object;)V+107
j  com.github.skydoves.crayfish.ui.ImageSourceAndOutputTest.theReturnedImageSurvivesTheCropThatProducedIt()V+25
j  java.lang.invoke.DirectMethodHandle$Holder.invokeSpecial(Ljava/lang/Object;Ljava/lang/Object;)V+10 java.base@25.0.3
j  java.lang.invoke.LambdaForm$MH+0x00000200001b8800.invoke(Ljava/lang/Object;Ljava/lang/Object;)Ljava/lang/Object;+31 java.base@25.0.3
J 3593 c1 jdk.internal.reflect.DirectMethodHandleAccessor.invoke(Ljava/lang/Object;[Ljava/lang/Object;)Ljava/lang/Object; java.base@25.0.3 (92 bytes) @ 0x000000010e8bf9fc [0x000000010e8bdcc0+0x0000000000001d3c]
J 3590 c1 java.lang.reflect.Method.invoke(Ljava/lang/Object;[Ljava/lang/Object;)Ljava/lang/Object; java.base@25.0.3 (108 bytes) @ 0x000000010ebfa0cc [0x000000010ebf9ac0+0x000000000000060c]
j  org.junit.runners.model.FrameworkMethod$1.runReflectiveCall()Ljava/lang/Object;+19
j  org.junit.internal.runners.model.ReflectiveCallable.run()Ljava/lang/Object;+5
j  org.junit.runners.model.FrameworkMethod.invokeExplosively(Ljava/lang/Object;[Ljava/lang/Object;)Ljava/lang/Object;+15
j  org.junit.internal.runners.statements.InvokeMethod.evaluate()V+16
j  org.junit.runners.ParentRunner$3.evaluate()V+8
j  org.junit.runners.BlockJUnit4ClassRunner$1.evaluate()V+15
j  org.junit.runners.ParentRunner.runLeaf(Lorg/junit/runners/model/Statement;Lorg/junit/runner/Description;Lorg/junit/runner/notification/RunNotifier;)V+34
j  org.junit.runners.BlockJUnit4ClassRunner.runChild(Lorg/junit/runners/model/FrameworkMethod;Lorg/junit/runner/notification/RunNotifier;)V+68
j  org.junit.runners.BlockJUnit4ClassRunner.runChild(Ljava/lang/Object;Lorg/junit/runner/notification/RunNotifier;)V+11
j  org.junit.runners.ParentRunner$4.run()V+16
j  org.junit.runners.ParentRunner$1.schedule(Ljava/lang/Runnable;)V+5
j  org.junit.runners.ParentRunner.runChildren(Lorg/junit/runner/notification/RunNotifier;)V+68
j  org.junit.runners.ParentRunner.access$100(Lorg/junit/runners/ParentRunner;Lorg/junit/runner/notification/RunNotifier;)V+6
j  org.junit.runners.ParentRunner$2.evaluate()V+12
j  org.junit.runners.ParentRunner$3.evaluate()V+8
j  org.junit.runners.ParentRunner.run(Lorg/junit/runner/notification/RunNotifier;)V+47
j  org.junit.runner.JUnitCore.run(Lorg/junit/runner/Runner;)Lorg/junit/runner/Result;+65
j  org.junit.runner.JUnitCore.run(Lorg/junit/runner/Request;)Lorg/junit/runner/Result;+9
j  org.gradle.api.internal.tasks.testing.junit.JUnitTestExecutor.runRequest(Lorg/junit/runner/Request;)V+62
j  org.gradle.api.internal.tasks.testing.junit.JUnitTestExecutor.accept(Lorg/gradle/api/internal/tasks/testing/ClassTestDefinition;)V+65
j  org.gradle.api.internal.tasks.testing.junit.JUnitTestExecutor.accept(Ljava/lang/Object;)V+9
j  org.gradle.api.internal.tasks.testing.junit.AbstractJUnitTestDefinitionProcessor.processTestDefinition(Lorg/gradle/api/internal/tasks/testing/TestDefinition;)V+54
j  org.gradle.api.internal.tasks.testing.SuiteTestDefinitionProcessor.processTestDefinition(Lorg/gradle/api/internal/tasks/testing/TestDefinition;)V+9
j  java.lang.invoke.LambdaForm$DMH+0x0000020000114000.invokeInterface(Ljava/lang/Object;Ljava/lang/Object;Ljava/lang/Object;)V+24 java.base@25.0.3
j  java.lang.invoke.LambdaForm$MH+0x0000020000131000.invoke(Ljava/lang/Object;Ljava/lang/Object;Ljava/lang/Object;)Ljava/lang/Object;+52 java.base@25.0.3
j  java.lang.invoke.Invokers$Holder.invokeExact_MT(Ljava/lang/Object;Ljava/lang/Object;Ljava/lang/Object;Ljava/lang/Object;)Ljava/lang/Object;+20 java.base@25.0.3
j  jdk.internal.reflect.DirectMethodHandleAccessor.invokeImpl(Ljava/lang/Object;[Ljava/lang/Object;)Ljava/lang/Object;+55 java.base@25.0.3
j  jdk.internal.reflect.DirectMethodHandleAccessor.invoke(Ljava/lang/Object;[Ljava/lang/Object;)Ljava/lang/Object;+23 java.base@25.0.3
j  java.lang.reflect.Method.invoke(Ljava/lang/Object;[Ljava/lang/Object;)Ljava/lang/Object;+102 java.base@25.0.3
j  org.gradle.internal.dispatch.MethodInvocation.invokeOn(Ljava/lang/Object;)V+26
j  org.gradle.internal.dispatch.ReflectionDispatch.dispatch(Lorg/gradle/internal/dispatch/MethodInvocation;)V+9
j  org.gradle.internal.dispatch.ReflectionDispatch.dispatch(Ljava/lang/Object;)V+9
j  org.gradle.internal.dispatch.ContextClassLoaderDispatch.dispatch(Ljava/lang/Object;)V+35
j  org.gradle.internal.dispatch.ProxyDispatchAdapter$DispatchingInvocationHandler.invoke(Ljava/lang/Object;Ljava/lang/reflect/Method;[Ljava/lang/Object;)Ljava/lang/Object;+410
j  jdk.proxy2.$Proxy6.processTestDefinition(Lorg/gradle/api/internal/tasks/testing/TestDefinition;)V+22 jdk.proxy2
j  org.gradle.api.internal.tasks.testing.worker.TestWorker$2.run()V+53
j  org.gradle.api.internal.tasks.testing.worker.TestWorker.executeAndMaintainThreadName(Ljava/lang/Runnable;)V+5
j  org.gradle.api.internal.tasks.testing.worker.TestWorker.execute(Lorg/gradle/process/internal/worker/WorkerProcessContext;)V+114
j  org.gradle.api.internal.tasks.testing.worker.TestWorker.execute(Ljava/lang/Object;)V+9
j  org.gradle.process.internal.worker.child.ActionExecutionWorker.execute(Lorg/gradle/process/internal/worker/WorkerProcessContext;)V+94
j  org.gradle.process.internal.worker.child.SystemApplicationClassLoaderWorker.call()Ljava/lang/Void;+403
j  org.gradle.process.internal.worker.child.SystemApplicationClassLoaderWorker.call()Ljava/lang/Object;+5
j  worker.org.gradle.process.internal.worker.GradleWorkerMain.run()V+350
j  worker.org.gradle.process.internal.worker.GradleWorkerMain.main([Ljava/lang/String;)V+11
v  ~StubRoutines::call_stub 0x0000000115ce8154

siginfo: si_signo: 11 (SIGSEGV), si_code: 2 (SEGV_ACCERR), si_addr: 0x0000000000000008

Registers:
 x0=0x0000000000000000  x1=0x0000000000000000  x2=0x0000000776a20000  x3=0x0000000000000500
 x4=0x0000000000000000  x5=0x0000000000000000  x6=0x0000000000000000  x7=0x0000000000000000
 x8=0x0000000000000000  x9=0x0000000000000000 x10=0x0000000300000006 x11=0x000000f000000140
x12=0x0000000000000000 x13=0x0000000000008001 x14=0x0000000000000004 x15=0x000002000025f190
x16=0x0000000183be6a1c x17=0x00000001f13a38e0 x18=0x0000000000000000 x19=0x0000000000000000
x20=0x0000000000000000 x21=0x0000000000000500 x22=0x0000000776a20000 x23=0x000000016bebeab8
x24=0x0000000000000000 x25=0x000000016bebea30 x26=0x0000000000000140 x27=0x00000007777d48c0
x28=0x0000000104b45190  fp=0x000000016bebeaa0  lr=0x0000000125722e64  sp=0x000000016bebea30
pc=0x0000000125722e68 cpsr=0x0000000060000000

Register to memory mapping:

x0 =0x0 is null
x1 =0x0 is null
x2 =0x0000000776a20000 points into unknown readable memory: 0x0000000000000000 | 00 00 00 00 00 00 00 00
x3 =0x0000000000000500 is an unknown value
x4 =0x0 is null
x5 =0x0 is null
x6 =0x0 is null
x7 =0x0 is null
x8 =0x0 is null
x9 =0x0 is null
x10=0x0000000300000006 is an unknown value
x11=0x000000f000000140 is an unknown value
x12=0x0 is null
x13=0x0000000000008001 is an unknown value
x14=0x0000000000000004 is an unknown value
x15=0x000002000025f190 is pointing into metadata
x16=0x0000000183be6a1c: pthread_jit_write_protect_np+0 in /usr/lib/system/libsystem_pthread.dylib at 0x0000000183bdf000
x17=0x00000001f13a38e0 points into unknown readable memory: 0x0000000183bb5024 | 24 50 bb 83 01 00 00 00
x18=0x0 is null
x19=0x0 is null
x20=0x0 is null
x21=0x0000000000000500 is an unknown value
x22=0x0000000776a20000 points into unknown readable memory: 0x0000000000000000 | 00 00 00 00 00 00 00 00
x23=0x000000016bebeab8 is pointing into the stack for thread: 0x0000000104b45190
x24=0x0 is null
x25=0x000000016bebea30 is pointing into the stack for thread: 0x0000000104b45190
x26=0x0000000000000140 is an unknown value
x27=0x00000007777d48c0 points into unknown readable memory: 0xc0707d4300000029 | 29 00 00 00 43 7d 70 c0
x28=0x0000000104b45190 is a thread
 fp=0x000000016bebeaa0 is pointing into the stack for thread: 0x0000000104b45190
 lr=0x0000000125722e64: _ZNK8SkBitmap10readPixelsERK11SkImageInfoPvmii+0x4c in /Users/jaewoong/.skiko/skiko-macos-arm64-4b22275236c861e1288750f3022a5851440f1ba7dec227e6d428b5ee0899175a/libskiko-macos-arm64.dylib at 0x0000000125644000
 sp=0x000000016bebea30 is pointing into the stack for thread: 0x0000000104b45190

Top of Stack: (sp=0x000000016bebea30)
0x000000016bebea30:   0000000000000000 0000000000000000   ................
0x000000016bebea40:   0000000000000000 0000000000000000   ................
0x000000016bebea50:   0000000000000000 000000010a636140   ........@ac.....
0x000000016bebea60:   0000000000000140 00000000000000f0   @...............
0x000000016bebea70:   0000000000000006 0000000000000500   ................
0x000000016bebea80:   0000000000000000 0000000776a20000   ...........v....
0x000000016bebea90:   000000016bebec00 0000000104b455b8   ...k.....U......
0x000000016bebeaa0:   000000016bebeb20 0000000125663924    ..k....$9f%....
0x000000016bebeab0:   0000000000000000 00000007777d48c0   .........H}w....
0x000000016bebeac0:   0000000300000006 000000f000000140   ........@.......
0x000000016bebead0:   0000000104b45190 0000000316332528   .Q......(%3.....
0x000000016bebeae0:   000000011fe3ffc0 0000000000000016   ................
0x000000016bebeaf0:   000000016bebec58 0000000115ceca30   X..k....0.......
0x000000016bebeb00:   0000000000000000 000000010ae69ce8   ................
0x000000016bebeb10:   000000016bebeb30 0000000115cee440   0..k....@.......
0x000000016bebeb20:   000000016bebebe0 0000000115cf05f8   ...k............
0x000000016bebeb30:   0000000000000500 ffffffff00000000   ................
0x000000016bebeb40:   000000016bebec00 000000011f445510   ...k.....UD.....
0x000000016bebeb50:   0000000000000000 000000016bebeb50   ........P..k....
0x000000016bebeb60:   000000016bebebe0 0000000115cec910   ...k............
0x000000016bebeb70:   0000000303039a60 0000000000000001   `...............
0x000000016bebeb80:   00000003163fa908 00000000000000f0   ..?.............
0x000000016bebeb90:   fffffffffffffff6 0000000000000000   ................
0x000000016bebeba0:   000000000000000f 000000011fe3ffc0   ................
0x000000016bebebb0:   000000031638ddb0 fffffffffffffff4   ..8.............
0x000000016bebebc0:   0000000000000000 000000011fe43640   ........@6......
0x000000016bebebd0:   0000000000000000 000000016bebebd0   ...........k....
0x000000016bebebe0:   000000016bebecb0 0000000115cec910   ...k............
0x000000016bebebf0:   000000031638ddb0 0000000115cee440   ..8.....@.......
0x000000016bebec00:   00000003033b7ed0 0000000000000000   .~;.............
0x000000016bebec10:   0000000000000000 0000000000000500   ................
0x000000016bebec20:   00000007777d48c0 0000000000000000   .H}w............

Instructions: (pc=0x0000000125722e68)
  0x0000000125722d68:   e3 03 15 aa 3e 4f 02 94 34 01 00 b5 11 00 00 14
  0x0000000125722d78:   02 00 80 d2 e8 83 00 91 00 21 00 91 e1 62 00 91
  0x0000000125722d88:   e3 03 15 aa 36 4f 02 94 54 01 00 b4 88 62 00 91
  0x0000000125722d98:   09 00 80 12 08 01 e9 b8 1f 05 00 71 a1 00 00 54
  0x0000000125722da8:   88 0e 41 f8 08 09 40 f9 e0 03 14 aa 00 01 3f d6
  0x0000000125722db8:   e1 83 00 91 e0 03 13 aa 51 fb ff 97 e0 62 00 91
  0x0000000125722dc8:   8e 33 01 94 e0 13 40 f9 20 01 00 b4 08 60 00 91
  0x0000000125722dd8:   09 00 80 12 08 01 e9 b8 1f 05 00 71 81 00 00 54
  0x0000000125722de8:   08 0c 41 f8 08 09 40 f9 00 01 3f d6 e0 03 16 aa
  0x0000000125722df8:   fd 7b 4c a9 f4 4f 4b a9 f6 57 4a a9 f8 5f 49 a9
  0x0000000125722e08:   fa 67 48 a9 fc 6f 47 a9 ff 43 03 91 c0 03 5f d6
  0x0000000125722e18:   ff 03 02 d1 fa 67 03 a9 f8 5f 04 a9 f6 57 05 a9
  0x0000000125722e28:   f4 4f 06 a9 fd 7b 07 a9 fd c3 01 91 f3 03 05 aa
  0x0000000125722e38:   f4 03 04 aa f5 03 03 aa f6 03 02 aa f7 03 01 aa
  0x0000000125722e48:   f8 03 00 aa ff 7f 00 a9 f9 03 00 91 28 43 00 91
  0x0000000125722e58:   00 00 80 52 01 00 80 52 9e 34 01 94 e8 03 18 aa
=>0x0000000125722e68:   09 8d 40 f8 29 02 00 b4 00 01 c0 3d e0 03 80 3d
  0x0000000125722e78:   20 43 00 91 01 63 00 91 83 33 01 94 08 17 40 f9
  0x0000000125722e88:   e8 13 00 f9 e0 03 00 91 e1 03 17 aa e2 03 16 aa
  0x0000000125722e98:   e3 03 15 aa e4 03 14 aa e5 03 13 aa 0c 50 02 94
  0x0000000125722ea8:   f3 03 00 aa 02 00 00 14 13 00 80 52 20 43 00 91
  0x0000000125722eb8:   52 33 01 94 e0 03 13 aa fd 7b 47 a9 f4 4f 46 a9
  0x0000000125722ec8:   f6 57 45 a9 f8 5f 44 a9 fa 67 43 a9 ff 03 02 91
  0x0000000125722ed8:   c0 03 5f d6 ff 03 02 d1 fa 67 03 a9 f8 5f 04 a9
  0x0000000125722ee8:   f6 57 05 a9 f4 4f 06 a9 fd 7b 07 a9 fd c3 01 91
  0x0000000125722ef8:   f3 03 03 aa f4 03 02 aa f5 03 01 aa f8 03 00 aa
  0x0000000125722f08:   36 5c 40 a9 f9 03 00 91 ff 7f 00 a9 28 43 00 91
  0x0000000125722f18:   00 00 80 52 01 00 80 52 6e 34 01 94 e8 03 18 aa
  0x0000000125722f28:   09 8d 40 f8 29 02 00 b4 00 01 c0 3d e0 03 80 3d
  0x0000000125722f38:   20 43 00 91 01 63 00 91 53 33 01 94 08 17 40 f9
  0x0000000125722f48:   e8 13 00 f9 e0 03 00 91 a1 42 00 91 e2 03 16 aa
  0x0000000125722f58:   e3 03 17 aa e4 03 14 aa e5 03 13 aa dc 4f 02 94


Stack slot to memory mapping:

stack at sp + 0 slots: 0x0 is null
stack at sp + 1 slots: 0x0 is null
stack at sp + 2 slots: 0x0 is null
stack at sp + 3 slots: 0x0 is null
stack at sp + 4 slots: 0x0 is null
stack at sp + 5 slots: 0x000000010a636140: jni_GetByteArrayElements+0x248 in /Applications/Android Studio.app/Contents/jbr/Contents/Home/lib/server/libjvm.dylib at 0x000000010a0d0000
stack at sp + 6 slots: 0x0000000000000140 is an unknown value
stack at sp + 7 slots: 0x00000000000000f0 is an unknown value

Lock stack of current Java thread (top to bottom):


Compiled method (c1) 1333 3593   !   3       jdk.internal.reflect.DirectMethodHandleAccessor::invoke (92 bytes)
 total in heap  [0x000000010e8bdbc8,0x000000010e8c0760] = 11160
 main code      [0x000000010e8bdcc0,0x000000010e8c03c0] = 9984
 stub code      [0x000000010e8c03c0,0x000000010e8c0728] = 872
 oops           [0x000000010e8c0728,0x000000010e8c0760] = 56
 mutable data [0x00000007766a4600,0x00000007766a4bf8] = 1528
 relocation     [0x00000007766a4600,0x00000007766a4ac8] = 1224
 metadata       [0x00000007766a4ac8,0x00000007766a4bf8] = 304
 immutable data [0x0000000772dda000,0x0000000772ddb1e0] = 4576
 dependencies   [0x0000000772dda000,0x0000000772dda020] = 32
 nul chk table  [0x0000000772dda020,0x0000000772dda0c0] = 160
 handler table  [0x0000000772dda0c0,0x0000000772dda840] = 1920
 scopes pcs     [0x0000000772dda840,0x0000000772ddad90] = 1360
 scopes data    [0x0000000772ddad90,0x0000000772ddb1e0] = 1104

[Constant Pool (empty)]

[MachCode]
[Instructions begin]
  0x000000010e8bdcc0: 1f20 03d5 | 1f20 03d5 | 1f20 03d5 | 1f20 03d5 | 1f20 03d5 | 1f20 03d5 | 1f20 03d5 | 1f20 03d5 
  0x000000010e8bdce0: 1f20 03d5 | 1f20 03d5 | 1f20 03d5 
[Entry Point]
  # {method} {0x000000011e4ce860} 'invoke' '(Ljava/lang/Object;[Ljava/lang/Object;)Ljava/lang/Object;' in 'jdk/internal/reflect/DirectMethodHandleAccessor'
  # this:     c_rarg1:c_rarg1 
                        = 'jdk/internal/reflect/DirectMethodHandleAccessor'
  # parm0:    c_rarg2:c_rarg2 
                        = 'java/lang/Object'
  # parm1:    c_rarg3:c_rarg3 
                        = '[Ljava/lang/Object;'
  #           [sp+0x110]  (sp of caller)
  0x000000010e8bdcec: 2808 40b9 | 2a09 40b9 | 1f01 0a6b | 4000 0054 

  0x000000010e8bdcfc: ;   {runtime_call Shared Runtime ic_miss_blob}
  0x000000010e8bdcfc: c195 d115 
[Verified Entry Point]
  0x000000010e8bdd00: 1f20 03d5 | e953 40d1 | 3f01 00f9 | ff43 04d1 | fd7b 10a9 | 2801 0018 | 8923 40b9 | 1f01 09eb 
  0x000000010e8bdd20: e000 0054 

  0x000000010e8bdd24: ;   {runtime_call Stub::method_entry_barrier}
  0x000000010e8bdd24: 0868 93d2 | 28ba a2f2 | 2800 c0f2 | 0001 3fd6 | 0200 0014 | 0300 0000 | fd03 01aa | fd5f 00f9 
  0x000000010e8bdd44: e357 00f9 

  0x000000010e8bdd48: ;   {metadata(method data for {method} {0x000000011e4ce860} 'invoke' '(Ljava/lang/Object;[Ljava/lang/Object;)Ljava/lang/Object;' in 'jdk/internal/reflect/DirectMethodHandleAccessor')}
  0x000000010e8bdd48: 0129 88d2 | 81ef a3f2 | 2100 c0f2 | 2090 40b9 | 0008 0011 | 2090 00b9 | 0024 1f12 | 1f00 0071 
  0x000000010e8bdd68: 0013 0154 | e103 1daa 

  0x000000010e8bdd70: ;   {metadata(method data for {method} {0x000000011e4ce860} 'invoke' '(Ljava/lang/Object;[Ljava/lang/Object;)Ljava/lang/Object;' in 'jdk/internal/reflect/DirectMethodHandleAccessor')}
  0x000000010e8bdd70: 0029 88d2 | 80ef a3f2 | 2000 c0f2 | 086c 40f9 | 0805 0091 | 086c 00f9 

  0x000000010e8bdd88: ;   {metadata(method data for {method} {0x000000011e4cedd0} 'isStatic' '()Z' in 'jdk/internal/reflect/DirectMethodHandleAccessor')}
  0x000000010e8bdd88: 0102 88d2 | 81ef a3f2 | 2100 c0f2 | 2090 40b9 | 0008 0011 | 2090 00b9 | 004c 1f12 | 1f00 0071 
  0x000000010e8bdda8: 0012 0154 | a113 40b9 | 2100 1712 | 3f00 0871 

  0x000000010e8bddb8: ;   {metadata(method data for {method} {0x000000011e4cedd0} 'isStatic' '()Z' in 'jdk/internal/reflect/DirectMethodHandleAccessor')}
  0x000000010e8bddb8: 0102 88d2 | 81ef a3f2 | 2100 c0f2 | 081b 80d2 | 091d 80d2 | 0011 899a | 2468 60f8 | 8404 0091 
  0x000000010e8bddd8: 2468 20f8 | 2101 0054 

  0x000000010e8bdde0: ;   {metadata(method data for {method} {0x000000011e4cedd0} 'isStatic' '()Z' in 'jdk/internal/reflect/DirectMethodHandleAccessor')}
  0x000000010e8bdde0: 0102 88d2 | 81ef a3f2 | 2100 c0f2 | 207c 40f9 | 0004 0091 | 207c 00f9 | e103 0032 | 0200 0014 
  0x000000010e8bde00: 0100 a052 | 2100 0012 | 3f00 0071 

  0x000000010e8bde0c: ;   {metadata(method data for {method} {0x000000011e4ce860} 'invoke' '(Ljava/lang/Object;[Ljava/lang/Object;)Ljava/lang/Object;' in 'jdk/internal/reflect/DirectMethodHandleAccessor')}
  0x000000010e8bde0c: 0129 88d2 | 81ef a3f2 | 2100 c0f2 | 0823 80d2 | 0921 80d2 | 0001 899a | 2468 60f8 | 8404 0091 
  0x000000010e8bde2c: 2468 20f8 | 6000 0054 | e25b 00f9 | 1000 0014 | e103 1daa 

  0x000000010e8bde40: ;   {metadata(method data for {method} {0x000000011e4ce860} 'invoke' '(Ljava/lang/Object;[Ljava/lang/Object;)Ljava/lang/Object;' in 'jdk/internal/reflect/DirectMethodHandleAccessor')}
  0x000000010e8bde40: 0029 88d2 | 80ef a3f2 | 2000 c0f2 | 0894 40f9 | 0805 0091 | 0894 00f9 | e003 02aa | e203 00aa 
  0x000000010e8bde60: e103 1daa | e05b 00f9 

  0x000000010e8bde68: ; ImmutableOopMap {rfp=Oop [168]=Oop [176]=Oop [184]=Oop }
                      ;*invokevirtual checkReceiver {reexecute=0 rethrow=0 return_oop=0}
                      ; - jdk.internal.reflect.DirectMethodHandleAccessor::invoke@9
                      ;   {optimized virtual_call}
  0x000000010e8bde68: de09 0094 

  0x000000010e8bde6c: ;   {post_call_nop}
  0x000000010e8bde6c: 1f20 03d5 | 9f54 80f2 | 1f00 80f2 | a10f 40b9 

  0x000000010e8bde7c: ;   {metadata(method data for {method} {0x000000011e4ce860} 'invoke' '(Ljava/lang/Object;[Ljava/lang/Object;)Ljava/lang/Object;' in 'jdk/internal/reflect/DirectMethodHandleAccessor')}
  0x000000010e8bde7c: 0229 88d2 | 82ef a3f2 | 2200 c0f2 | 48ac 40f9 | 0805 0091 | 48ac 00f9 | e257 40f9 

  0x000000010e8bde98: ; ImmutableOopMap {rfp=Oop [168]=Oop [176]=Oop [184]=Oop }
                      ;*invokestatic checkArgumentCount {reexecute=0 rethrow=0 return_oop=0}
                      ; - jdk.internal.reflect.DirectMethodHandleAccessor::invoke@17
                      ;   {static_call}
  0x000000010e8bde98: da09 0094 

  0x000000010e8bde9c: ;   {post_call_nop}
  0x000000010e8bde9c: 1f20 03d5 | 9f5a 80f2 | 1f20 80f2 | e103 1daa 

  0x000000010e8bdeac: ;   {metadata(method data for {method} {0x000000011e4ce860} 'invoke' '(Ljava/lang/Object;[Ljava/lang/Object;)Ljava/lang/Object;' in 'jdk/internal/reflect/DirectMethodHandleAccessor')}
  0x000000010e8bdeac: 0029 88d2 | 80ef a3f2 | 2000 c0f2 | 08b4 40f9 | 0805 0091 | 08b4 00f9 

  0x000000010e8bdec4: ;   {metadata(method data for {method} {0x000000011e4ceb68} 'invokeImpl' '(Ljava/lang/Object;[Ljava/lang/Object;)Ljava/lang/Object;' in 'jdk/internal/reflect/DirectMethodHandleAccessor')}
  0x000000010e8bdec4: 0141 89d2 | 81ef a3f2 | 2100 c0f2 | 2090 40b9 | 0008 0011 | 2090 00b9 | 004c 1f12 | 1f00 0071 
  0x000000010e8bdee4: 2009 0154 | a10f 40b9 

  0x000000010e8bdeec: ;   {metadata(method data for {method} {0x000000011e4ceb68} 'invokeImpl' '(Ljava/lang/Object;[Ljava/lang/Object;)Ljava/lang/Object;' in 'jdk/internal/reflect/DirectMethodHandleAccessor')}
  0x000000010e8bdeec: 0041 89d2 | 80ef a3f2 | 2000 c0f2 | e20b 7bb2 | 3f00 0071 | e303 02aa | e80f 7cb2 | 0201 839a 
  0x000000010e8bdf0c: 3f04 0071 | e303 02aa | e803 78b2 | 0201 839a | 3f08 0071 | e303 02aa | 0822 80d2 | 0201 839a 
  0x000000010e8bdf2c: 3f0c 0071 | e303 02aa | 0824 80d2 | 0201 839a | 0368 62f8 | 6304 0091 | 0368 22f8 | 3f00 0071 
  0x000000010e8bdf4c: 80b1 0054 | 3f04 0071 | 0081 0054 | 3f08 0071 | 4044 0054 | 3f0c 0071 | 002f 0054 | e25b 40f9 
  0x000000010e8bdf6c: a01b 40b9 | 00f0 7dd3 | e063 00f9 

  0x000000010e8bdf78: ;   {metadata(method data for {method} {0x000000011e4ceb68} 'invokeImpl' '(Ljava/lang/Object;[Ljava/lang/Object;)Ljava/lang/Object;' in 'jdk/internal/reflect/DirectMethodHandleAccessor')}
  0x000000010e8bdf78: 0141 89d2 | 81ef a3f2 | 2100 c0f2 | 21e0 0c91 | e303 02aa | a300 00b5 | 2904 40f9 | 2901 40b2 
  0x000000010e8bdf98: 2904 00f9 | 1600 0014 | 6308 40b9 | 6300 57d2 | 2904 40f9 | 6300 09ca | 68f4 7e92 | 0802 00b4 
  0x000000010e8bdfb8: e301 0837 | a901 00b4 | 3f05 00f1 | 6001 0054 | bf39 03d5 | 6300 09ca | 2904 40f9 | 6300 09ca 
  0x000000010e8bdfd8: 68f4 7e92 | c800 00b4 | 2904 40f9 | 2901 7fb2 | 2904 00f9 | 0200 0014 | 2304 00f9 

  0x000000010e8bdff4: ;   {metadata(method data for {method} {0x000000011e421218} 'invokeExact_MT' '(Ljava/lang/Object;Ljava/lang/Object;Ljava/lang/Object;Ljava/lang/Object;)Ljava/lang/Object;' in 'java/lang/invoke/Invokers$Holder')}
  0x000000010e8bdff4: 0112 98d2 | 01df a3f2 | 2100 c0f2 | 21a0 0991 | e303 00aa | a300 00b5 | 2900 40f9 | 2901 40b2 
  0x000000010e8be014: 2900 00f9 | 0b00 0014 | 6308 40b9 | 6300 57d2 | 2900 40f9 | 6300 09ca | 68f4 7e92 | a800 00b4 
  0x000000010e8be034: 8300 0837 | 2900 40f9 | 2901 7fb2 | 2900 00f9 | e303 02aa | 8300 00b5 | 2908 40f9 | 2901 40b2 
  0x000000010e8be054: 2908 00f9 

  0x000000010e8be058: ;   {metadata(method data for {method} {0x000000011e4ceb68} 'invokeImpl' '(Ljava/lang/Object;[Ljava/lang/Object;)Ljava/lang/Object;' in 'jdk/internal/reflect/DirectMethodHandleAccessor')}
  0x000000010e8be058: 0141 89d2 | 81ef a3f2 | 2100 c0f2 | 2884 41f9 | 0805 0091 | 2884 01f9 

  0x000000010e8be070: ;   {metadata(method data for {method} {0x000000011e421218} 'invokeExact_MT' '(Ljava/lang/Object;Ljava/lang/Object;Ljava/lang/Object;Ljava/lang/Object;)Ljava/lang/Object;' in 'java/lang/invoke/Invokers$Holder')}
  0x000000010e8be070: 0112 98d2 | 01df a3f2 | 2100 c0f2 | 2390 40b9 | 6308 0011 | 2390 00b9 | 634c 1f12 | 7f00 0071 
  0x000000010e8be090: c0fc 0054 

  0x000000010e8be094: ;   {metadata(method data for {method} {0x000000011e421218} 'invokeExact_MT' '(Ljava/lang/Object;Ljava/lang/Object;Ljava/lang/Object;Ljava/lang/Object;)Ljava/lang/Object;' in 'java/lang/invoke/Invokers$Holder')}
  0x000000010e8be094: 0112 98d2 | 01df a3f2 | 2100 c0f2 | 2120 0591 | e303 00aa | a300 00b5 | 2904 40f9 | 2901 40b2 
  0x000000010e8be0b4: 2904 00f9 | 0b00 0014 | 6308 40b9 | 6300 57d2 | 2904 40f9 | 6300 09ca | 68f4 7e92 | a800 00b4 
  0x000000010e8be0d4: 8300 0837 | 2904 40f9 | 2901 7fb2 | 2904 00f9 

  0x000000010e8be0e4: ;   {metadata(method data for {method} {0x000000011e421218} 'invokeExact_MT' '(Ljava/lang/Object;Ljava/lang/Object;Ljava/lang/Object;Ljava/lang/Object;)Ljava/lang/Object;' in 'java/lang/invoke/Invokers$Holder')}
  0x000000010e8be0e4: 0112 98d2 | 01df a3f2 | 2100 c0f2 | 289c 40f9 | 0805 0091 | 289c 00f9 

  0x000000010e8be0fc: ;   {metadata(method data for {method} {0x000000011e3c4a50} 'checkExactType' '(Ljava/lang/invoke/MethodHandle;Ljava/lang/invoke/MethodType;)V' in 'java/lang/invoke/Invokers')}
  0x000000010e8be0fc: 01af 8cd2 | e1de a3f2 | 2100 c0f2 | 2390 40b9 | 6308 0011 | 2390 00b9 | 634c 1f12 | 7f00 0071 
  0x000000010e8be11c: 60f9 0054 

  0x000000010e8be120: ; implicit exception: dispatches to 0x000000010e8c0068
  0x000000010e8be120: 1f00 40f9 | e103 00aa 

  0x000000010e8be128: ;   {metadata(method data for {method} {0x000000011e3c4a50} 'checkExactType' '(Ljava/lang/invoke/MethodHandle;Ljava/lang/invoke/MethodType;)V' in 'java/lang/invoke/Invokers')}
  0x000000010e8be128: 03af 8cd2 | e3de a3f2 | 2300 c0f2 | 2108 40b9 | 2100 57d2 | 6870 40f9 | 3f00 08eb | a100 0054 
  0x000000010e8be148: 6874 40f9 | 0805 0091 | 6874 00f9 | 1700 0014 | 6878 40f9 | 3f00 08eb | a100 0054 | 687c 40f9 
  0x000000010e8be168: 0805 0091 | 687c 00f9 | 1000 0014 | 6870 40f9 | a800 00b5 | 6170 00f9 | e803 40b2 | 6874 00f9 
  0x000000010e8be188: 0a00 0014 | 6878 40f9 | a800 00b5 | 6178 00f9 | e803 40b2 | 687c 00f9 | 0400 0014 | 686c 40f9 
  0x000000010e8be1a8: 0805 0091 | 686c 00f9 | 0110 40b9 | 21f0 7dd3 

  0x000000010e8be1b8: ;   {oop(a 'java/lang/invoke/MethodType'{0x0000000315f99a38} = (Ljava/lang/Object;[Ljava/lang/Object;)Ljava/lang/Object;)}
  0x000000010e8be1b8: 0347 93d2 | 23bf a2f2 | 6300 c0f2 | 3f00 03eb 

  0x000000010e8be1c8: ;   {metadata(method data for {method} {0x000000011e3c4a50} 'checkExactType' '(Ljava/lang/invoke/MethodHandle;Ljava/lang/invoke/MethodType;)V' in 'java/lang/invoke/Invokers')}
  0x000000010e8be1c8: 03af 8cd2 | e3de a3f2 | 2300 c0f2 | 0823 80d2 | 0921 80d2 | 0411 899a | 6568 64f8 | a504 0091 
  0x000000010e8be1e8: 6568 24f8 | 01cd 0054 

  0x000000010e8be1f0: ;   {metadata(method data for {method} {0x000000011e421218} 'invokeExact_MT' '(Ljava/lang/Object;Ljava/lang/Object;Ljava/lang/Object;Ljava/lang/Object;)Ljava/lang/Object;' in 'java/lang/invoke/Invokers$Holder')}
  0x000000010e8be1f0: 0112 98d2 | 01df a3f2 | 2100 c0f2 | 2100 0691 | e303 00aa | 6308 40b9 | 6300 57d2 | 2904 40f9 
  0x000000010e8be210: 6300 09ca | 68f4 7e92 | a800 00b4 | 8300 0837 | 2904 40f9 | 2901 7fb2 | 2904 00f9 

  0x000000010e8be22c: ;   {metadata(method data for {method} {0x000000011e421218} 'invokeExact_MT' '(Ljava/lang/Object;Ljava/lang/Object;Ljava/lang/Object;Ljava/lang/Object;)Ljava/lang/Object;' in 'java/lang/invoke/Invokers$Holder')}
  0x000000010e8be22c: 0112 98d2 | 01df a3f2 | 2100 c0f2 | 28b8 40f9 | 0805 0091 | 28b8 00f9 

  0x000000010e8be244: ;   {metadata(method data for {method} {0x000000011e3c5140} 'checkCustomized' '(Ljava/lang/invoke/MethodHandle;)V' in 'java/lang/invoke/Invokers')}
  0x000000010e8be244: 01ed 89d2 | e1de a3f2 | 2100 c0f2 | 2390 40b9 | 6308 0011 | 2390 00b9 | 634c 1f12 | 7f00 0071 
  0x000000010e8be264: 40f0 0054 

  0x000000010e8be268: ;   {metadata(method data for {method} {0x000000011e3c5140} 'checkCustomized' '(Ljava/lang/invoke/MethodHandle;)V' in 'java/lang/invoke/Invokers')}
  0x000000010e8be268: 01ed 89d2 | e1de a3f2 | 2100 c0f2 | 286c 40f9 | 0805 0091 | 286c 00f9 

  0x000000010e8be280: ;   {metadata(method data for {method} {0x000000011e09b8f0} 'isCompileConstant' '(Ljava/lang/Object;)Z' in 'java/lang/invoke/MethodHandleImpl')}
  0x000000010e8be280: 011c 8ad2 | e1de a3f2 | 2100 c0f2 | 2390 40b9 | 6308 0011 | 2390 00b9 | 634c 1f12 | 7f00 0071 
  0x000000010e8be2a0: 60ef 0054 

  0x000000010e8be2a4: ;   {metadata(method data for {method} {0x000000011e3c5140} 'checkCustomized' '(Ljava/lang/invoke/MethodHandle;)V' in 'java/lang/invoke/Invokers')}
  0x000000010e8be2a4: 01ed 89d2 | e1de a3f2 | 2100 c0f2 | 2374 40f9 | 6304 0091 | 2374 00f9 | 0114 40b9 | 21f0 7dd3 
  0x000000010e8be2c4: ; implicit exception: dispatches to 0x000000010e8c00ac
  0x000000010e8be2c4: 211c 40b9 | 21f0 7dd3 | e303 1faa | 3f00 03eb 

  0x000000010e8be2d4: ;   {metadata(method data for {method} {0x000000011e3c5140} 'checkCustomized' '(Ljava/lang/invoke/MethodHandle;)V' in 'java/lang/invoke/Invokers')}
  0x000000010e8be2d4: 01ed 89d2 | e1de a3f2 | 2100 c0f2 | 0823 80d2 | 0921 80d2 | 0301 899a | 2468 63f8 | 8404 0091 
  0x000000010e8be2f4: 2468 23f8 | 6000 0054 | fd03 02aa | 0d00 0014 

  0x000000010e8be304: ;   {metadata(method data for {method} {0x000000011e3c5140} 'checkCustomized' '(Ljava/lang/invoke/MethodHandle;)V' in 'java/lang/invoke/Invokers')}
  0x000000010e8be304: 01ed 89d2 | e1de a3f2 | 2100 c0f2 | 2894 40f9 | 0805 0091 | 2894 00f9 | e103 00aa | fd03 02aa 
  0x000000010e8be324: ; ImmutableOopMap {rfp=Oop [168]=Oop [184]=Oop [192]=Oop }
                      ;*invokestatic maybeCustomize {reexecute=0 rethrow=0 return_oop=0}
                      ; - java.lang.invoke.Invokers::checkCustomized@19
                      ; - java.lang.invoke.Invokers$Holder::invokeExact_MT@14
                      ; - jdk.internal.reflect.DirectMethodHandleAccessor::invokeImpl@104
                      ; - jdk.internal.reflect.DirectMethodHandleAccessor::invoke@23
                      ;   {static_call}
  0x000000010e8be324: b795 d195 

  0x000000010e8be328: ;   {post_call_nop}
  0x000000010e8be328: 1f20 03d5 | 1fec 80f2 | 1f40 80f2 | e357 40f9 

  0x000000010e8be338: ;   {metadata(method data for {method} {0x000000011e421218} 'invokeExact_MT' '(Ljava/lang/Object;Ljava/lang/Object;Ljava/lang/Object;Ljava/lang/Object;)Ljava/lang/Object;' in 'java/lang/invoke/Invokers$Holder')}
  0x000000010e8be338: 0212 98d2 | 02df a3f2 | 2200 c0f2 | 4220 0791 | e103 1daa | 8100 00b5 | 4904 40f9 | 2901 40b2 
  0x000000010e8be358: 4904 00f9 | e103 03aa | a100 00b5 | 490c 40f9 | 2901 40b2 | 490c 00f9 | 0b00 0014 | 2108 40b9 
  0x000000010e8be378: 2100 57d2 | 490c 40f9 | 2100 09ca | 28f4 7e92 | a800 00b4 | 8100 0837 | 490c 40f9 | 2901 7fb2 
  0x000000010e8be398: 490c 00f9 | e063 40f9 

  0x000000010e8be3a0: ;   {metadata(method data for {method} {0x000000011e421218} 'invokeExact_MT' '(Ljava/lang/Object;Ljava/lang/Object;Ljava/lang/Object;Ljava/lang/Object;)Ljava/lang/Object;' in 'java/lang/invoke/Invokers$Holder')}
  0x000000010e8be3a0: 0212 98d2 | 02df a3f2 | 2200 c0f2 | 0008 40b9 | 0000 57d2 | 48d0 40f9 | 1f00 08eb | a100 0054 
  0x000000010e8be3c0: 48d4 40f9 | 0805 0091 | 48d4 00f9 | 1700 0014 | 48d8 40f9 | 1f00 08eb | a100 0054 | 48dc 40f9 
  0x000000010e8be3e0: 0805 0091 | 48dc 00f9 | 1000 0014 | 48d0 40f9 | a800 00b5 | 40d0 00f9 | e803 40b2 | 48d4 00f9 
  0x000000010e8be400: 0a00 0014 | 48d8 40f9 | a800 00b5 | 40d8 00f9 | e803 40b2 | 48dc 00f9 | 0400 0014 | 48cc 40f9 
  0x000000010e8be420: 0805 0091 | 48cc 00f9 | e203 1daa | e163 40f9 

  0x000000010e8be430: ; ImmutableOopMap {[184]=Oop }
                      ;*invokevirtual invokeBasic {reexecute=0 rethrow=0 return_oop=0}
                      ; - java.lang.invoke.Invokers$Holder::invokeExact_MT@20
                      ; - jdk.internal.reflect.DirectMethodHandleAccessor::invokeImpl@104
                      ; - jdk.internal.reflect.DirectMethodHandleAccessor::invoke@23
                      ;   {optimized virtual_call}
  0x000000010e8be430: 7494 d195 

  0x000000010e8be434: ;   {post_call_nop}
  0x000000010e8be434: 1f20 03d5 | 9f0d 81f2 | 1f60 80f2 

  0x000000010e8be440: ;   {metadata(method data for {method} {0x000000011e421218} 'invokeExact_MT' '(Ljava/lang/Object;Ljava/lang/Object;Ljava/lang/Object;Ljava/lang/Object;)Ljava/lang/Object;' in 'java/lang/invoke/Invokers$Holder')}
  0x000000010e8be440: 0212 98d2 | 02df a3f2 | 2200 c0f2 | 42a0 0791 | e303 00aa | 4300 00b5 | 1600 0014 | 6308 40b9 
  0x000000010e8be460: 6300 57d2 | 4900 40f9 | 6300 09ca | 68f4 7e92 | 0802 00b4 | e301 0837 | a901 00b4 | 3f05 00f1 
  0x000000010e8be480: 6001 0054 | bf39 03d5 | 6300 09ca | 4900 40f9 | 6300 09ca | 68f4 7e92 | c800 00b4 | 4900 40f9 
  0x000000010e8be4a0: 2901 7fb2 | 4900 00f9 | 0200 0014 | 4300 00f9 

  0x000000010e8be4b0: ;   {metadata(method data for {method} {0x000000011e4ceb68} 'invokeImpl' '(Ljava/lang/Object;[Ljava/lang/Object;)Ljava/lang/Object;' in 'jdk/internal/reflect/DirectMethodHandleAccessor')}
  0x000000010e8be4b0: 0241 89d2 | 82ef a3f2 | 2200 c0f2 | 4260 0d91 | e303 00aa | a300 00b5 | 4900 40f9 | 2901 40b2 
  0x000000010e8be4d0: 4900 00f9 | 1600 0014 | 6308 40b9 | 6300 57d2 | 4900 40f9 | 6300 09ca | 68f4 7e92 | 0802 00b4 
  0x000000010e8be4f0: e301 0837 | a901 00b4 | 3f05 00f1 | 6001 0054 | bf39 03d5 | 6300 09ca | 4900 40f9 | 6300 09ca 
  0x000000010e8be510: 68f4 7e92 | c800 00b4 | 4900 40f9 | 2901 7fb2 | 4900 00f9 | 0200 0014 | 4300 00f9 | fd7b 50a9 
  0x000000010e8be530: ff43 0491 

  0x000000010e8be534: ;   {poll_return}
  0x000000010e8be534: 8817 40f9 | ff63 28eb | a8db 0054 | c003 5fd6 | e357 40f9 | e003 1daa | fd5b 40f9 | 0118 40b9 
  0x000000010e8be554: 21f0 7dd3 

  0x000000010e8be558: ; implicit exception: dispatches to 0x000000010e8c00bc
  0x000000010e8be558: 620c 40b9 | 5f00 0071 | 09db 0054 | 6410 40b9 | 84f0 7dd3 | 620c 40b9 | 5f04 0071 | 29db 0054 
  0x000000010e8be578: 6514 40b9 | a5f0 7dd3 | 620c 40b9 | 5f08 0071 | 49db 0054 | 6618 40b9 | c6f0 7dd3 

  0x000000010e8be594: ; ImmutableOopMap {c_rarg0=Oop rfp=Oop c_rarg1=Oop c_rarg4=Oop c_rarg5=Oop c_rarg6=Oop [184]=Oop }
                      ;*invokevirtual invokeExact {reexecute=0 rethrow=0 return_oop=0}
                      ; - jdk.internal.reflect.DirectMethodHandleAccessor::invokeImpl@92
                      ; - jdk.internal.reflect.DirectMethodHandleAccessor::invoke@23
                      ;   {runtime_call C1 Runtime load_appendix_patching_blob}
  0x000000010e8be594: 5b6d d495 

  0x000000010e8be598: ; implicit exception: dispatches to 0x000000010e8c0108
  0x000000010e8be598: 3f00 40f9 

  0x000000010e8be59c: ;   {metadata(method data for {method} {0x000000011e4ceb68} 'invokeImpl' '(Ljava/lang/Object;[Ljava/lang/Object;)Ljava/lang/Object;' in 'jdk/internal/reflect/DirectMethodHandleAccessor')}
  0x000000010e8be59c: 0241 89d2 | 82ef a3f2 | 2200 c0f2 | 4200 0b91 | e303 1daa | a300 00b5 | 4904 40f9 | 2901 40b2 
  0x000000010e8be5bc: 4904 00f9 | 1600 0014 | 6308 40b9 | 6300 57d2 | 4904 40f9 | 6300 09ca | 68f4 7e92 | 0802 00b4 
  0x000000010e8be5dc: e301 0837 | a901 00b4 | 3f05 00f1 | 6001 0054 | bf39 03d5 | 6300 09ca | 4904 40f9 | 6300 09ca 
  0x000000010e8be5fc: 68f4 7e92 | c800 00b4 | 4904 40f9 | 2901 7fb2 | 4904 00f9 | 0200 0014 | 4304 00f9 | e303 04aa 
  0x000000010e8be61c: a300 00b5 | 490c 40f9 | 2901 40b2 | 490c 00f9 | 1600 0014 | 6308 40b9 | 6300 57d2 | 490c 40f9 
  0x000000010e8be63c: 6300 09ca | 68f4 7e92 | 0802 00b4 | e301 0837 | a901 00b4 | 3f05 00f1 | 6001 0054 | bf39 03d5 
  0x000000010e8be65c: 6300 09ca | 490c 40f9 | 6300 09ca | 68f4 7e92 | c800 00b4 | 490c 40f9 | 2901 7fb2 | 490c 00f9 
  0x000000010e8be67c: 0200 0014 | 430c 00f9 | e203 01aa 

  0x000000010e8be688: ;   {metadata(method data for {method} {0x000000011e4ceb68} 'invokeImpl' '(Ljava/lang/Object;[Ljava/lang/Object;)Ljava/lang/Object;' in 'jdk/internal/reflect/DirectMethodHandleAccessor')}
  0x000000010e8be688: 0341 89d2 | 83ef a3f2 | 2300 c0f2 | 4208 40b9 | 4200 57d2 | 684c 41f9 | 5f00 08eb | a100 0054 
  0x000000010e8be6a8: 6850 41f9 | 0805 0091 | 6850 01f9 | 1700 0014 | 6854 41f9 | 5f00 08eb | a100 0054 | 6858 41f9 
  0x000000010e8be6c8: 0805 0091 | 6858 01f9 | 1000 0014 | 684c 41f9 | a800 00b5 | 624c 01f9 | e803 40b2 | 6850 01f9 
  0x000000010e8be6e8: 0a00 0014 | 6854 41f9 | a800 00b5 | 6254 01f9 | e803 40b2 | 6858 01f9 | 0400 0014 | 6848 41f9 
  0x000000010e8be708: 0805 0091 | 6848 01f9 | e203 1daa | e303 04aa | e403 05aa | e503 06aa | e603 07aa | fd03 00aa 
  0x000000010e8be728: ; ImmutableOopMap {rfp=Oop [184]=Oop }
                      ;*invokevirtual invokeExact {reexecute=0 rethrow=0 return_oop=0}
                      ; - jdk.internal.reflect.DirectMethodHandleAccessor::invokeImpl@92
                      ; - jdk.internal.reflect.DirectMethodHandleAccessor::invoke@23
                      ;   {optimized virtual_call}
  0x000000010e8be728: b693 d195 

  0x000000010e8be72c: ;   {post_call_nop}
  0x000000010e8be72c: 1f20 03d5 | 9f6c 81f2 | 1fa0 80f2 

  0x000000010e8be738: ;   {metadata(method data for {method} {0x000000011e4ceb68} 'invokeImpl' '(Ljava/lang/Object;[Ljava/lang/Object;)Ljava/lang/Object;' in 'jdk/internal/reflect/DirectMethodHandleAccessor')}
  0x000000010e8be738: 0141 89d2 | 81ef a3f2 | 2100 c0f2 | 2180 0b91 | e203 00aa | a200 00b5 | 2900 40f9 | 2901 40b2 
  0x000000010e8be758: 2900 00f9 | 1600 0014 | 4208 40b9 | 4200 57d2 | 2900 40f9 | 4200 09ca | 48f4 7e92 | 0802 00b4 
  0x000000010e8be778: e201 0837 | a901 00b4 | 3f05 00f1 | 6001 0054 | bf39 03d5 | 4200 09ca | 2900 40f9 | 4200 09ca 
  0x000000010e8be798: 48f4 7e92 | c800 00b4 | 2900 40f9 | 2901 7fb2 | 2900 00f9 | 0200 0014 | 2200 00f9 

  0x000000010e8be7b4: ;   {metadata(method data for {method} {0x000000011e4ceb68} 'invokeImpl' '(Ljava/lang/Object;[Ljava/lang/Object;)Ljava/lang/Object;' in 'jdk/internal/reflect/DirectMethodHandleAccessor')}
  0x000000010e8be7b4: 0141 89d2 | 81ef a3f2 | 2100 c0f2 | 2278 41f9 | 4204 0091 | 2278 01f9 | fd7b 50a9 | ff43 0491 
  0x000000010e8be7d4: ;   {poll_return}
  0x000000010e8be7d4: 8817 40f9 | ff63 28eb | 88c9 0054 | c003 5fd6 | e357 40f9 | e003 1daa | fd5b 40f9 | 0218 40b9 
  0x000000010e8be7f4: 42f0 7dd3 | e26b 00f9 

  0x000000010e8be7fc: ; implicit exception: dispatches to 0x000000010e8c0118
  0x000000010e8be7fc: 610c 40b9 | 3f00 0071 | c9c8 0054 | 6410 40b9 | 84f0 7dd3 | e467 00f9 | 610c 40b9 | 3f04 0071 
  0x000000010e8be81c: c9c8 0054 | 6314 40b9 | 63f0 7dd3 | e36f 00f9 

  0x000000010e8be82c: ;   {metadata(method data for {method} {0x000000011e4ceb68} 'invokeImpl' '(Ljava/lang/Object;[Ljava/lang/Object;)Ljava/lang/Object;' in 'jdk/internal/reflect/DirectMethodHandleAccessor')}
  0x000000010e8be82c: 0141 89d2 | 81ef a3f2 | 2100 c0f2 | 2120 0991 | e503 1daa | a500 00b5 | 2904 40f9 | 2901 40b2 
  0x000000010e8be84c: 2904 00f9 | 1600 0014 | a508 40b9 | a500 57d2 | 2904 40f9 | a500 09ca | a8f4 7e92 | 0802 00b4 
  0x000000010e8be86c: e501 0837 | a901 00b4 | 3f05 00f1 | 6001 0054 | bf39 03d5 | a500 09ca | 2904 40f9 | a500 09ca 
  0x000000010e8be88c: a8f4 7e92 | c800 00b4 | 2904 40f9 | 2901 7fb2 | 2904 00f9 | 0200 0014 | 2504 00f9 

  0x000000010e8be8a8: ;   {metadata(method data for {method} {0x000000011e703ab0} 'invokeExact_MT' '(Ljava/lang/Object;Ljava/lang/Object;Ljava/lang/Object;Ljava/lang/Object;Ljava/lang/Object;)Ljava/lang/Object;' in 'java/lang/invoke/LambdaForm$MH+0x00000200000c2000')}
  0x000000010e8be8a8: 01aa 87d2 | 01ce a3f2 | 2100 c0f2 | 21c0 0991 | e503 02aa | a500 00b5 | 2900 40f9 | 2901 40b2 
  0x000000010e8be8c8: 2900 00f9 | 1600 0014 | a508 40b9 | a500 57d2 | 2900 40f9 | a500 09ca | a8f4 7e92 | 0802 00b4 
  0x000000010e8be8e8: e501 0837 | a901 00b4 | 3f05 00f1 | 6001 0054 | bf39 03d5 | a500 09ca | 2900 40f9 | a500 09ca 
  0x000000010e8be908: a8f4 7e92 | c800 00b4 | 2900 40f9 | 2901 7fb2 | 2900 00f9 | 0200 0014 | 2500 00f9 | e503 1daa 
  0x000000010e8be928: a500 00b5 | 2908 40f9 | 2901 40b2 | 2908 00f9 | 1600 0014 | a508 40b9 | a500 57d2 | 2908 40f9 
  0x000000010e8be948: a500 09ca | a8f4 7e92 | 0802 00b4 | e501 0837 | a901 00b4 | 3f05 00f1 | 6001 0054 | bf39 03d5 
  0x000000010e8be968: a500 09ca | 2908 40f9 | a500 09ca | a8f4 7e92 | c800 00b4 | 2908 40f9 | 2901 7fb2 | 2908 00f9 
  0x000000010e8be988: 0200 0014 | 2508 00f9 

  0x000000010e8be990: ;   {metadata(method data for {method} {0x000000011e4ceb68} 'invokeImpl' '(Ljava/lang/Object;[Ljava/lang/Object;)Ljava/lang/Object;' in 'jdk/internal/reflect/DirectMethodHandleAccessor')}
  0x000000010e8be990: 0141 89d2 | 81ef a3f2 | 2100 c0f2 | 280c 41f9 | 0805 0091 | 280c 01f9 

  0x000000010e8be9a8: ;   {metadata(method data for {method} {0x000000011e703ab0} 'invokeExact_MT' '(Ljava/lang/Object;Ljava/lang/Object;Ljava/lang/Object;Ljava/lang/Object;Ljava/lang/Object;)Ljava/lang/Object;' in 'java/lang/invoke/LambdaForm$MH+0x00000200000c2000')}
  0x000000010e8be9a8: 01aa 87d2 | 01ce a3f2 | 2100 c0f2 | 2590 40b9 | a508 0011 | 2590 00b9 | a54c 1f12 | bf00 0071 
  0x000000010e8be9c8: 20bc 0054 

  0x000000010e8be9cc: ;   {metadata(method data for {method} {0x000000011e703ab0} 'invokeExact_MT' '(Ljava/lang/Object;Ljava/lang/Object;Ljava/lang/Object;Ljava/lang/Object;Ljava/lang/Object;)Ljava/lang/Object;' in 'java/lang/invoke/LambdaForm$MH+0x00000200000c2000')}
  0x000000010e8be9cc: 01aa 87d2 | 01ce a3f2 | 2100 c0f2 | 2120 0591 | e503 02aa | a500 00b5 | 2904 40f9 | 2901 40b2 
  0x000000010e8be9ec: 2904 00f9 | 1600 0014 | a508 40b9 | a500 57d2 | 2904 40f9 | a500 09ca | a8f4 7e92 | 0802 00b4 
  0x000000010e8bea0c: e501 0837 | a901 00b4 | 3f05 00f1 | 6001 0054 | bf39 03d5 | a500 09ca | 2904 40f9 | a500 09ca 
  0x000000010e8bea2c: a8f4 7e92 | c800 00b4 | 2904 40f9 | 2901 7fb2 | 2904 00f9 | 0200 0014 | 2504 00f9 

  0x000000010e8bea48: ;   {metadata(method data for {method} {0x000000011e703ab0} 'invokeExact_MT' '(Ljava/lang/Object;Ljava/lang/Object;Ljava/lang/Object;Ljava/lang/Object;Ljava/lang/Object;)Ljava/lang/Object;' in 'java/lang/invoke/LambdaForm$MH+0x00000200000c2000')}
  0x000000010e8bea48: 01aa 87d2 | 01ce a3f2 | 2100 c0f2 | 289c 40f9 | 0805 0091 | 289c 00f9 

  0x000000010e8bea60: ;   {metadata(method data for {method} {0x000000011e3c4a50} 'checkExactType' '(Ljava/lang/invoke/MethodHandle;Ljava/lang/invoke/MethodType;)V' in 'java/lang/invoke/Invokers')}
  0x000000010e8bea60: 01af 8cd2 | e1de a3f2 | 2100 c0f2 | 2590 40b9 | a508 0011 | 2590 00b9 | a54c 1f12 | bf00 0071 
  0x000000010e8bea80: 60b7 0054 

  0x000000010e8bea84: ; implicit exception: dispatches to 0x000000010e8c018c
  0x000000010e8bea84: 5f00 40f9 | e103 02aa 

  0x000000010e8bea8c: ;   {metadata(method data for {method} {0x000000011e3c4a50} 'checkExactType' '(Ljava/lang/invoke/MethodHandle;Ljava/lang/invoke/MethodType;)V' in 'java/lang/invoke/Invokers')}
  0x000000010e8bea8c: 05af 8cd2 | e5de a3f2 | 2500 c0f2 | 2108 40b9 | 2100 57d2 | a870 40f9 | 3f00 08eb | a100 0054 
  0x000000010e8beaac: a874 40f9 | 0805 0091 | a874 00f9 | 1700 0014 | a878 40f9 | 3f00 08eb | a100 0054 | a87c 40f9 
  0x000000010e8beacc: 0805 0091 | a87c 00f9 | 1000 0014 | a870 40f9 | a800 00b5 | a170 00f9 | e803 40b2 | a874 00f9 
  0x000000010e8beaec: 0a00 0014 | a878 40f9 | a800 00b5 | a178 00f9 | e803 40b2 | a87c 00f9 | 0400 0014 | a86c 40f9 
  0x000000010e8beb0c: 0805 0091 | a86c 00f9 | 4110 40b9 | 21f0 7dd3 

  0x000000010e8beb1c: ;   {oop(a 'java/lang/invoke/MethodType'{0x0000000315dbc4c8} = (Ljava/lang/Object;Ljava/lang/Object;Ljava/lang/Object;)Ljava/lang/Object;)}
  0x000000010e8beb1c: 0599 98d2 | 65bb a2f2 | 6500 c0f2 | 3f00 05eb 

  0x000000010e8beb2c: ;   {metadata(method data for {method} {0x000000011e3c4a50} 'checkExactType' '(Ljava/lang/invoke/MethodHandle;Ljava/lang/invoke/MethodType;)V' in 'java/lang/invoke/Invokers')}
  0x000000010e8beb2c: 05af 8cd2 | e5de a3f2 | 2500 c0f2 | 0823 80d2 | 0921 80d2 | 0611 899a | a768 66f8 | e704 0091 
  0x000000010e8beb4c: a768 26f8 | a17f 0054 

  0x000000010e8beb54: ;   {metadata(method data for {method} {0x000000011e703ab0} 'invokeExact_MT' '(Ljava/lang/Object;Ljava/lang/Object;Ljava/lang/Object;Ljava/lang/Object;Ljava/lang/Object;)Ljava/lang/Object;' in 'java/lang/invoke/LambdaForm$MH+0x00000200000c2000')}
  0x000000010e8beb54: 01aa 87d2 | 01ce a3f2 | 2100 c0f2 | 2100 0691 | e503 02aa | a508 40b9 | a500 57d2 | 2904 40f9 
  0x000000010e8beb74: a500 09ca | a8f4 7e92 | 0802 00b4 | e501 0837 | a901 00b4 | 3f05 00f1 | 6001 0054 | bf39 03d5 
  0x000000010e8beb94: a500 09ca | 2904 40f9 | a500 09ca | a8f4 7e92 | c800 00b4 | 2904 40f9 | 2901 7fb2 | 2904 00f9 
  0x000000010e8bebb4: 0200 0014 | 2504 00f9 

  0x000000010e8bebbc: ;   {metadata(method data for {method} {0x000000011e703ab0} 'invokeExact_MT' '(Ljava/lang/Object;Ljava/lang/Object;Ljava/lang/Object;Ljava/lang/Object;Ljava/lang/Object;)Ljava/lang/Object;' in 'java/lang/invoke/LambdaForm$MH+0x00000200000c2000')}
  0x000000010e8bebbc: 01aa 87d2 | 01ce a3f2 | 2100 c0f2 | 28b8 40f9 | 0805 0091 | 28b8 00f9 

  0x000000010e8bebd4: ;   {metadata(method data for {method} {0x000000011e3c5140} 'checkCustomized' '(Ljava/lang/invoke/MethodHandle;)V' in 'java/lang/invoke/Invokers')}
  0x000000010e8bebd4: 01ed 89d2 | e1de a3f2 | 2100 c0f2 | 2590 40b9 | a508 0011 | 2590 00b9 | a54c 1f12 | bf00 0071 
  0x000000010e8bebf4: e0ac 0054 

  0x000000010e8bebf8: ;   {metadata(method data for {method} {0x000000011e3c5140} 'checkCustomized' '(Ljava/lang/invoke/MethodHandle;)V' in 'java/lang/invoke/Invokers')}
  0x000000010e8bebf8: 01ed 89d2 | e1de a3f2 | 2100 c0f2 | 286c 40f9 | 0805 0091 | 286c 00f9 

  0x000000010e8bec10: ;   {metadata(method data for {method} {0x000000011e09b8f0} 'isCompileConstant' '(Ljava/lang/Object;)Z' in 'java/lang/invoke/MethodHandleImpl')}
  0x000000010e8bec10: 011c 8ad2 | e1de a3f2 | 2100 c0f2 | 2590 40b9 | a508 0011 | 2590 00b9 | a54c 1f12 | bf00 0071 
  0x000000010e8bec30: 00ac 0054 

  0x000000010e8bec34: ;   {metadata(method data for {method} {0x000000011e3c5140} 'checkCustomized' '(Ljava/lang/invoke/MethodHandle;)V' in 'java/lang/invoke/Invokers')}
  0x000000010e8bec34: 01ed 89d2 | e1de a3f2 | 2100 c0f2 | 2574 40f9 | a504 0091 | 2574 00f9 | 4114 40b9 | 21f0 7dd3 
  0x000000010e8bec54: ; implicit exception: dispatches to 0x000000010e8c01d0
  0x000000010e8bec54: 211c 40b9 | 21f0 7dd3 | e503 1faa | 3f00 05eb 

  0x000000010e8bec64: ;   {metadata(method data for {method} {0x000000011e3c5140} 'checkCustomized' '(Ljava/lang/invoke/MethodHandle;)V' in 'java/lang/invoke/Invokers')}
  0x000000010e8bec64: 01ed 89d2 | e1de a3f2 | 2100 c0f2 | 0821 80d2 | 0923 80d2 | 0511 899a | 2668 65f8 | c604 0091 
  0x000000010e8bec84: 2668 25f8 | 8101 0054 

  0x000000010e8bec8c: ;   {metadata(method data for {method} {0x000000011e3c5140} 'checkCustomized' '(Ljava/lang/invoke/MethodHandle;)V' in 'java/lang/invoke/Invokers')}
  0x000000010e8bec8c: 01ed 89d2 | e1de a3f2 | 2100 c0f2 | 2894 40f9 | 0805 0091 | 2894 00f9 | e103 02aa 

  0x000000010e8beca8: ; ImmutableOopMap {rfp=Oop [184]=Oop [200]=Oop [208]=Oop [216]=Oop }
                      ;*invokestatic maybeCustomize {reexecute=0 rethrow=0 return_oop=0}
                      ; - java.lang.invoke.Invokers::checkCustomized@19
                      ; - java.lang.invoke.LambdaForm$MH/0x00000200000c2000::invokeExact_MT@15
                      ; - jdk.internal.reflect.DirectMethodHandleAccessor::invokeImpl@72
                      ; - jdk.internal.reflect.DirectMethodHandleAccessor::invoke@23
                      ;   {static_call}
  0x000000010e8beca8: d647 0a94 

  0x000000010e8becac: ;   {post_call_nop}
  0x000000010e8becac: 1f20 03d5 | 9f1c 82f2 | 1fc0 80f2 | e467 40f9 

  0x000000010e8becbc: ;   {metadata(method data for {method} {0x000000011e703ab0} 'invokeExact_MT' '(Ljava/lang/Object;Ljava/lang/Object;Ljava/lang/Object;Ljava/lang/Object;Ljava/lang/Object;)Ljava/lang/Object;' in 'java/lang/invoke/LambdaForm$MH+0x00000200000c2000')}
  0x000000010e8becbc: 02aa 87d2 | 02ce a3f2 | 2200 c0f2 | 4220 0791 | e303 1daa | a300 00b5 | 4904 40f9 | 2901 40b2 
  0x000000010e8becdc: 4904 00f9 | 1600 0014 | 6308 40b9 | 6300 57d2 | 4904 40f9 | 6300 09ca | 68f4 7e92 | 0802 00b4 
  0x000000010e8becfc: e301 0837 | a901 00b4 | 3f05 00f1 | 6001 0054 | bf39 03d5 | 6300 09ca | 4904 40f9 | 6300 09ca 
  0x000000010e8bed1c: 68f4 7e92 | c800 00b4 | 4904 40f9 | 2901 7fb2 | 4904 00f9 | 0200 0014 | 4304 00f9 | e303 04aa 
  0x000000010e8bed3c: a300 00b5 | 490c 40f9 | 2901 40b2 | 490c 00f9 | 1600 0014 | 6308 40b9 | 6300 57d2 | 490c 40f9 
  0x000000010e8bed5c: 6300 09ca | 68f4 7e92 | 0802 00b4 | e301 0837 | a901 00b4 | 3f05 00f1 | 6001 0054 | bf39 03d5 
  0x000000010e8bed7c: 6300 09ca | 490c 40f9 | 6300 09ca | 68f4 7e92 | c800 00b4 | 490c 40f9 | 2901 7fb2 | 490c 00f9 
  0x000000010e8bed9c: 0200 0014 | 430c 00f9 | e26b 40f9 

  0x000000010e8beda8: ;   {metadata(method data for {method} {0x000000011e703ab0} 'invokeExact_MT' '(Ljava/lang/Object;Ljava/lang/Object;Ljava/lang/Object;Ljava/lang/Object;Ljava/lang/Object;)Ljava/lang/Object;' in 'java/lang/invoke/LambdaForm$MH+0x00000200000c2000')}
  0x000000010e8beda8: 03aa 87d2 | 03ce a3f2 | 2300 c0f2 | 4208 40b9 | 4200 57d2 | 68d0 40f9 | 5f00 08eb | a100 0054 
  0x000000010e8bedc8: 68d4 40f9 | 0805 0091 | 68d4 00f9 | 1700 0014 | 68d8 40f9 | 5f00 08eb | a100 0054 | 68dc 40f9 
  0x000000010e8bede8: 0805 0091 | 68dc 00f9 | 1000 0014 | 68d0 40f9 | a800 00b5 | 62d0 00f9 | e803 40b2 | 68d4 00f9 
  0x000000010e8bee08: 0a00 0014 | 68d8 40f9 | a800 00b5 | 62d8 00f9 | e803 40b2 | 68dc 00f9 | 0400 0014 | 68cc 40f9 
  0x000000010e8bee28: 0805 0091 | 68cc 00f9 | e203 1daa | e303 04aa | e113 4da9 

  0x000000010e8bee3c: ; ImmutableOopMap {[184]=Oop }
                      ;*invokevirtual invokeBasic {reexecute=0 rethrow=0 return_oop=0}
                      ; - java.lang.invoke.LambdaForm$MH/0x00000200000c2000::invokeExact_MT@22
                      ; - jdk.internal.reflect.DirectMethodHandleAccessor::invokeImpl@72
                      ; - jdk.internal.reflect.DirectMethodHandleAccessor::invoke@23
                      ;   {optimized virtual_call}
  0x000000010e8bee3c: d13b e795 

  0x000000010e8bee40: ;   {post_call_nop}
  0x000000010e8bee40: 1f20 03d5 | 1f4f 82f2 | 1fe0 80f2 

  0x000000010e8bee4c: ;   {metadata(method data for {method} {0x000000011e703ab0} 'invokeExact_MT' '(Ljava/lang/Object;Ljava/lang/Object;Ljava/lang/Object;Ljava/lang/Object;Ljava/lang/Object;)Ljava/lang/Object;' in 'java/lang/invoke/LambdaForm$MH+0x00000200000c2000')}
  0x000000010e8bee4c: 01aa 87d2 | 01ce a3f2 | 2100 c0f2 | 21a0 0791 | e203 00aa | a200 00b5 | 2900 40f9 | 2901 40b2 
  0x000000010e8bee6c: 2900 00f9 | 1600 0014 | 4208 40b9 | 4200 57d2 | 2900 40f9 | 4200 09ca | 48f4 7e92 | 0802 00b4 
  0x000000010e8bee8c: e201 0837 | a901 00b4 | 3f05 00f1 | 6001 0054 | bf39 03d5 | 4200 09ca | 2900 40f9 | 4200 09ca 
  0x000000010e8beeac: 48f4 7e92 | c800 00b4 | 2900 40f9 | 2901 7fb2 | 2900 00f9 | 0200 0014 | 2200 00f9 

  0x000000010e8beec8: ;   {metadata(method data for {method} {0x000000011e4ceb68} 'invokeImpl' '(Ljava/lang/Object;[Ljava/lang/Object;)Ljava/lang/Object;' in 'jdk/internal/reflect/DirectMethodHandleAccessor')}
  0x000000010e8beec8: 0141 89d2 | 81ef a3f2 | 2100 c0f2 | 21a0 0991 | e203 00aa | a200 00b5 | 2900 40f9 | 2901 40b2 
  0x000000010e8beee8: 2900 00f9 | 1600 0014 | 4208 40b9 | 4200 57d2 | 2900 40f9 | 4200 09ca | 48f4 7e92 | 0802 00b4 
  0x000000010e8bef08: e201 0837 | a901 00b4 | 3f05 00f1 | 6001 0054 | bf39 03d5 | 4200 09ca | 2900 40f9 | 4200 09ca 
  0x000000010e8bef28: 48f4 7e92 | c800 00b4 | 2900 40f9 | 2901 7fb2 | 2900 00f9 | 0200 0014 | 2200 00f9 

  0x000000010e8bef44: ;   {metadata(method data for {method} {0x000000011e4ceb68} 'invokeImpl' '(Ljava/lang/Object;[Ljava/lang/Object;)Ljava/lang/Object;' in 'jdk/internal/reflect/DirectMethodHandleAccessor')}
  0x000000010e8bef44: 0141 89d2 | 81ef a3f2 | 2100 c0f2 | 223c 41f9 | 4204 0091 | 223c 01f9 | fd7b 50a9 | ff43 0491 
  0x000000010e8bef64: ;   {poll_return}
  0x000000010e8bef64: 8817 40f9 | ff63 28eb | 4893 0054 | c003 5fd6 | e357 40f9 | e003 1daa | fd5b 40f9 | 0218 40b9 
  0x000000010e8bef84: 42f0 7dd3 | e277 00f9 

  0x000000010e8bef8c: ; implicit exception: dispatches to 0x000000010e8c01e0
  0x000000010e8bef8c: 610c 40b9 | 3f00 0071 | 8992 0054 | 6310 40b9 | 63f0 7dd3 | e373 00f9 

  0x000000010e8befa4: ;   {metadata(method data for {method} {0x000000011e4ceb68} 'invokeImpl' '(Ljava/lang/Object;[Ljava/lang/Object;)Ljava/lang/Object;' in 'jdk/internal/reflect/DirectMethodHandleAccessor')}
  0x000000010e8befa4: 0141 89d2 | 81ef a3f2 | 2100 c0f2 | 2140 0791 | e403 1daa | a400 00b5 | 2904 40f9 | 2901 40b2 
  0x000000010e8befc4: 2904 00f9 | 1600 0014 | 8408 40b9 | 8400 57d2 | 2904 40f9 | 8400 09ca | 88f4 7e92 | 0802 00b4 
  0x000000010e8befe4: e401 0837 | a901 00b4 | 3f05 00f1 | 6001 0054 | bf39 03d5 | 8400 09ca | 2904 40f9 | 8400 09ca 
  0x000000010e8bf004: 88f4 7e92 | c800 00b4 | 2904 40f9 | 2901 7fb2 | 2904 00f9 | 0200 0014 | 2404 00f9 

  0x000000010e8bf020: ;   {metadata(method data for {method} {0x000000011e421218} 'invokeExact_MT' '(Ljava/lang/Object;Ljava/lang/Object;Ljava/lang/Object;Ljava/lang/Object;)Ljava/lang/Object;' in 'java/lang/invoke/Invokers$Holder')}
  0x000000010e8bf020: 0112 98d2 | 01df a3f2 | 2100 c0f2 | 21a0 0991 | e403 02aa | a400 00b5 | 2900 40f9 | 2901 40b2 
  0x000000010e8bf040: 2900 00f9 | 0b00 0014 | 8408 40b9 | 8400 57d2 | 2900 40f9 | 8400 09ca | 88f4 7e92 | a800 00b4 
  0x000000010e8bf060: 8400 0837 | 2900 40f9 | 2901 7fb2 | 2900 00f9 | e403 1daa | 8400 00b5 | 2908 40f9 | 2901 40b2 
  0x000000010e8bf080: 2908 00f9 

  0x000000010e8bf084: ;   {metadata(method data for {method} {0x000000011e4ceb68} 'invokeImpl' '(Ljava/lang/Object;[Ljava/lang/Object;)Ljava/lang/Object;' in 'jdk/internal/reflect/DirectMethodHandleAccessor')}
  0x000000010e8bf084: 0141 89d2 | 81ef a3f2 | 2100 c0f2 | 28d0 40f9 | 0805 0091 | 28d0 00f9 

  0x000000010e8bf09c: ;   {metadata(method data for {method} {0x000000011e421218} 'invokeExact_MT' '(Ljava/lang/Object;Ljava/lang/Object;Ljava/lang/Object;Ljava/lang/Object;)Ljava/lang/Object;' in 'java/lang/invoke/Invokers$Holder')}
  0x000000010e8bf09c: 0112 98d2 | 01df a3f2 | 2100 c0f2 | 2490 40b9 | 8408 0011 | 2490 00b9 | 844c 1f12 | 9f00 0071 
  0x000000010e8bf0bc: 008a 0054 

  0x000000010e8bf0c0: ;   {metadata(method data for {method} {0x000000011e421218} 'invokeExact_MT' '(Ljava/lang/Object;Ljava/lang/Object;Ljava/lang/Object;Ljava/lang/Object;)Ljava/lang/Object;' in 'java/lang/invoke/Invokers$Holder')}
  0x000000010e8bf0c0: 0112 98d2 | 01df a3f2 | 2100 c0f2 | 2120 0591 | e403 02aa | a400 00b5 | 2904 40f9 | 2901 40b2 
  0x000000010e8bf0e0: 2904 00f9 | 0b00 0014 | 8408 40b9 | 8400 57d2 | 2904 40f9 | 8400 09ca | 88f4 7e92 | a800 00b4 
  0x000000010e8bf100: 8400 0837 | 2904 40f9 | 2901 7fb2 | 2904 00f9 

  0x000000010e8bf110: ;   {metadata(method data for {method} {0x000000011e421218} 'invokeExact_MT' '(Ljava/lang/Object;Ljava/lang/Object;Ljava/lang/Object;Ljava/lang/Object;)Ljava/lang/Object;' in 'java/lang/invoke/Invokers$Holder')}
  0x000000010e8bf110: 0112 98d2 | 01df a3f2 | 2100 c0f2 | 289c 40f9 | 0805 0091 | 289c 00f9 

  0x000000010e8bf128: ;   {metadata(method data for {method} {0x000000011e3c4a50} 'checkExactType' '(Ljava/lang/invoke/MethodHandle;Ljava/lang/invoke/MethodType;)V' in 'java/lang/invoke/Invokers')}
  0x000000010e8bf128: 01af 8cd2 | e1de a3f2 | 2100 c0f2 | 2490 40b9 | 8408 0011 | 2490 00b9 | 844c 1f12 | 9f00 0071 
  0x000000010e8bf148: a086 0054 

  0x000000010e8bf14c: ; implicit exception: dispatches to 0x000000010e8c023c
  0x000000010e8bf14c: 5f00 40f9 | e103 02aa 

  0x000000010e8bf154: ;   {metadata(method data for {method} {0x000000011e3c4a50} 'checkExactType' '(Ljava/lang/invoke/MethodHandle;Ljava/lang/invoke/MethodType;)V' in 'java/lang/invoke/Invokers')}
  0x000000010e8bf154: 04af 8cd2 | e4de a3f2 | 2400 c0f2 | 2108 40b9 | 2100 57d2 | 8870 40f9 | 3f00 08eb | a100 0054 
  0x000000010e8bf174: 8874 40f9 | 0805 0091 | 8874 00f9 | 1700 0014 | 8878 40f9 | 3f00 08eb | a100 0054 | 887c 40f9 
  0x000000010e8bf194: 0805 0091 | 887c 00f9 | 1000 0014 | 8870 40f9 | a800 00b5 | 8170 00f9 | e803 40b2 | 8874 00f9 
  0x000000010e8bf1b4: 0a00 0014 | 8878 40f9 | a800 00b5 | 8178 00f9 | e803 40b2 | 887c 00f9 | 0400 0014 | 886c 40f9 
  0x000000010e8bf1d4: 0805 0091 | 886c 00f9 | 4110 40b9 | 21f0 7dd3 

  0x000000010e8bf1e4: ;   {oop(a 'java/lang/invoke/MethodType'{0x0000000315db8b88} = (Ljava/lang/Object;Ljava/lang/Object;)Ljava/lang/Object;)}
  0x000000010e8bf1e4: 0471 91d2 | 64bb a2f2 | 6400 c0f2 | 3f00 04eb 

  0x000000010e8bf1f4: ;   {metadata(method data for {method} {0x000000011e3c4a50} 'checkExactType' '(Ljava/lang/invoke/MethodHandle;Ljava/lang/invoke/MethodType;)V' in 'java/lang/invoke/Invokers')}
  0x000000010e8bf1f4: 04af 8cd2 | e4de a3f2 | 2400 c0f2 | 0823 80d2 | 0921 80d2 | 0511 899a | 8668 65f8 | c604 0091 
  0x000000010e8bf214: 8668 25f8 | 2147 0054 

  0x000000010e8bf21c: ;   {metadata(method data for {method} {0x000000011e421218} 'invokeExact_MT' '(Ljava/lang/Object;Ljava/lang/Object;Ljava/lang/Object;Ljava/lang/Object;)Ljava/lang/Object;' in 'java/lang/invoke/Invokers$Holder')}
  0x000000010e8bf21c: 0112 98d2 | 01df a3f2 | 2100 c0f2 | 2100 0691 | e403 02aa | 8408 40b9 | 8400 57d2 | 2904 40f9 
  0x000000010e8bf23c: 8400 09ca | 88f4 7e92 | a800 00b4 | 8400 0837 | 2904 40f9 | 2901 7fb2 | 2904 00f9 

  0x000000010e8bf258: ;   {metadata(method data for {method} {0x000000011e421218} 'invokeExact_MT' '(Ljava/lang/Object;Ljava/lang/Object;Ljava/lang/Object;Ljava/lang/Object;)Ljava/lang/Object;' in 'java/lang/invoke/Invokers$Holder')}
  0x000000010e8bf258: 0112 98d2 | 01df a3f2 | 2100 c0f2 | 28b8 40f9 | 0805 0091 | 28b8 00f9 

  0x000000010e8bf270: ;   {metadata(method data for {method} {0x000000011e3c5140} 'checkCustomized' '(Ljava/lang/invoke/MethodHandle;)V' in 'java/lang/invoke/Invokers')}
  0x000000010e8bf270: 01ed 89d2 | e1de a3f2 | 2100 c0f2 | 2490 40b9 | 8408 0011 | 2490 00b9 | 844c 1f12 | 9f00 0071 
  0x000000010e8bf290: 807d 0054 

  0x000000010e8bf294: ;   {metadata(method data for {method} {0x000000011e3c5140} 'checkCustomized' '(Ljava/lang/invoke/MethodHandle;)V' in 'java/lang/invoke/Invokers')}
  0x000000010e8bf294: 01ed 89d2 | e1de a3f2 | 2100 c0f2 | 286c 40f9 | 0805 0091 | 286c 00f9 

  0x000000010e8bf2ac: ;   {metadata(method data for {method} {0x000000011e09b8f0} 'isCompileConstant' '(Ljava/lang/Object;)Z' in 'java/lang/invoke/MethodHandleImpl')}
  0x000000010e8bf2ac: 011c 8ad2 | e1de a3f2 | 2100 c0f2 | 2490 40b9 | 8408 0011 | 2490 00b9 | 844c 1f12 | 9f00 0071 
  0x000000010e8bf2cc: a07c 0054 

  0x000000010e8bf2d0: ;   {metadata(method data for {method} {0x000000011e3c5140} 'checkCustomized' '(Ljava/lang/invoke/MethodHandle;)V' in 'java/lang/invoke/Invokers')}
  0x000000010e8bf2d0: 01ed 89d2 | e1de a3f2 | 2100 c0f2 | 2474 40f9 | 8404 0091 | 2474 00f9 | 4114 40b9 | 21f0 7dd3 
  0x000000010e8bf2f0: ; implicit exception: dispatches to 0x000000010e8c0280
  0x000000010e8bf2f0: 211c 40b9 | 21f0 7dd3 | e403 1faa | 3f00 04eb 

  0x000000010e8bf300: ;   {metadata(method data for {method} {0x000000011e3c5140} 'checkCustomized' '(Ljava/lang/invoke/MethodHandle;)V' in 'java/lang/invoke/Invokers')}
  0x000000010e8bf300: 01ed 89d2 | e1de a3f2 | 2100 c0f2 | 0821 80d2 | 0923 80d2 | 0411 899a | 2568 64f8 | a504 0091 
  0x000000010e8bf320: 2568 24f8 | 8101 0054 

  0x000000010e8bf328: ;   {metadata(method data for {method} {0x000000011e3c5140} 'checkCustomized' '(Ljava/lang/invoke/MethodHandle;)V' in 'java/lang/invoke/Invokers')}
  0x000000010e8bf328: 01ed 89d2 | e1de a3f2 | 2100 c0f2 | 2894 40f9 | 0805 0091 | 2894 00f9 | e103 02aa 

  0x000000010e8bf344: ; ImmutableOopMap {rfp=Oop [184]=Oop [224]=Oop [232]=Oop }
                      ;*invokestatic maybeCustomize {reexecute=0 rethrow=0 return_oop=0}
                      ; - java.lang.invoke.Invokers::checkCustomized@19
                      ; - java.lang.invoke.Invokers$Holder::invokeExact_MT@14
                      ; - jdk.internal.reflect.DirectMethodHandleAccessor::invokeImpl@55
                      ; - jdk.internal.reflect.DirectMethodHandleAccessor::invoke@23
                      ;   {static_call}
  0x000000010e8bf344: af91 d195 

  0x000000010e8bf348: ;   {post_call_nop}
  0x000000010e8bf348: 1f20 03d5 | 1ff0 82f2 | 1f00 81f2 | e373 40f9 

  0x000000010e8bf358: ;   {metadata(method data for {method} {0x000000011e421218} 'invokeExact_MT' '(Ljava/lang/Object;Ljava/lang/Object;Ljava/lang/Object;Ljava/lang/Object;)Ljava/lang/Object;' in 'java/lang/invoke/Invokers$Holder')}
  0x000000010e8bf358: 0212 98d2 | 02df a3f2 | 2200 c0f2 | 4220 0791 | e103 1daa | 8100 00b5 | 4904 40f9 | 2901 40b2 
  0x000000010e8bf378: 4904 00f9 | e103 03aa | a100 00b5 | 490c 40f9 | 2901 40b2 | 490c 00f9 | 0b00 0014 | 2108 40b9 
  0x000000010e8bf398: 2100 57d2 | 490c 40f9 | 2100 09ca | 28f4 7e92 | a800 00b4 | 8100 0837 | 490c 40f9 | 2901 7fb2 
  0x000000010e8bf3b8: 490c 00f9 | e277 40f9 

  0x000000010e8bf3c0: ;   {metadata(method data for {method} {0x000000011e421218} 'invokeExact_MT' '(Ljava/lang/Object;Ljava/lang/Object;Ljava/lang/Object;Ljava/lang/Object;)Ljava/lang/Object;' in 'java/lang/invoke/Invokers$Holder')}
  0x000000010e8bf3c0: 0112 98d2 | 01df a3f2 | 2100 c0f2 | 4208 40b9 | 4200 57d2 | 28d0 40f9 | 5f00 08eb | a100 0054 
  0x000000010e8bf3e0: 28d4 40f9 | 0805 0091 | 28d4 00f9 | 1700 0014 | 28d8 40f9 | 5f00 08eb | a100 0054 | 28dc 40f9 
  0x000000010e8bf400: 0805 0091 | 28dc 00f9 | 1000 0014 | 28d0 40f9 | a800 00b5 | 22d0 00f9 | e803 40b2 | 28d4 00f9 
  0x000000010e8bf420: 0a00 0014 | 28d8 40f9 | a800 00b5 | 22d8 00f9 | e803 40b2 | 28dc 00f9 | 0400 0014 | 28cc 40f9 
  0x000000010e8bf440: 0805 0091 | 28cc 00f9 | e203 1daa | e177 40f9 

  0x000000010e8bf450: ; ImmutableOopMap {[184]=Oop }
                      ;*invokevirtual invokeBasic {reexecute=0 rethrow=0 return_oop=0}
                      ; - java.lang.invoke.Invokers$Holder::invokeExact_MT@20
                      ; - jdk.internal.reflect.DirectMethodHandleAccessor::invokeImpl@55
                      ; - jdk.internal.reflect.DirectMethodHandleAccessor::invoke@23
                      ;   {optimized virtual_call}
  0x000000010e8bf450: 6c90 d195 

  0x000000010e8bf454: ;   {post_call_nop}
  0x000000010e8bf454: 1f20 03d5 | 9f11 83f2 | 1f20 81f2 

  0x000000010e8bf460: ;   {metadata(method data for {method} {0x000000011e421218} 'invokeExact_MT' '(Ljava/lang/Object;Ljava/lang/Object;Ljava/lang/Object;Ljava/lang/Object;)Ljava/lang/Object;' in 'java/lang/invoke/Invokers$Holder')}
  0x000000010e8bf460: 0112 98d2 | 01df a3f2 | 2100 c0f2 | 21a0 0791 | e203 00aa | 4200 00b5 | 1600 0014 | 4208 40b9 
  0x000000010e8bf480: 4200 57d2 | 2900 40f9 | 4200 09ca | 48f4 7e92 | 0802 00b4 | e201 0837 | a901 00b4 | 3f05 00f1 
  0x000000010e8bf4a0: 6001 0054 | bf39 03d5 | 4200 09ca | 2900 40f9 | 4200 09ca | 48f4 7e92 | c800 00b4 | 2900 40f9 
  0x000000010e8bf4c0: 2901 7fb2 | 2900 00f9 | 0200 0014 | 2200 00f9 

  0x000000010e8bf4d0: ;   {metadata(method data for {method} {0x000000011e4ceb68} 'invokeImpl' '(Ljava/lang/Object;[Ljava/lang/Object;)Ljava/lang/Object;' in 'jdk/internal/reflect/DirectMethodHandleAccessor')}
  0x000000010e8bf4d0: 0141 89d2 | 81ef a3f2 | 2100 c0f2 | 21c0 0791 | e203 00aa | a200 00b5 | 2900 40f9 | 2901 40b2 
  0x000000010e8bf4f0: 2900 00f9 | 1600 0014 | 4208 40b9 | 4200 57d2 | 2900 40f9 | 4200 09ca | 48f4 7e92 | 0802 00b4 
  0x000000010e8bf510: e201 0837 | a901 00b4 | 3f05 00f1 | 6001 0054 | bf39 03d5 | 4200 09ca | 2900 40f9 | 4200 09ca 
  0x000000010e8bf530: 48f4 7e92 | c800 00b4 | 2900 40f9 | 2901 7fb2 | 2900 00f9 | 0200 0014 | 2200 00f9 

  0x000000010e8bf54c: ;   {metadata(method data for {method} {0x000000011e4ceb68} 'invokeImpl' '(Ljava/lang/Object;[Ljava/lang/Object;)Ljava/lang/Object;' in 'jdk/internal/reflect/DirectMethodHandleAccessor')}
  0x000000010e8bf54c: 0141 89d2 | 81ef a3f2 | 2100 c0f2 | 2200 41f9 | 4204 0091 | 2200 01f9 | fd7b 50a9 | ff43 0491 
  0x000000010e8bf56c: ;   {poll_return}
  0x000000010e8bf56c: 8817 40f9 | ff63 28eb | 8868 0054 | c003 5fd6 | e003 1daa | fd5b 40f9 | 0218 40b9 | 42f0 7dd3 
  0x000000010e8bf58c: e27b 00f9 

  0x000000010e8bf590: ;   {metadata(method data for {method} {0x000000011e4ceb68} 'invokeImpl' '(Ljava/lang/Object;[Ljava/lang/Object;)Ljava/lang/Object;' in 'jdk/internal/reflect/DirectMethodHandleAccessor')}
  0x000000010e8bf590: 0141 89d2 | 81ef a3f2 | 2100 c0f2 | 21a0 0591 | e303 1daa | a300 00b5 | 2904 40f9 | 2901 40b2 
  0x000000010e8bf5b0: 2904 00f9 | 1600 0014 | 6308 40b9 | 6300 57d2 | 2904 40f9 | 6300 09ca | 68f4 7e92 | 0802 00b4 
  0x000000010e8bf5d0: e301 0837 | a901 00b4 | 3f05 00f1 | 6001 0054 | bf39 03d5 | 6300 09ca | 2904 40f9 | 6300 09ca 
  0x000000010e8bf5f0: 68f4 7e92 | c800 00b4 | 2904 40f9 | 2901 7fb2 | 2904 00f9 | 0200 0014 | 2304 00f9 

  0x000000010e8bf60c: ;   {metadata(method data for {method} {0x000000011e421058} 'invokeExact_MT' '(Ljava/lang/Object;Ljava/lang/Object;Ljava/lang/Object;)Ljava/lang/Object;' in 'java/lang/invoke/Invokers$Holder')}
  0x000000010e8bf60c: 01c5 97d2 | 01df a3f2 | 2100 c0f2 | 2140 0991 | e303 02aa | a300 00b5 | 2900 40f9 | 2901 40b2 
  0x000000010e8bf62c: 2900 00f9 | 0b00 0014 | 6308 40b9 | 6300 57d2 | 2900 40f9 | 6300 09ca | 68f4 7e92 | a800 00b4 
  0x000000010e8bf64c: 8300 0837 | 2900 40f9 | 2901 7fb2 | 2900 00f9 | e303 1daa | 8300 00b5 | 2908 40f9 | 2901 40b2 
  0x000000010e8bf66c: 2908 00f9 

  0x000000010e8bf670: ;   {metadata(method data for {method} {0x000000011e4ceb68} 'invokeImpl' '(Ljava/lang/Object;[Ljava/lang/Object;)Ljava/lang/Object;' in 'jdk/internal/reflect/DirectMethodHandleAccessor')}
  0x000000010e8bf670: 0141 89d2 | 81ef a3f2 | 2100 c0f2 | 289c 40f9 | 0805 0091 | 289c 00f9 

  0x000000010e8bf688: ;   {metadata(method data for {method} {0x000000011e421058} 'invokeExact_MT' '(Ljava/lang/Object;Ljava/lang/Object;Ljava/lang/Object;)Ljava/lang/Object;' in 'java/lang/invoke/Invokers$Holder')}
  0x000000010e8bf688: 01c5 97d2 | 01df a3f2 | 2100 c0f2 | 2390 40b9 | 6308 0011 | 2390 00b9 | 634c 1f12 | 7f00 0071 
  0x000000010e8bf6a8: 405f 0054 

  0x000000010e8bf6ac: ;   {metadata(method data for {method} {0x000000011e421058} 'invokeExact_MT' '(Ljava/lang/Object;Ljava/lang/Object;Ljava/lang/Object;)Ljava/lang/Object;' in 'java/lang/invoke/Invokers$Holder')}
  0x000000010e8bf6ac: 01c5 97d2 | 01df a3f2 | 2100 c0f2 | 2120 0591 | e303 02aa | a300 00b5 | 2904 40f9 | 2901 40b2 
  0x000000010e8bf6cc: 2904 00f9 | 0b00 0014 | 6308 40b9 | 6300 57d2 | 2904 40f9 | 6300 09ca | 68f4 7e92 | a800 00b4 
  0x000000010e8bf6ec: 8300 0837 | 2904 40f9 | 2901 7fb2 | 2904 00f9 

  0x000000010e8bf6fc: ;   {metadata(method data for {method} {0x000000011e421058} 'invokeExact_MT' '(Ljava/lang/Object;Ljava/lang/Object;Ljava/lang/Object;)Ljava/lang/Object;' in 'java/lang/invoke/Invokers$Holder')}
  0x000000010e8bf6fc: 01c5 97d2 | 01df a3f2 | 2100 c0f2 | 289c 40f9 | 0805 0091 | 289c 00f9 

  0x000000010e8bf714: ;   {metadata(method data for {method} {0x000000011e3c4a50} 'checkExactType' '(Ljava/lang/invoke/MethodHandle;Ljava/lang/invoke/MethodType;)V' in 'java/lang/invoke/Invokers')}
  0x000000010e8bf714: 01af 8cd2 | e1de a3f2 | 2100 c0f2 | 2390 40b9 | 6308 0011 | 2390 00b9 | 634c 1f12 | 7f00 0071 
  0x000000010e8bf734: e05b 0054 

  0x000000010e8bf738: ; implicit exception: dispatches to 0x000000010e8c02d0
  0x000000010e8bf738: 5f00 40f9 | e103 02aa 

  0x000000010e8bf740: ;   {metadata(method data for {method} {0x000000011e3c4a50} 'checkExactType' '(Ljava/lang/invoke/MethodHandle;Ljava/lang/invoke/MethodType;)V' in 'java/lang/invoke/Invokers')}
  0x000000010e8bf740: 03af 8cd2 | e3de a3f2 | 2300 c0f2 | 2108 40b9 | 2100 57d2 | 6870 40f9 | 3f00 08eb | a100 0054 
  0x000000010e8bf760: 6874 40f9 | 0805 0091 | 6874 00f9 | 1700 0014 | 6878 40f9 | 3f00 08eb | a100 0054 | 687c 40f9 
  0x000000010e8bf780: 0805 0091 | 687c 00f9 | 1000 0014 | 6870 40f9 | a800 00b5 | 6170 00f9 | e803 40b2 | 6874 00f9 
  0x000000010e8bf7a0: 0a00 0014 | 6878 40f9 | a800 00b5 | 6178 00f9 | e803 40b2 | 687c 00f9 | 0400 0014 | 686c 40f9 
  0x000000010e8bf7c0: 0805 0091 | 686c 00f9 | 4110 40b9 | 21f0 7dd3 

  0x000000010e8bf7d0: ;   {oop(a 'java/lang/invoke/MethodType'{0x0000000315db4ac8} = (Ljava/lang/Object;)Ljava/lang/Object;)}
  0x000000010e8bf7d0: 0359 89d2 | 63bb a2f2 | 6300 c0f2 | 3f00 03eb 

  0x000000010e8bf7e0: ;   {metadata(method data for {method} {0x000000011e3c4a50} 'checkExactType' '(Ljava/lang/invoke/MethodHandle;Ljava/lang/invoke/MethodType;)V' in 'java/lang/invoke/Invokers')}
  0x000000010e8bf7e0: 03af 8cd2 | e3de a3f2 | 2300 c0f2 | 0823 80d2 | 0921 80d2 | 0411 899a | 6568 64f8 | a504 0091 
  0x000000010e8bf800: 6568 24f8 | 8115 0054 

  0x000000010e8bf808: ;   {metadata(method data for {method} {0x000000011e421058} 'invokeExact_MT' '(Ljava/lang/Object;Ljava/lang/Object;Ljava/lang/Object;)Ljava/lang/Object;' in 'java/lang/invoke/Invokers$Holder')}
  0x000000010e8bf808: 01c5 97d2 | 01df a3f2 | 2100 c0f2 | 2100 0691 | e303 02aa | 6308 40b9 | 6300 57d2 | 2904 40f9 
  0x000000010e8bf828: 6300 09ca | 68f4 7e92 | a800 00b4 | 8300 0837 | 2904 40f9 | 2901 7fb2 | 2904 00f9 

  0x000000010e8bf844: ;   {metadata(method data for {method} {0x000000011e421058} 'invokeExact_MT' '(Ljava/lang/Object;Ljava/lang/Object;Ljava/lang/Object;)Ljava/lang/Object;' in 'java/lang/invoke/Invokers$Holder')}
  0x000000010e8bf844: 01c5 97d2 | 01df a3f2 | 2100 c0f2 | 28b8 40f9 | 0805 0091 | 28b8 00f9 

  0x000000010e8bf85c: ;   {metadata(method data for {method} {0x000000011e3c5140} 'checkCustomized' '(Ljava/lang/invoke/MethodHandle;)V' in 'java/lang/invoke/Invokers')}
  0x000000010e8bf85c: 01ed 89d2 | e1de a3f2 | 2100 c0f2 | 2390 40b9 | 6308 0011 | 2390 00b9 | 634c 1f12 | 7f00 0071 
  0x000000010e8bf87c: c052 0054 

  0x000000010e8bf880: ;   {metadata(method data for {method} {0x000000011e3c5140} 'checkCustomized' '(Ljava/lang/invoke/MethodHandle;)V' in 'java/lang/invoke/Invokers')}
  0x000000010e8bf880: 01ed 89d2 | e1de a3f2 | 2100 c0f2 | 286c 40f9 | 0805 0091 | 286c 00f9 

  0x000000010e8bf898: ;   {metadata(method data for {method} {0x000000011e09b8f0} 'isCompileConstant' '(Ljava/lang/Object;)Z' in 'java/lang/invoke/MethodHandleImpl')}
  0x000000010e8bf898: 011c 8ad2 | e1de a3f2 | 2100 c0f2 | 2390 40b9 | 6308 0011 | 2390 00b9 | 634c 1f12 | 7f00 0071 
  0x000000010e8bf8b8: e051 0054 

  0x000000010e8bf8bc: ;   {metadata(method data for {method} {0x000000011e3c5140} 'checkCustomized' '(Ljava/lang/invoke/MethodHandle;)V' in 'java/lang/invoke/Invokers')}
  0x000000010e8bf8bc: 01ed 89d2 | e1de a3f2 | 2100 c0f2 | 2374 40f9 | 6304 0091 | 2374 00f9 | 4114 40b9 | 21f0 7dd3 
  0x000000010e8bf8dc: ; implicit exception: dispatches to 0x000000010e8c0314
  0x000000010e8bf8dc: 211c 40b9 | 21f0 7dd3 | e303 1faa | 3f00 03eb 

  0x000000010e8bf8ec: ;   {metadata(method data for {method} {0x000000011e3c5140} 'checkCustomized' '(Ljava/lang/invoke/MethodHandle;)V' in 'java/lang/invoke/Invokers')}
  0x000000010e8bf8ec: 01ed 89d2 | e1de a3f2 | 2100 c0f2 | 0821 80d2 | 0923 80d2 | 0311 899a | 2468 63f8 | 8404 0091 
  0x000000010e8bf90c: 2468 23f8 | 8101 0054 

  0x000000010e8bf914: ;   {metadata(method data for {method} {0x000000011e3c5140} 'checkCustomized' '(Ljava/lang/invoke/MethodHandle;)V' in 'java/lang/invoke/Invokers')}
  0x000000010e8bf914: 01ed 89d2 | e1de a3f2 | 2100 c0f2 | 2894 40f9 | 0805 0091 | 2894 00f9 | e103 02aa 

  0x000000010e8bf930: ; ImmutableOopMap {rfp=Oop [184]=Oop [240]=Oop }
                      ;*invokestatic maybeCustomize {reexecute=0 rethrow=0 return_oop=0}
                      ; - java.lang.invoke.Invokers::checkCustomized@19
                      ; - java.lang.invoke.Invokers$Holder::invokeExact_MT@14
                      ; - jdk.internal.reflect.DirectMethodHandleAccessor::invokeImpl@41
                      ; - jdk.internal.reflect.DirectMethodHandleAccessor::invoke@23
                      ;   {static_call}
  0x000000010e8bf930: b444 0a94 

  0x000000010e8bf934: ;   {post_call_nop}
  0x000000010e8bf934: 1f20 03d5 | 9fad 83f2 | 1f40 81f2 

  0x000000010e8bf940: ;   {metadata(method data for {method} {0x000000011e421058} 'invokeExact_MT' '(Ljava/lang/Object;Ljava/lang/Object;Ljava/lang/Object;)Ljava/lang/Object;' in 'java/lang/invoke/Invokers$Holder')}
  0x000000010e8bf940: 02c5 97d2 | 02df a3f2 | 2200 c0f2 | 4220 0791 | e103 1daa | 8100 00b5 | 4904 40f9 | 2901 40b2 
  0x000000010e8bf960: 4904 00f9 | e27b 40f9 

  0x000000010e8bf968: ;   {metadata(method data for {method} {0x000000011e421058} 'invokeExact_MT' '(Ljava/lang/Object;Ljava/lang/Object;Ljava/lang/Object;)Ljava/lang/Object;' in 'java/lang/invoke/Invokers$Holder')}
  0x000000010e8bf968: 01c5 97d2 | 01df a3f2 | 2100 c0f2 | 4208 40b9 | 4200 57d2 | 28d0 40f9 | 5f00 08eb | a100 0054 
  0x000000010e8bf988: 28d4 40f9 | 0805 0091 | 28d4 00f9 | 1700 0014 | 28d8 40f9 | 5f00 08eb | a100 0054 | 28dc 40f9 
  0x000000010e8bf9a8: 0805 0091 | 28dc 00f9 | 1000 0014 | 28d0 40f9 | a800 00b5 | 22d0 00f9 | e803 40b2 | 28d4 00f9 
  0x000000010e8bf9c8: 0a00 0014 | 28d8 40f9 | a800 00b5 | 22d8 00f9 | e803 40b2 | 28dc 00f9 | 0400 0014 | 28cc 40f9 
  0x000000010e8bf9e8: 0805 0091 | 28cc 00f9 | e203 1daa | e17b 40f9 

  0x000000010e8bf9f8: ; ImmutableOopMap {[184]=Oop }
                      ;*invokevirtual invokeBasic {reexecute=0 rethrow=0 return_oop=0}
                      ; - java.lang.invoke.Invokers$Holder::invokeExact_MT@19
                      ; - jdk.internal.reflect.DirectMethodHandleAccessor::invokeImpl@41
                      ; - jdk.internal.reflect.DirectMethodHandleAccessor::invoke@23
                      ;   {optimized virtual_call}
  0x000000010e8bf9f8: a2fc e695 

  0x000000010e8bf9fc: ;   {post_call_nop}
  0x000000010e8bf9fc: 1f20 03d5 | 9fc6 83f2 | 1f60 81f2 

  0x000000010e8bfa08: ;   {metadata(method data for {method} {0x000000011e4ceb68} 'invokeImpl' '(Ljava/lang/Object;[Ljava/lang/Object;)Ljava/lang/Object;' in 'jdk/internal/reflect/DirectMethodHandleAccessor')}
  0x000000010e8bfa08: 0141 89d2 | 81ef a3f2 | 2100 c0f2 | 21e0 0591 | e203 00aa | a200 00b5 | 2900 40f9 | 2901 40b2 
  0x000000010e8bfa28: 2900 00f9 | 1600 0014 | 4208 40b9 | 4200 57d2 | 2900 40f9 | 4200 09ca | 48f4 7e92 | 0802 00b4 
  0x000000010e8bfa48: e201 0837 | a901 00b4 | 3f05 00f1 | 6001 0054 | bf39 03d5 | 4200 09ca | 2900 40f9 | 4200 09ca 
  0x000000010e8bfa68: 48f4 7e92 | c800 00b4 | 2900 40f9 | 2901 7fb2 | 2900 00f9 | 0200 0014 | 2200 00f9 

  0x000000010e8bfa84: ;   {metadata(method data for {method} {0x000000011e4ceb68} 'invokeImpl' '(Ljava/lang/Object;[Ljava/lang/Object;)Ljava/lang/Object;' in 'jdk/internal/reflect/DirectMethodHandleAccessor')}
  0x000000010e8bfa84: 0141 89d2 | 81ef a3f2 | 2100 c0f2 | 22c4 40f9 | 4204 0091 | 22c4 00f9 | fd7b 50a9 | ff43 0491 
  0x000000010e8bfaa4: ;   {poll_return}
  0x000000010e8bfaa4: 8817 40f9 | ff63 28eb | 6843 0054 | c003 5fd6 

  0x000000010e8bfab4: ;   {metadata(method data for {method} {0x000000011e3c4a50} 'checkExactType' '(Ljava/lang/invoke/MethodHandle;Ljava/lang/invoke/MethodType;)V' in 'java/lang/invoke/Invokers')}
  0x000000010e8bfab4: 00af 8cd2 | e0de a3f2 | 2000 c0f2 | 0894 40f9 | 0805 0091 | 0894 00f9 

  0x000000010e8bfacc: ;   {oop(a 'java/lang/invoke/MethodType'{0x0000000315db4ac8} = (Ljava/lang/Object;)Ljava/lang/Object;)}
  0x000000010e8bfacc: 0059 89d2 | 60bb a2f2 | 6000 c0f2 | e203 00aa 

  0x000000010e8bfadc: ; ImmutableOopMap {rfp=Oop [184]=Oop [240]=Oop }
                      ;*invokestatic newWrongMethodTypeException {reexecute=0 rethrow=0 return_oop=0}
                      ; - java.lang.invoke.Invokers::checkExactType@12
                      ; - java.lang.invoke.Invokers$Holder::invokeExact_MT@10
                      ; - jdk.internal.reflect.DirectMethodHandleAccessor::invokeImpl@41
                      ; - jdk.internal.reflect.DirectMethodHandleAccessor::invoke@23
                      ;   {static_call}
  0x000000010e8bfadc: c98f d195 

  0x000000010e8bfae0: ;   {post_call_nop}
  0x000000010e8bfae0: 1f20 03d5 | 1fe3 83f2 | 1f80 81f2 

  0x000000010e8bfaec: ; implicit exception: dispatches to 0x000000010e8c0324
                      ; ImmutableOopMap {rfp=Oop c_rarg0=Oop [184]=Oop [240]=Oop }
                      ;*athrow {reexecute=1 rethrow=0 return_oop=0}
                      ; - (reexecute) java.lang.invoke.Invokers::checkExactType@15
                      ; - java.lang.invoke.Invokers$Holder::invokeExact_MT@10
                      ; - jdk.internal.reflect.DirectMethodHandleAccessor::invokeImpl@41
                      ; - jdk.internal.reflect.DirectMethodHandleAccessor::invoke@23
  0x000000010e8bfaec: 1f00 40f9 

  0x000000010e8bfaf0: ;   {section_word}
  0x000000010e8bfaf0: 0300 0010 

  0x000000010e8bfaf4: ;   {runtime_call C1 Runtime handle_exception_nofpu_blob}
  0x000000010e8bfaf4: 6361 d495 | 1f20 03d5 

  0x000000010e8bfafc: ;   {metadata(method data for {method} {0x000000011e3c4a50} 'checkExactType' '(Ljava/lang/invoke/MethodHandle;Ljava/lang/invoke/MethodType;)V' in 'java/lang/invoke/Invokers')}
  0x000000010e8bfafc: 00af 8cd2 | e0de a3f2 | 2000 c0f2 | 0894 40f9 | 0805 0091 | 0894 00f9 

  0x000000010e8bfb14: ;   {oop(a 'java/lang/invoke/MethodType'{0x0000000315db8b88} = (Ljava/lang/Object;Ljava/lang/Object;)Ljava/lang/Object;)}
  0x000000010e8bfb14: 0071 91d2 | 60bb a2f2 | 6000 c0f2 | e203 00aa 

  0x000000010e8bfb24: ; ImmutableOopMap {rfp=Oop [184]=Oop [224]=Oop [232]=Oop }
                      ;*invokestatic newWrongMethodTypeException {reexecute=0 rethrow=0 return_oop=0}
                      ; - java.lang.invoke.Invokers::checkExactType@12
                      ; - java.lang.invoke.Invokers$Holder::invokeExact_MT@10
                      ; - jdk.internal.reflect.DirectMethodHandleAccessor::invokeImpl@55
                      ; - jdk.internal.reflect.DirectMethodHandleAccessor::invoke@23
                      ;   {static_call}
  0x000000010e8bfb24: b78f d195 

  0x000000010e8bfb28: ;   {post_call_nop}
  0x000000010e8bfb28: 1f20 03d5 | 1fec 83f2 | 1fc0 81f2 

  0x000000010e8bfb34: ; implicit exception: dispatches to 0x000000010e8c0328
                      ; ImmutableOopMap {rfp=Oop c_rarg0=Oop [184]=Oop [224]=Oop [232]=Oop }
                      ;*athrow {reexecute=1 rethrow=0 return_oop=0}
                      ; - (reexecute) java.lang.invoke.Invokers::checkExactType@15
                      ; - java.lang.invoke.Invokers$Holder::invokeExact_MT@10
                      ; - jdk.internal.reflect.DirectMethodHandleAccessor::invokeImpl@55
                      ; - jdk.internal.reflect.DirectMethodHandleAccessor::invoke@23
  0x000000010e8bfb34: 1f00 40f9 

  0x000000010e8bfb38: ;   {section_word}
  0x000000010e8bfb38: 0300 0010 

  0x000000010e8bfb3c: ;   {runtime_call C1 Runtime handle_exception_nofpu_blob}
  0x000000010e8bfb3c: 5161 d495 | 1f20 03d5 

  0x000000010e8bfb44: ;   {metadata(method data for {method} {0x000000011e3c4a50} 'checkExactType' '(Ljava/lang/invoke/MethodHandle;Ljava/lang/invoke/MethodType;)V' in 'java/lang/invoke/Invokers')}
  0x000000010e8bfb44: 00af 8cd2 | e0de a3f2 | 2000 c0f2 | 0894 40f9 | 0805 0091 | 0894 00f9 

  0x000000010e8bfb5c: ;   {oop(a 'java/lang/invoke/MethodType'{0x0000000315dbc4c8} = (Ljava/lang/Object;Ljava/lang/Object;Ljava/lang/Object;)Ljava/lang/Object;)}
  0x000000010e8bfb5c: 0099 98d2 | 60bb a2f2 | 6000 c0f2 | e203 00aa 

  0x000000010e8bfb6c: ; ImmutableOopMap {rfp=Oop [184]=Oop [200]=Oop [208]=Oop [216]=Oop }
                      ;*invokestatic newWrongMethodTypeException {reexecute=0 rethrow=0 return_oop=0}
                      ; - java.lang.invoke.Invokers::checkExactType@12
                      ; - java.lang.invoke.LambdaForm$MH/0x00000200000c2000::invokeExact_MT@11
                      ; - jdk.internal.reflect.DirectMethodHandleAccessor::invokeImpl@72
                      ; - jdk.internal.reflect.DirectMethodHandleAccessor::invoke@23
                      ;   {static_call}
  0x000000010e8bfb6c: a58f d195 

  0x000000010e8bfb70: ;   {post_call_nop}
  0x000000010e8bfb70: 1f20 03d5 | 1ff5 83f2 | 1f00 82f2 

  0x000000010e8bfb7c: ; implicit exception: dispatches to 0x000000010e8c032c
                      ; ImmutableOopMap {rfp=Oop c_rarg0=Oop [184]=Oop [200]=Oop [208]=Oop [216]=Oop }
                      ;*athrow {reexecute=1 rethrow=0 return_oop=0}
                      ; - (reexecute) java.lang.invoke.Invokers::checkExactType@15
                      ; - java.lang.invoke.LambdaForm$MH/0x00000200000c2000::invokeExact_MT@11
                      ; - jdk.internal.reflect.DirectMethodHandleAccessor::invokeImpl@72
                      ; - jdk.internal.reflect.DirectMethodHandleAccessor::invoke@23
  0x000000010e8bfb7c: 1f00 40f9 

  0x000000010e8bfb80: ;   {section_word}
  0x000000010e8bfb80: 0300 0010 

  0x000000010e8bfb84: ;   {runtime_call C1 Runtime handle_exception_nofpu_blob}
  0x000000010e8bfb84: 3f61 d495 | 1f20 03d5 | fd03 02aa 

  0x000000010e8bfb90: ;   {metadata(method data for {method} {0x000000011e3c4a50} 'checkExactType' '(Ljava/lang/invoke/MethodHandle;Ljava/lang/invoke/MethodType;)V' in 'java/lang/invoke/Invokers')}
  0x000000010e8bfb90: 02af 8cd2 | e2de a3f2 | 2200 c0f2 | 4894 40f9 | 0805 0091 | 4894 00f9 

  0x000000010e8bfba8: ;   {oop(a 'java/lang/invoke/MethodType'{0x0000000315f99a38} = (Ljava/lang/Object;[Ljava/lang/Object;)Ljava/lang/Object;)}
  0x000000010e8bfba8: 0247 93d2 | 22bf a2f2 | 6200 c0f2 

  0x000000010e8bfbb4: ; ImmutableOopMap {rfp=Oop [168]=Oop [184]=Oop [192]=Oop }
                      ;*invokestatic newWrongMethodTypeException {reexecute=0 rethrow=0 return_oop=0}
                      ; - java.lang.invoke.Invokers::checkExactType@12
                      ; - java.lang.invoke.Invokers$Holder::invokeExact_MT@10
                      ; - jdk.internal.reflect.DirectMethodHandleAccessor::invokeImpl@104
                      ; - jdk.internal.reflect.DirectMethodHandleAccessor::invoke@23
                      ;   {static_call}
  0x000000010e8bfbb4: 938f d195 

  0x000000010e8bfbb8: ;   {post_call_nop}
  0x000000010e8bfbb8: 1f20 03d5 | 1ffe 83f2 | 1f40 82f2 

  0x000000010e8bfbc4: ; implicit exception: dispatches to 0x000000010e8c0330
                      ; ImmutableOopMap {rfp=Oop c_rarg0=Oop [168]=Oop [184]=Oop [192]=Oop }
                      ;*athrow {reexecute=1 rethrow=0 return_oop=0}
                      ; - (reexecute) java.lang.invoke.Invokers::checkExactType@15
                      ; - java.lang.invoke.Invokers$Holder::invokeExact_MT@10
                      ; - jdk.internal.reflect.DirectMethodHandleAccessor::invokeImpl@104
                      ; - jdk.internal.reflect.DirectMethodHandleAccessor::invoke@23
  0x000000010e8bfbc4: 1f00 40f9 

  0x000000010e8bfbc8: ;   {section_word}
  0x000000010e8bfbc8: 0300 0010 

  0x000000010e8bfbcc: ;   {runtime_call C1 Runtime handle_exception_nofpu_blob}
  0x000000010e8bfbcc: 2d61 d495 | 1f20 03d5 | 80b7 42f9 | 9fb7 02f9 | 9fbb 02f9 | fd03 00aa | e15f 40f9 

  0x000000010e8bfbe8: ;   {metadata(method data for {method} {0x000000011e4ce860} 'invoke' '(Ljava/lang/Object;[Ljava/lang/Object;)Ljava/lang/Object;' in 'jdk/internal/reflect/DirectMethodHandleAccessor')}
  0x000000010e8bfbe8: 0229 88d2 | 82ef a3f2 | 2200 c0f2 | 4804 41f9 | 0805 0091 | 4804 01f9 

  0x000000010e8bfc00: ;   {metadata(method data for {method} {0x000000011e4cef60} 'isIllegalArgument' '(Ljava/lang/RuntimeException;)Z' in 'jdk/internal/reflect/DirectMethodHandleAccessor')}
  0x000000010e8bfc00: 01b8 89d2 | 81ef a3f2 | 2100 c0f2 | 2290 40b9 | 4208 0011 | 2290 00b9 | 424c 1f12 | 5f00 0071 
  0x000000010e8bfc20: a038 0054 

  0x000000010e8bfc24: ;   {oop(a 'java/lang/Class'{0x0000000315dcbd50} = 'jdk/internal/reflect/DirectMethodHandleAccessor')}
  0x000000010e8bfc24: 01aa 97d2 | 81bb a2f2 | 6100 c0f2 | e203 1daa 

  0x000000010e8bfc34: ; ImmutableOopMap {rfp=Oop }
                      ;*invokestatic isIllegalArgument {reexecute=0 rethrow=0 return_oop=0}
                      ; - jdk.internal.reflect.DirectMethodHandleAccessor::isIllegalArgument@3
                      ; - jdk.internal.reflect.DirectMethodHandleAccessor::invoke@58
                      ;   {static_call}
  0x000000010e8bfc34: 738f d195 

  0x000000010e8bfc38: ;   {post_call_nop}
  0x000000010e8bfc38: 1f20 03d5 | 1f0e 84f2 | 1f80 82f2 | 0000 0012 | 1f00 0071 

  0x000000010e8bfc4c: ;   {metadata(method data for {method} {0x000000011e4ce860} 'invoke' '(Ljava/lang/Object;[Ljava/lang/Object;)Ljava/lang/Object;' in 'jdk/internal/reflect/DirectMethodHandleAccessor')}
  0x000000010e8bfc4c: 0029 88d2 | 80ef a3f2 | 2000 c0f2 | 0847 80d2 | 0949 80d2 | 0101 899a | 0268 61f8 | 4204 0091 
  0x000000010e8bfc6c: 0268 21f8 | a011 0054 | 6d00 0014 | fd5f 40f9 | 80b7 42f9 | 9fb7 02f9 | 9fbb 02f9 

  0x000000010e8bfc88: ;   {metadata(method data for {method} {0x000000011e4ce860} 'invoke' '(Ljava/lang/Object;[Ljava/lang/Object;)Ljava/lang/Object;' in 'jdk/internal/reflect/DirectMethodHandleAccessor')}
  0x000000010e8bfc88: 0129 88d2 | 81ef a3f2 | 2100 c0f2 | 28cc 40f9 | 0805 0091 | 28cc 00f9 

  0x000000010e8bfca0: ;   {metadata(method data for {method} {0x000000011e4cef60} 'isIllegalArgument' '(Ljava/lang/RuntimeException;)Z' in 'jdk/internal/reflect/DirectMethodHandleAccessor')}
  0x000000010e8bfca0: 01b8 89d2 | 81ef a3f2 | 2100 c0f2 | 2290 40b9 | 4208 0011 | 2290 00b9 | 424c 1f12 | 5f00 0071 
  0x000000010e8bfcc0: a034 0054 

  0x000000010e8bfcc4: ;   {oop(a 'java/lang/Class'{0x0000000315dcbd50} = 'jdk/internal/reflect/DirectMethodHandleAccessor')}
  0x000000010e8bfcc4: 01aa 97d2 | 81bb a2f2 | 6100 c0f2 | e203 00aa | fd03 00aa 

  0x000000010e8bfcd8: ; ImmutableOopMap {rfp=Oop }
                      ;*invokestatic isIllegalArgument {reexecute=0 rethrow=0 return_oop=0}
                      ; - jdk.internal.reflect.DirectMethodHandleAccessor::isIllegalArgument@3
                      ; - jdk.internal.reflect.DirectMethodHandleAccessor::invoke@30
                      ;   {static_call}
  0x000000010e8bfcd8: 4a8f d195 

  0x000000010e8bfcdc: ;   {post_call_nop}
  0x000000010e8bfcdc: 1f20 03d5 | 9f22 84f2 | 1fa0 82f2 | 0300 0012 | 7f00 0071 

  0x000000010e8bfcf0: ;   {metadata(method data for {method} {0x000000011e4ce860} 'invoke' '(Ljava/lang/Object;[Ljava/lang/Object;)Ljava/lang/Object;' in 'jdk/internal/reflect/DirectMethodHandleAccessor')}
  0x000000010e8bfcf0: 0329 88d2 | 83ef a3f2 | 2300 c0f2 | 0839 80d2 | 093b 80d2 | 0001 899a | 6468 60f8 | 8404 0091 
  0x000000010e8bfd10: 6468 20f8 | 4004 0054 

  0x000000010e8bfd18: ; ImmutableOopMap {}
                      ;*new {reexecute=0 rethrow=0 return_oop=0}
                      ; - jdk.internal.reflect.DirectMethodHandleAccessor::invoke@36
                      ;   {runtime_call C1 Runtime load_mirror_patching_blob}
  0x000000010e8bfd18: fa66 d495 | 80e7 40f9 | 0ba0 0091 | 88ef 40f9 | 7f01 08eb | 4832 0054 | 8be7 00f9 | ea03 40b2 
  0x000000010e8bfd38: 0a00 00f9 | 6a00 57d2 | 0a7c 0129 | 0a40 0091 | 5f01 00f9 | 5ffd 00a9 | bf3a 03d5 | fd03 00aa 
  0x000000010e8bfd58: e203 1daa 

  0x000000010e8bfd5c: ;   {metadata(method data for {method} {0x000000011e4ce860} 'invoke' '(Ljava/lang/Object;[Ljava/lang/Object;)Ljava/lang/Object;' in 'jdk/internal/reflect/DirectMethodHandleAccessor')}
  0x000000010e8bfd5c: 0129 88d2 | 81ef a3f2 | 2100 c0f2 | 28f4 40f9 | 0805 0091 | 28f4 00f9 

  0x000000010e8bfd74: ;   {oop("argument type mismatch"{0x0000000315f5c150})}
  0x000000010e8bfd74: 022a 98d2 | a2be a2f2 | 6200 c0f2 | e103 1daa 

  0x000000010e8bfd84: ; ImmutableOopMap {rfp=Oop }
                      ;*invokespecial <init> {reexecute=0 rethrow=0 return_oop=0}
                      ; - jdk.internal.reflect.DirectMethodHandleAccessor::invoke@42
                      ;   {optimized virtual_call}
  0x000000010e8bfd84: 1f8e d195 

  0x000000010e8bfd88: ;   {post_call_nop}
  0x000000010e8bfd88: 1f20 03d5 | 1f38 84f2 | 1fe0 82f2 | e003 1daa | 8701 0014 

  0x000000010e8bfd9c: ; ImmutableOopMap {rfp=Oop }
                      ;*new {reexecute=0 rethrow=0 return_oop=0}
                      ; - jdk.internal.reflect.DirectMethodHandleAccessor::invoke@46
                      ;   {runtime_call C1 Runtime load_mirror_patching_blob}
  0x000000010e8bfd9c: d966 d495 | 68a0 0591 | 08fd df08 | 1f11 0071 

  0x000000010e8bfdac: ; implicit exception: dispatches to 0x000000010e8c037c
  0x000000010e8bfdac: a12e 0054 | 80e7 40f9 | 0ba0 0091 | 88ef 40f9 | 7f01 08eb | 082e 0054 | 8be7 00f9 | ea03 40b2 
  0x000000010e8bfdcc: 0a00 00f9 | 6a00 57d2 | 0a7c 0129 | 0a40 0091 | 5f01 00f9 | 5ffd 00a9 | bf3a 03d5 | e203 00aa 
  0x000000010e8bfdec: ;   {metadata(method data for {method} {0x000000011e4ce860} 'invoke' '(Ljava/lang/Object;[Ljava/lang/Object;)Ljava/lang/Object;' in 'jdk/internal/reflect/DirectMethodHandleAccessor')}
  0x000000010e8bfdec: 0129 88d2 | 81ef a3f2 | 2100 c0f2 | 28fc 40f9 | 0805 0091 | 28fc 00f9 | e203 1daa | e103 00aa 
  0x000000010e8bfe0c: fd03 00aa 

  0x000000010e8bfe10: ; ImmutableOopMap {rfp=Oop }
                      ;*invokespecial <init> {reexecute=0 rethrow=0 return_oop=0}
                      ; - jdk.internal.reflect.DirectMethodHandleAccessor::invoke@51
                      ;   {optimized virtual_call}
  0x000000010e8bfe10: fc8d d195 

  0x000000010e8bfe14: ;   {post_call_nop}
  0x000000010e8bfe14: 1f20 03d5 | 9f49 84f2 | 1f20 83f2 | e003 1daa | 6401 0014 

  0x000000010e8bfe28: ; ImmutableOopMap {rfp=Oop }
                      ;*new {reexecute=0 rethrow=0 return_oop=0}
                      ; - jdk.internal.reflect.DirectMethodHandleAccessor::invoke@64
                      ;   {runtime_call C1 Runtime load_mirror_patching_blob}
  0x000000010e8bfe28: b666 d495 | 80e7 40f9 | 0ba0 0091 | 88ef 40f9 | 7f01 08eb | 682a 0054 | 8be7 00f9 | ea03 40b2 
  0x000000010e8bfe48: 0a00 00f9 | 6a00 57d2 | 0a7c 0129 | 0a40 0091 | 5f01 00f9 | 5ffd 00a9 | bf3a 03d5 | e203 00aa 
  0x000000010e8bfe68: ;   {metadata(method data for {method} {0x000000011e4ce860} 'invoke' '(Ljava/lang/Object;[Ljava/lang/Object;)Ljava/lang/Object;' in 'jdk/internal/reflect/DirectMethodHandleAccessor')}
  0x000000010e8bfe68: 0129 88d2 | 81ef a3f2 | 2100 c0f2 | 282c 41f9 | 0805 0091 | 282c 01f9 | e203 1daa | e103 00aa 
  0x000000010e8bfe88: fd03 00aa 

  0x000000010e8bfe8c: ; ImmutableOopMap {rfp=Oop }
                      ;*invokespecial <init> {reexecute=0 rethrow=0 return_oop=0}
                      ; - jdk.internal.reflect.DirectMethodHandleAccessor::invoke@69
                      ;   {optimized virtual_call}
  0x000000010e8bfe8c: dd8d d195 

  0x000000010e8bfe90: ;   {post_call_nop}
  0x000000010e8bfe90: 1f20 03d5 | 1f59 84f2 | 1f60 83f2 | e003 1daa | 4501 0014 

  0x000000010e8bfea4: ; ImmutableOopMap {rfp=Oop }
                      ;*new {reexecute=0 rethrow=0 return_oop=0}
                      ; - jdk.internal.reflect.DirectMethodHandleAccessor::invoke@73
                      ;   {runtime_call C1 Runtime load_mirror_patching_blob}
  0x000000010e8bfea4: 9766 d495 | 68a0 0591 | 08fd df08 | 1f11 0071 

  0x000000010e8bfeb4: ; implicit exception: dispatches to 0x000000010e8c0390
  0x000000010e8bfeb4: 0127 0054 | 80e7 40f9 | 0ba0 0091 | 88ef 40f9 | 7f01 08eb | 6826 0054 | 8be7 00f9 | ea03 40b2 
  0x000000010e8bfed4: 0a00 00f9 | 6a00 57d2 | 0a7c 0129 | 0a40 0091 | 5f01 00f9 | 5ffd 00a9 | bf3a 03d5 | e203 00aa 
  0x000000010e8bfef4: ;   {metadata(method data for {method} {0x000000011e4ce860} 'invoke' '(Ljava/lang/Object;[Ljava/lang/Object;)Ljava/lang/Object;' in 'jdk/internal/reflect/DirectMethodHandleAccessor')}
  0x000000010e8bfef4: 0129 88d2 | 81ef a3f2 | 2100 c0f2 | 2834 41f9 | 0805 0091 | 2834 01f9 | e203 1daa | e103 00aa 
  0x000000010e8bff14: fd03 00aa 

  0x000000010e8bff18: ; ImmutableOopMap {rfp=Oop }
                      ;*invokespecial <init> {reexecute=0 rethrow=0 return_oop=0}
                      ; - jdk.internal.reflect.DirectMethodHandleAccessor::invoke@78
                      ;   {optimized virtual_call}
  0x000000010e8bff18: ba8d d195 

  0x000000010e8bff1c: ;   {post_call_nop}
  0x000000010e8bff1c: 1f20 03d5 | 9f6a 84f2 | 1fa0 83f2 | e003 1daa | 2201 0014 | 80b7 42f9 | 9fb7 02f9 | 9fbb 02f9 
  0x000000010e8bff3c: e203 00aa 

  0x000000010e8bff40: ; ImmutableOopMap {c_rarg2=Oop }
                      ;*new {reexecute=0 rethrow=0 return_oop=0}
                      ; - jdk.internal.reflect.DirectMethodHandleAccessor::invoke@83
                      ;   {runtime_call C1 Runtime load_mirror_patching_blob}
  0x000000010e8bff40: 7066 d495 | 68a0 0591 | 08fd df08 | 1f11 0071 

  0x000000010e8bff50: ; implicit exception: dispatches to 0x000000010e8c039c
  0x000000010e8bff50: 8122 0054 | 80e7 40f9 | 0ba0 0091 | 88ef 40f9 | 7f01 08eb | e821 0054 | 8be7 00f9 | ea03 40b2 
  0x000000010e8bff70: 0a00 00f9 | 6a00 57d2 | 0a7c 0129 | 0a40 0091 | 5f01 00f9 | 5ffd 00a9 | bf3a 03d5 | fd03 00aa 
  0x000000010e8bff90: e103 1daa 

  0x000000010e8bff94: ;   {metadata(method data for {method} {0x000000011e4ce860} 'invoke' '(Ljava/lang/Object;[Ljava/lang/Object;)Ljava/lang/Object;' in 'jdk/internal/reflect/DirectMethodHandleAccessor')}
  0x000000010e8bff94: 0029 88d2 | 80ef a3f2 | 2000 c0f2 | 083c 41f9 | 0805 0091 | 083c 01f9 | e103 1daa 

  0x000000010e8bffb0: ; ImmutableOopMap {rfp=Oop }
                      ;*invokespecial <init> {reexecute=0 rethrow=0 return_oop=0}
                      ; - jdk.internal.reflect.DirectMethodHandleAccessor::invoke@88
                      ;   {optimized virtual_call}
  0x000000010e8bffb0: 948d d195 

  0x000000010e8bffb4: ;   {post_call_nop}
  0x000000010e8bffb4: 1f20 03d5 | 9f7d 84f2 | 1fe0 83f2 | e003 1daa | fc00 0014 

  0x000000010e8bffc8: ;   {metadata({method} {0x000000011e4ce860} 'invoke' '(Ljava/lang/Object;[Ljava/lang/Object;)Ljava/lang/Object;' in 'jdk/internal/reflect/DirectMethodHandleAccessor')}
  0x000000010e8bffc8: 080c 9dd2 | 88c9 a3f2 | 2800 c0f2 | e807 00f9 | 0800 8092 | e803 00f9 

  0x000000010e8bffe0: ; ImmutableOopMap {rfp=Oop c_rarg2=Oop c_rarg3=Oop [168]=Oop [184]=Oop }
                      ;*synchronization entry
                      ; - jdk.internal.reflect.DirectMethodHandleAccessor::invoke@-1
                      ;   {runtime_call C1 Runtime counter_overflow_blob}
  0x000000010e8bffe0: a867 d495 | 62f7 ff17 

  0x000000010e8bffe8: ;   {metadata({method} {0x000000011e4cedd0} 'isStatic' '()Z' in 'jdk/internal/reflect/DirectMethodHandleAccessor')}
  0x000000010e8bffe8: 08ba 9dd2 | 88c9 a3f2 | 2800 c0f2 | e807 00f9 | 0800 8092 | e803 00f9 

  0x000000010e8c0000: ; ImmutableOopMap {rfp=Oop c_rarg2=Oop c_rarg3=Oop [168]=Oop [184]=Oop }
                      ;*synchronization entry
                      ; - jdk.internal.reflect.DirectMethodHandleAccessor::isStatic@-1
                      ; - jdk.internal.reflect.DirectMethodHandleAccessor::invoke@1
                      ;   {runtime_call C1 Runtime counter_overflow_blob}
  0x000000010e8c0000: a067 d495 | 6af7 ff17 

  0x000000010e8c0008: ;   {metadata({method} {0x000000011e4ceb68} 'invokeImpl' '(Ljava/lang/Object;[Ljava/lang/Object;)Ljava/lang/Object;' in 'jdk/internal/reflect/DirectMethodHandleAccessor')}
  0x000000010e8c0008: 086d 9dd2 | 88c9 a3f2 | 2800 c0f2 | e807 00f9 | 0800 8092 | e803 00f9 

  0x000000010e8c0020: ; ImmutableOopMap {rfp=Oop [168]=Oop [176]=Oop [184]=Oop }
                      ;*synchronization entry
                      ; - jdk.internal.reflect.DirectMethodHandleAccessor::invokeImpl@-1
                      ; - jdk.internal.reflect.DirectMethodHandleAccessor::invoke@23
                      ;   {runtime_call C1 Runtime counter_overflow_blob}
  0x000000010e8c0020: 9867 d495 | b1f7 ff17 

  0x000000010e8c0028: ;   {metadata({method} {0x000000011e421218} 'invokeExact_MT' '(Ljava/lang/Object;Ljava/lang/Object;Ljava/lang/Object;Ljava/lang/Object;)Ljava/lang/Object;' in 'java/lang/invoke/Invokers$Holder')}
  0x000000010e8c0028: 0843 82d2 | 48c8 a3f2 | 2800 c0f2 | e807 00f9 | 0800 8092 | e803 00f9 

  0x000000010e8c0040: ; ImmutableOopMap {rfp=Oop c_rarg2=Oop c_rarg0=Oop [168]=Oop [184]=Oop [192]=Oop }
                      ;*synchronization entry
                      ; - java.lang.invoke.Invokers$Holder::invokeExact_MT@-1
                      ; - jdk.internal.reflect.DirectMethodHandleAccessor::invokeImpl@104
                      ; - jdk.internal.reflect.DirectMethodHandleAccessor::invoke@23
                      ;   {runtime_call C1 Runtime counter_overflow_blob}
  0x000000010e8c0040: 9067 d495 | 14f8 ff17 

  0x000000010e8c0048: ;   {metadata({method} {0x000000011e3c4a50} 'checkExactType' '(Ljava/lang/invoke/MethodHandle;Ljava/lang/invoke/MethodType;)V' in 'java/lang/invoke/Invokers')}
  0x000000010e8c0048: 084a 89d2 | 88c7 a3f2 | 2800 c0f2 | e807 00f9 | 0800 8092 | e803 00f9 

  0x000000010e8c0060: ; ImmutableOopMap {rfp=Oop c_rarg2=Oop c_rarg0=Oop [168]=Oop [184]=Oop [192]=Oop }
                      ;*synchronization entry
                      ; - java.lang.invoke.Invokers::checkExactType@-1
                      ; - java.lang.invoke.Invokers$Holder::invokeExact_MT@10
                      ; - jdk.internal.reflect.DirectMethodHandleAccessor::invokeImpl@104
                      ; - jdk.internal.reflect.DirectMethodHandleAccessor::invoke@23
                      ;   {runtime_call C1 Runtime counter_overflow_blob}
  0x000000010e8c0060: 8867 d495 | 2ff8 ff17 

  0x000000010e8c0068: ; ImmutableOopMap {rfp=Oop c_rarg2=Oop c_rarg0=Oop [168]=Oop [184]=Oop [192]=Oop }
                      ;*invokevirtual type {reexecute=0 rethrow=0 return_oop=0}
                      ; - java.lang.invoke.Invokers::checkExactType@1
                      ; - java.lang.invoke.Invokers$Holder::invokeExact_MT@10
                      ; - jdk.internal.reflect.DirectMethodHandleAccessor::invokeImpl@104
                      ; - jdk.internal.reflect.DirectMethodHandleAccessor::invoke@23
                      ;   {runtime_call C1 Runtime throw_null_pointer_exception_blob}
  0x000000010e8c0068: 765c d495 

  0x000000010e8c006c: ;   {metadata({method} {0x000000011e3c5140} 'checkCustomized' '(Ljava/lang/invoke/MethodHandle;)V' in 'java/lang/invoke/Invokers')}
  0x000000010e8c006c: 0828 8ad2 | 88c7 a3f2 | 2800 c0f2 | e807 00f9 | 0800 8092 | e803 00f9 

  0x000000010e8c0084: ; ImmutableOopMap {rfp=Oop c_rarg2=Oop c_rarg0=Oop [168]=Oop [184]=Oop [192]=Oop }
                      ;*synchronization entry
                      ; - java.lang.invoke.Invokers::checkCustomized@-1
                      ; - java.lang.invoke.Invokers$Holder::invokeExact_MT@14
                      ; - jdk.internal.reflect.DirectMethodHandleAccessor::invokeImpl@104
                      ; - jdk.internal.reflect.DirectMethodHandleAccessor::invoke@23
                      ;   {runtime_call C1 Runtime counter_overflow_blob}
  0x000000010e8c0084: 7f67 d495 | 78f8 ff17 

  0x000000010e8c008c: ;   {metadata({method} {0x000000011e09b8f0} 'isCompileConstant' '(Ljava/lang/Object;)Z' in 'java/lang/invoke/MethodHandleImpl')}
  0x000000010e8c008c: 081e 97d2 | 28c1 a3f2 | 2800 c0f2 | e807 00f9 | 0800 8092 | e803 00f9 

  0x000000010e8c00a4: ; ImmutableOopMap {rfp=Oop c_rarg2=Oop c_rarg0=Oop [168]=Oop [184]=Oop [192]=Oop }
                      ;*synchronization entry
                      ; - java.lang.invoke.MethodHandleImpl::isCompileConstant@-1
                      ; - java.lang.invoke.Invokers::checkCustomized@1
                      ; - java.lang.invoke.Invokers$Holder::invokeExact_MT@14
                      ; - jdk.internal.reflect.DirectMethodHandleAccessor::invokeImpl@104
                      ; - jdk.internal.reflect.DirectMethodHandleAccessor::invoke@23
                      ;   {runtime_call C1 Runtime counter_overflow_blob}
  0x000000010e8c00a4: 7767 d495 | 7ff8 ff17 

  0x000000010e8c00ac: ; ImmutableOopMap {rfp=Oop c_rarg2=Oop c_rarg0=Oop [168]=Oop [184]=Oop [192]=Oop }
                      ;*getfield customized {reexecute=1 rethrow=0 return_oop=0}
                      ; - (reexecute) java.lang.invoke.Invokers::checkCustomized@12
                      ; - java.lang.invoke.Invokers$Holder::invokeExact_MT@14
                      ; - jdk.internal.reflect.DirectMethodHandleAccessor::invokeImpl@104
                      ; - jdk.internal.reflect.DirectMethodHandleAccessor::invoke@23
                      ;   {runtime_call C1 Runtime throw_null_pointer_exception_blob}
  0x000000010e8c00ac: 655c d495 

  0x000000010e8c00b0: ;   {internal_word}
  0x000000010e8c00b0: 2824 ff10 | 8863 02f9 

  0x000000010e8c00b8: ;   {runtime_call SafepointBlob}
  0x000000010e8c00b8: f292 d115 

  0x000000010e8c00bc: ; ImmutableOopMap {c_rarg0=Oop rfp=Oop c_rarg3=Oop c_rarg1=Oop [168]=Oop [184]=Oop }
                      ;*aaload {reexecute=0 rethrow=0 return_oop=0}
                      ; - jdk.internal.reflect.DirectMethodHandleAccessor::invokeImpl@85
                      ; - jdk.internal.reflect.DirectMethodHandleAccessor::invoke@23
                      ;   {runtime_call C1 Runtime throw_null_pointer_exception_blob}
  0x000000010e8c00bc: 615c d495 | 0800 80d2 | e903 03aa 

  0x000000010e8c00c8: ;   {runtime_call C1 Runtime throw_range_check_failed_blob}
  0x000000010e8c00c8: 1eb8 8dd2 | bebb a2f2 | 3e00 c0f2 

  0x000000010e8c00d4: ; ImmutableOopMap {c_rarg0=Oop rfp=Oop c_rarg3=Oop c_rarg1=Oop [168]=Oop [184]=Oop }
                      ;*aaload {reexecute=0 rethrow=0 return_oop=0}
                      ; - jdk.internal.reflect.DirectMethodHandleAccessor::invokeImpl@85
                      ; - jdk.internal.reflect.DirectMethodHandleAccessor::invoke@23
  0x000000010e8c00d4: c003 3fd6 | e803 40b2 | e903 03aa 

  0x000000010e8c00e0: ;   {runtime_call C1 Runtime throw_range_check_failed_blob}
  0x000000010e8c00e0: 1eb8 8dd2 | bebb a2f2 | 3e00 c0f2 

  0x000000010e8c00ec: ; ImmutableOopMap {c_rarg0=Oop rfp=Oop c_rarg3=Oop c_rarg1=Oop c_rarg4=Oop [168]=Oop [184]=Oop }
                      ;*aaload {reexecute=0 rethrow=0 return_oop=0}
                      ; - jdk.internal.reflect.DirectMethodHandleAccessor::invokeImpl@88
                      ; - jdk.internal.reflect.DirectMethodHandleAccessor::invoke@23
  0x000000010e8c00ec: c003 3fd6 | e803 7fb2 | e903 03aa 

  0x000000010e8c00f8: ;   {runtime_call C1 Runtime throw_range_check_failed_blob}
  0x000000010e8c00f8: 1eb8 8dd2 | bebb a2f2 | 3e00 c0f2 

  0x000000010e8c0104: ; ImmutableOopMap {c_rarg0=Oop rfp=Oop c_rarg3=Oop c_rarg1=Oop c_rarg4=Oop c_rarg5=Oop [168]=Oop [184]=Oop }
                      ;*aaload {reexecute=0 rethrow=0 return_oop=0}
                      ; - jdk.internal.reflect.DirectMethodHandleAccessor::invokeImpl@91
                      ; - jdk.internal.reflect.DirectMethodHandleAccessor::invoke@23
  0x000000010e8c0104: c003 3fd6 

  0x000000010e8c0108: ; ImmutableOopMap {c_rarg0=Oop rfp=Oop c_rarg1=Oop c_rarg4=Oop c_rarg5=Oop c_rarg6=Oop c_rarg7=Oop [184]=Oop }
                      ;*invokevirtual invokeExact {reexecute=0 rethrow=0 return_oop=0}
                      ; - jdk.internal.reflect.DirectMethodHandleAccessor::invokeImpl@92
                      ; - jdk.internal.reflect.DirectMethodHandleAccessor::invoke@23
                      ;   {runtime_call C1 Runtime throw_null_pointer_exception_blob}
  0x000000010e8c0108: 4e5c d495 

  0x000000010e8c010c: ;   {internal_word}
  0x000000010e8c010c: 4836 ff10 | 8863 02f9 

  0x000000010e8c0114: ;   {runtime_call SafepointBlob}
  0x000000010e8c0114: db92 d115 

  0x000000010e8c0118: ; ImmutableOopMap {c_rarg0=Oop c_rarg3=Oop rfp=Oop c_rarg2=Oop [168]=Oop [184]=Oop [208]=Oop }
                      ;*aaload {reexecute=0 rethrow=0 return_oop=0}
                      ; - jdk.internal.reflect.DirectMethodHandleAccessor::invokeImpl@68
                      ; - jdk.internal.reflect.DirectMethodHandleAccessor::invoke@23
                      ;   {runtime_call C1 Runtime throw_null_pointer_exception_blob}
  0x000000010e8c0118: 4a5c d495 | 0800 80d2 | e903 03aa 

  0x000000010e8c0124: ;   {runtime_call C1 Runtime throw_range_check_failed_blob}
  0x000000010e8c0124: 1eb8 8dd2 | bebb a2f2 | 3e00 c0f2 

  0x000000010e8c0130: ; ImmutableOopMap {c_rarg0=Oop c_rarg3=Oop rfp=Oop c_rarg2=Oop [168]=Oop [184]=Oop [208]=Oop }
                      ;*aaload {reexecute=0 rethrow=0 return_oop=0}
                      ; - jdk.internal.reflect.DirectMethodHandleAccessor::invokeImpl@68
                      ; - jdk.internal.reflect.DirectMethodHandleAccessor::invoke@23
  0x000000010e8c0130: c003 3fd6 | e803 40b2 | e903 03aa 

  0x000000010e8c013c: ;   {runtime_call C1 Runtime throw_range_check_failed_blob}
  0x000000010e8c013c: 1eb8 8dd2 | bebb a2f2 | 3e00 c0f2 

  0x000000010e8c0148: ; ImmutableOopMap {c_rarg0=Oop c_rarg3=Oop rfp=Oop c_rarg2=Oop c_rarg4=Oop [168]=Oop [184]=Oop [200]=Oop [208]=Oop }
                      ;*aaload {reexecute=0 rethrow=0 return_oop=0}
                      ; - jdk.internal.reflect.DirectMethodHandleAccessor::invokeImpl@71
                      ; - jdk.internal.reflect.DirectMethodHandleAccessor::invoke@23
  0x000000010e8c0148: c003 3fd6 

  0x000000010e8c014c: ;   {metadata({method} {0x000000011e703ab0} 'invokeExact_MT' '(Ljava/lang/Object;Ljava/lang/Object;Ljava/lang/Object;Ljava/lang/Object;Ljava/lang/Object;)Ljava/lang/Object;' in 'java/lang/invoke/LambdaForm$MH+0x00000200000c2000')}
  0x000000010e8c014c: 0856 87d2 | 08ce a3f2 | 2800 c0f2 | e807 00f9 | 0800 8092 | e803 00f9 

  0x000000010e8c0164: ; ImmutableOopMap {c_rarg0=Oop rfp=Oop c_rarg2=Oop c_rarg4=Oop c_rarg3=Oop [184]=Oop [200]=Oop [208]=Oop [216]=Oop }
                      ;*synchronization entry
                      ; - java.lang.invoke.LambdaForm$MH/0x00000200000c2000::invokeExact_MT@-1
                      ; - jdk.internal.reflect.DirectMethodHandleAccessor::invokeImpl@72
                      ; - jdk.internal.reflect.DirectMethodHandleAccessor::invoke@23
                      ;   {runtime_call C1 Runtime counter_overflow_blob}
  0x000000010e8c0164: 4767 d495 | 19fa ff17 

  0x000000010e8c016c: ;   {metadata({method} {0x000000011e3c4a50} 'checkExactType' '(Ljava/lang/invoke/MethodHandle;Ljava/lang/invoke/MethodType;)V' in 'java/lang/invoke/Invokers')}
  0x000000010e8c016c: 084a 89d2 | 88c7 a3f2 | 2800 c0f2 | e807 00f9 | 0800 8092 | e803 00f9 

  0x000000010e8c0184: ; ImmutableOopMap {c_rarg0=Oop rfp=Oop c_rarg2=Oop c_rarg4=Oop c_rarg3=Oop [184]=Oop [200]=Oop [208]=Oop [216]=Oop }
                      ;*synchronization entry
                      ; - java.lang.invoke.Invokers::checkExactType@-1
                      ; - java.lang.invoke.LambdaForm$MH/0x00000200000c2000::invokeExact_MT@11
                      ; - jdk.internal.reflect.DirectMethodHandleAccessor::invokeImpl@72
                      ; - jdk.internal.reflect.DirectMethodHandleAccessor::invoke@23
                      ;   {runtime_call C1 Runtime counter_overflow_blob}
  0x000000010e8c0184: 3f67 d495 | 3ffa ff17 

  0x000000010e8c018c: ; ImmutableOopMap {c_rarg0=Oop rfp=Oop c_rarg2=Oop c_rarg4=Oop c_rarg3=Oop [184]=Oop [200]=Oop [208]=Oop [216]=Oop }
                      ;*invokevirtual type {reexecute=0 rethrow=0 return_oop=0}
                      ; - java.lang.invoke.Invokers::checkExactType@1
                      ; - java.lang.invoke.LambdaForm$MH/0x00000200000c2000::invokeExact_MT@11
                      ; - jdk.internal.reflect.DirectMethodHandleAccessor::invokeImpl@72
                      ; - jdk.internal.reflect.DirectMethodHandleAccessor::invoke@23
                      ;   {runtime_call C1 Runtime throw_null_pointer_exception_blob}
  0x000000010e8c018c: 2d5c d495 

  0x000000010e8c0190: ;   {metadata({method} {0x000000011e3c5140} 'checkCustomized' '(Ljava/lang/invoke/MethodHandle;)V' in 'java/lang/invoke/Invokers')}
  0x000000010e8c0190: 0828 8ad2 | 88c7 a3f2 | 2800 c0f2 | e807 00f9 | 0800 8092 | e803 00f9 

  0x000000010e8c01a8: ; ImmutableOopMap {c_rarg0=Oop rfp=Oop c_rarg2=Oop c_rarg4=Oop c_rarg3=Oop [184]=Oop [200]=Oop [208]=Oop [216]=Oop }
                      ;*synchronization entry
                      ; - java.lang.invoke.Invokers::checkCustomized@-1
                      ; - java.lang.invoke.LambdaForm$MH/0x00000200000c2000::invokeExact_MT@15
                      ; - jdk.internal.reflect.DirectMethodHandleAccessor::invokeImpl@72
                      ; - jdk.internal.reflect.DirectMethodHandleAccessor::invoke@23
                      ;   {runtime_call C1 Runtime counter_overflow_blob}
  0x000000010e8c01a8: 3667 d495 | 93fa ff17 

  0x000000010e8c01b0: ;   {metadata({method} {0x000000011e09b8f0} 'isCompileConstant' '(Ljava/lang/Object;)Z' in 'java/lang/invoke/MethodHandleImpl')}
  0x000000010e8c01b0: 081e 97d2 | 28c1 a3f2 | 2800 c0f2 | e807 00f9 | 0800 8092 | e803 00f9 

  0x000000010e8c01c8: ; ImmutableOopMap {c_rarg0=Oop rfp=Oop c_rarg2=Oop c_rarg4=Oop c_rarg3=Oop [184]=Oop [200]=Oop [208]=Oop [216]=Oop }
                      ;*synchronization entry
                      ; - java.lang.invoke.MethodHandleImpl::isCompileConstant@-1
                      ; - java.lang.invoke.Invokers::checkCustomized@1
                      ; - java.lang.invoke.LambdaForm$MH/0x00000200000c2000::invokeExact_MT@15
                      ; - jdk.internal.reflect.DirectMethodHandleAccessor::invokeImpl@72
                      ; - jdk.internal.reflect.DirectMethodHandleAccessor::invoke@23
                      ;   {runtime_call C1 Runtime counter_overflow_blob}
  0x000000010e8c01c8: 2e67 d495 | 9afa ff17 

  0x000000010e8c01d0: ; ImmutableOopMap {c_rarg0=Oop rfp=Oop c_rarg2=Oop c_rarg4=Oop c_rarg3=Oop [184]=Oop [200]=Oop [208]=Oop [216]=Oop }
                      ;*getfield customized {reexecute=1 rethrow=0 return_oop=0}
                      ; - (reexecute) java.lang.invoke.Invokers::checkCustomized@12
                      ; - java.lang.invoke.LambdaForm$MH/0x00000200000c2000::invokeExact_MT@15
                      ; - jdk.internal.reflect.DirectMethodHandleAccessor::invokeImpl@72
                      ; - jdk.internal.reflect.DirectMethodHandleAccessor::invoke@23
                      ;   {runtime_call C1 Runtime throw_null_pointer_exception_blob}
  0x000000010e8c01d0: 1c5c d495 

  0x000000010e8c01d4: ;   {internal_word}
  0x000000010e8c01d4: 886c ff10 | 8863 02f9 

  0x000000010e8c01dc: ;   {runtime_call SafepointBlob}
  0x000000010e8c01dc: a992 d115 

  0x000000010e8c01e0: ; ImmutableOopMap {c_rarg0=Oop c_rarg3=Oop rfp=Oop c_rarg2=Oop [168]=Oop [184]=Oop [232]=Oop }
                      ;*aaload {reexecute=0 rethrow=0 return_oop=0}
                      ; - jdk.internal.reflect.DirectMethodHandleAccessor::invokeImpl@54
                      ; - jdk.internal.reflect.DirectMethodHandleAccessor::invoke@23
                      ;   {runtime_call C1 Runtime throw_null_pointer_exception_blob}
  0x000000010e8c01e0: 185c d495 | 0800 80d2 | e903 03aa 

  0x000000010e8c01ec: ;   {runtime_call C1 Runtime throw_range_check_failed_blob}
  0x000000010e8c01ec: 1eb8 8dd2 | bebb a2f2 | 3e00 c0f2 

  0x000000010e8c01f8: ; ImmutableOopMap {c_rarg0=Oop c_rarg3=Oop rfp=Oop c_rarg2=Oop [168]=Oop [184]=Oop [232]=Oop }
                      ;*aaload {reexecute=0 rethrow=0 return_oop=0}
                      ; - jdk.internal.reflect.DirectMethodHandleAccessor::invokeImpl@54
                      ; - jdk.internal.reflect.DirectMethodHandleAccessor::invoke@23
  0x000000010e8c01f8: c003 3fd6 

  0x000000010e8c01fc: ;   {metadata({method} {0x000000011e421218} 'invokeExact_MT' '(Ljava/lang/Object;Ljava/lang/Object;Ljava/lang/Object;Ljava/lang/Object;)Ljava/lang/Object;' in 'java/lang/invoke/Invokers$Holder')}
  0x000000010e8c01fc: 0843 82d2 | 48c8 a3f2 | 2800 c0f2 | e807 00f9 | 0800 8092 | e803 00f9 

  0x000000010e8c0214: ; ImmutableOopMap {c_rarg0=Oop rfp=Oop c_rarg2=Oop c_rarg3=Oop [184]=Oop [224]=Oop [232]=Oop }
                      ;*synchronization entry
                      ; - java.lang.invoke.Invokers$Holder::invokeExact_MT@-1
                      ; - jdk.internal.reflect.DirectMethodHandleAccessor::invokeImpl@55
                      ; - jdk.internal.reflect.DirectMethodHandleAccessor::invoke@23
                      ;   {runtime_call C1 Runtime counter_overflow_blob}
  0x000000010e8c0214: 1b67 d495 | aafb ff17 

  0x000000010e8c021c: ;   {metadata({method} {0x000000011e3c4a50} 'checkExactType' '(Ljava/lang/invoke/MethodHandle;Ljava/lang/invoke/MethodType;)V' in 'java/lang/invoke/Invokers')}
  0x000000010e8c021c: 084a 89d2 | 88c7 a3f2 | 2800 c0f2 | e807 00f9 | 0800 8092 | e803 00f9 

  0x000000010e8c0234: ; ImmutableOopMap {c_rarg0=Oop rfp=Oop c_rarg2=Oop c_rarg3=Oop [184]=Oop [224]=Oop [232]=Oop }
                      ;*synchronization entry
                      ; - java.lang.invoke.Invokers::checkExactType@-1
                      ; - java.lang.invoke.Invokers$Holder::invokeExact_MT@10
                      ; - jdk.internal.reflect.DirectMethodHandleAccessor::invokeImpl@55
                      ; - jdk.internal.reflect.DirectMethodHandleAccessor::invoke@23
                      ;   {runtime_call C1 Runtime counter_overflow_blob}
  0x000000010e8c0234: 1367 d495 | c5fb ff17 

  0x000000010e8c023c: ; ImmutableOopMap {c_rarg0=Oop rfp=Oop c_rarg2=Oop c_rarg3=Oop [184]=Oop [224]=Oop [232]=Oop }
                      ;*invokevirtual type {reexecute=0 rethrow=0 return_oop=0}
                      ; - java.lang.invoke.Invokers::checkExactType@1
                      ; - java.lang.invoke.Invokers$Holder::invokeExact_MT@10
                      ; - jdk.internal.reflect.DirectMethodHandleAccessor::invokeImpl@55
                      ; - jdk.internal.reflect.DirectMethodHandleAccessor::invoke@23
                      ;   {runtime_call C1 Runtime throw_null_pointer_exception_blob}
  0x000000010e8c023c: 015c d495 

  0x000000010e8c0240: ;   {metadata({method} {0x000000011e3c5140} 'checkCustomized' '(Ljava/lang/invoke/MethodHandle;)V' in 'java/lang/invoke/Invokers')}
  0x000000010e8c0240: 0828 8ad2 | 88c7 a3f2 | 2800 c0f2 | e807 00f9 | 0800 8092 | e803 00f9 

  0x000000010e8c0258: ; ImmutableOopMap {c_rarg0=Oop rfp=Oop c_rarg2=Oop c_rarg3=Oop [184]=Oop [224]=Oop [232]=Oop }
                      ;*synchronization entry
                      ; - java.lang.invoke.Invokers::checkCustomized@-1
                      ; - java.lang.invoke.Invokers$Holder::invokeExact_MT@14
                      ; - jdk.internal.reflect.DirectMethodHandleAccessor::invokeImpl@55
                      ; - jdk.internal.reflect.DirectMethodHandleAccessor::invoke@23
                      ;   {runtime_call C1 Runtime counter_overflow_blob}
  0x000000010e8c0258: 0a67 d495 | 0efc ff17 

  0x000000010e8c0260: ;   {metadata({method} {0x000000011e09b8f0} 'isCompileConstant' '(Ljava/lang/Object;)Z' in 'java/lang/invoke/MethodHandleImpl')}
  0x000000010e8c0260: 081e 97d2 | 28c1 a3f2 | 2800 c0f2 | e807 00f9 | 0800 8092 | e803 00f9 

  0x000000010e8c0278: ; ImmutableOopMap {c_rarg0=Oop rfp=Oop c_rarg2=Oop c_rarg3=Oop [184]=Oop [224]=Oop [232]=Oop }
                      ;*synchronization entry
                      ; - java.lang.invoke.MethodHandleImpl::isCompileConstant@-1
                      ; - java.lang.invoke.Invokers::checkCustomized@1
                      ; - java.lang.invoke.Invokers$Holder::invokeExact_MT@14
                      ; - jdk.internal.reflect.DirectMethodHandleAccessor::invokeImpl@55
                      ; - jdk.internal.reflect.DirectMethodHandleAccessor::invoke@23
                      ;   {runtime_call C1 Runtime counter_overflow_blob}
  0x000000010e8c0278: 0267 d495 | 15fc ff17 

  0x000000010e8c0280: ; ImmutableOopMap {c_rarg0=Oop rfp=Oop c_rarg2=Oop c_rarg3=Oop [184]=Oop [224]=Oop [232]=Oop }
                      ;*getfield customized {reexecute=1 rethrow=0 return_oop=0}
                      ; - (reexecute) java.lang.invoke.Invokers::checkCustomized@12
                      ; - java.lang.invoke.Invokers$Holder::invokeExact_MT@14
                      ; - jdk.internal.reflect.DirectMethodHandleAccessor::invokeImpl@55
                      ; - jdk.internal.reflect.DirectMethodHandleAccessor::invoke@23
                      ;   {runtime_call C1 Runtime throw_null_pointer_exception_blob}
  0x000000010e8c0280: f05b d495 

  0x000000010e8c0284: ;   {internal_word}
  0x000000010e8c0284: 4897 ff10 | 8863 02f9 

  0x000000010e8c028c: ;   {runtime_call SafepointBlob}
  0x000000010e8c028c: 7d92 d115 

  0x000000010e8c0290: ;   {metadata({method} {0x000000011e421058} 'invokeExact_MT' '(Ljava/lang/Object;Ljava/lang/Object;Ljava/lang/Object;)Ljava/lang/Object;' in 'java/lang/invoke/Invokers$Holder')}
  0x000000010e8c0290: 080b 82d2 | 48c8 a3f2 | 2800 c0f2 | e807 00f9 | 0800 8092 | e803 00f9 

  0x000000010e8c02a8: ; ImmutableOopMap {c_rarg0=Oop rfp=Oop c_rarg2=Oop [184]=Oop [240]=Oop }
                      ;*synchronization entry
                      ; - java.lang.invoke.Invokers$Holder::invokeExact_MT@-1
                      ; - jdk.internal.reflect.DirectMethodHandleAccessor::invokeImpl@41
                      ; - jdk.internal.reflect.DirectMethodHandleAccessor::invoke@23
                      ;   {runtime_call C1 Runtime counter_overflow_blob}
  0x000000010e8c02a8: f666 d495 | 00fd ff17 

  0x000000010e8c02b0: ;   {metadata({method} {0x000000011e3c4a50} 'checkExactType' '(Ljava/lang/invoke/MethodHandle;Ljava/lang/invoke/MethodType;)V' in 'java/lang/invoke/Invokers')}
  0x000000010e8c02b0: 084a 89d2 | 88c7 a3f2 | 2800 c0f2 | e807 00f9 | 0800 8092 | e803 00f9 

  0x000000010e8c02c8: ; ImmutableOopMap {c_rarg0=Oop rfp=Oop c_rarg2=Oop [184]=Oop [240]=Oop }
                      ;*synchronization entry
                      ; - java.lang.invoke.Invokers::checkExactType@-1
                      ; - java.lang.invoke.Invokers$Holder::invokeExact_MT@10
                      ; - jdk.internal.reflect.DirectMethodHandleAccessor::invokeImpl@41
                      ; - jdk.internal.reflect.DirectMethodHandleAccessor::invoke@23
                      ;   {runtime_call C1 Runtime counter_overflow_blob}
  0x000000010e8c02c8: ee66 d495 | 1bfd ff17 

  0x000000010e8c02d0: ; ImmutableOopMap {c_rarg0=Oop rfp=Oop c_rarg2=Oop [184]=Oop [240]=Oop }
                      ;*invokevirtual type {reexecute=0 rethrow=0 return_oop=0}
                      ; - java.lang.invoke.Invokers::checkExactType@1
                      ; - java.lang.invoke.Invokers$Holder::invokeExact_MT@10
                      ; - jdk.internal.reflect.DirectMethodHandleAccessor::invokeImpl@41
                      ; - jdk.internal.reflect.DirectMethodHandleAccessor::invoke@23
                      ;   {runtime_call C1 Runtime throw_null_pointer_exception_blob}
  0x000000010e8c02d0: dc5b d495 

  0x000000010e8c02d4: ;   {metadata({method} {0x000000011e3c5140} 'checkCustomized' '(Ljava/lang/invoke/MethodHandle;)V' in 'java/lang/invoke/Invokers')}
  0x000000010e8c02d4: 0828 8ad2 | 88c7 a3f2 | 2800 c0f2 | e807 00f9 | 0800 8092 | e803 00f9 

  0x000000010e8c02ec: ; ImmutableOopMap {c_rarg0=Oop rfp=Oop c_rarg2=Oop [184]=Oop [240]=Oop }
                      ;*synchronization entry
                      ; - java.lang.invoke.Invokers::checkCustomized@-1
                      ; - java.lang.invoke.Invokers$Holder::invokeExact_MT@14
                      ; - jdk.internal.reflect.DirectMethodHandleAccessor::invokeImpl@41
                      ; - jdk.internal.reflect.DirectMethodHandleAccessor::invoke@23
                      ;   {runtime_call C1 Runtime counter_overflow_blob}
  0x000000010e8c02ec: e566 d495 | 64fd ff17 

  0x000000010e8c02f4: ;   {metadata({method} {0x000000011e09b8f0} 'isCompileConstant' '(Ljava/lang/Object;)Z' in 'java/lang/invoke/MethodHandleImpl')}
  0x000000010e8c02f4: 081e 97d2 | 28c1 a3f2 | 2800 c0f2 | e807 00f9 | 0800 8092 | e803 00f9 

  0x000000010e8c030c: ; ImmutableOopMap {c_rarg0=Oop rfp=Oop c_rarg2=Oop [184]=Oop [240]=Oop }
                      ;*synchronization entry
                      ; - java.lang.invoke.MethodHandleImpl::isCompileConstant@-1
                      ; - java.lang.invoke.Invokers::checkCustomized@1
                      ; - java.lang.invoke.Invokers$Holder::invokeExact_MT@14
                      ; - jdk.internal.reflect.DirectMethodHandleAccessor::invokeImpl@41
                      ; - jdk.internal.reflect.DirectMethodHandleAccessor::invoke@23
                      ;   {runtime_call C1 Runtime counter_overflow_blob}
  0x000000010e8c030c: dd66 d495 | 6bfd ff17 

  0x000000010e8c0314: ; ImmutableOopMap {c_rarg0=Oop rfp=Oop c_rarg2=Oop [184]=Oop [240]=Oop }
                      ;*getfield customized {reexecute=1 rethrow=0 return_oop=0}
                      ; - (reexecute) java.lang.invoke.Invokers::checkCustomized@12
                      ; - java.lang.invoke.Invokers$Holder::invokeExact_MT@14
                      ; - jdk.internal.reflect.DirectMethodHandleAccessor::invokeImpl@41
                      ; - jdk.internal.reflect.DirectMethodHandleAccessor::invoke@23
                      ;   {runtime_call C1 Runtime throw_null_pointer_exception_blob}
  0x000000010e8c0314: cb5b d495 

  0x000000010e8c0318: ;   {internal_word}
  0x000000010e8c0318: 68bc ff10 | 8863 02f9 

  0x000000010e8c0320: ;   {runtime_call SafepointBlob}
  0x000000010e8c0320: 5892 d115 

  0x000000010e8c0324: ; ImmutableOopMap {rfp=Oop c_rarg0=Oop [184]=Oop [240]=Oop }
                      ;*athrow {reexecute=1 rethrow=0 return_oop=0}
                      ; - (reexecute) java.lang.invoke.Invokers::checkExactType@15
                      ; - java.lang.invoke.Invokers$Holder::invokeExact_MT@10
                      ; - jdk.internal.reflect.DirectMethodHandleAccessor::invokeImpl@41
                      ; - jdk.internal.reflect.DirectMethodHandleAccessor::invoke@23
                      ;   {runtime_call C1 Runtime throw_null_pointer_exception_blob}
  0x000000010e8c0324: c75b d495 

  0x000000010e8c0328: ; ImmutableOopMap {rfp=Oop c_rarg0=Oop [184]=Oop [224]=Oop [232]=Oop }
                      ;*athrow {reexecute=1 rethrow=0 return_oop=0}
                      ; - (reexecute) java.lang.invoke.Invokers::checkExactType@15
                      ; - java.lang.invoke.Invokers$Holder::invokeExact_MT@10
                      ; - jdk.internal.reflect.DirectMethodHandleAccessor::invokeImpl@55
                      ; - jdk.internal.reflect.DirectMethodHandleAccessor::invoke@23
                      ;   {runtime_call C1 Runtime throw_null_pointer_exception_blob}
  0x000000010e8c0328: c65b d495 

  0x000000010e8c032c: ; ImmutableOopMap {rfp=Oop c_rarg0=Oop [184]=Oop [200]=Oop [208]=Oop [216]=Oop }
                      ;*athrow {reexecute=1 rethrow=0 return_oop=0}
                      ; - (reexecute) java.lang.invoke.Invokers::checkExactType@15
                      ; - java.lang.invoke.LambdaForm$MH/0x00000200000c2000::invokeExact_MT@11
                      ; - jdk.internal.reflect.DirectMethodHandleAccessor::invokeImpl@72
                      ; - jdk.internal.reflect.DirectMethodHandleAccessor::invoke@23
                      ;   {runtime_call C1 Runtime throw_null_pointer_exception_blob}
  0x000000010e8c032c: c55b d495 

  0x000000010e8c0330: ; ImmutableOopMap {rfp=Oop c_rarg0=Oop [168]=Oop [184]=Oop [192]=Oop }
                      ;*athrow {reexecute=1 rethrow=0 return_oop=0}
                      ; - (reexecute) java.lang.invoke.Invokers::checkExactType@15
                      ; - java.lang.invoke.Invokers$Holder::invokeExact_MT@10
                      ; - jdk.internal.reflect.DirectMethodHandleAccessor::invokeImpl@104
                      ; - jdk.internal.reflect.DirectMethodHandleAccessor::invoke@23
                      ;   {runtime_call C1 Runtime throw_null_pointer_exception_blob}
  0x000000010e8c0330: c45b d495 

  0x000000010e8c0334: ;   {metadata({method} {0x000000011e4cef60} 'isIllegalArgument' '(Ljava/lang/RuntimeException;)Z' in 'jdk/internal/reflect/DirectMethodHandleAccessor')}
  0x000000010e8c0334: 08ec 9dd2 | 88c9 a3f2 | 2800 c0f2 | e807 00f9 | 0800 8092 | e803 00f9 

  0x000000010e8c034c: ; ImmutableOopMap {rfp=Oop }
                      ;*synchronization entry
                      ; - jdk.internal.reflect.DirectMethodHandleAccessor::isIllegalArgument@-1
                      ; - jdk.internal.reflect.DirectMethodHandleAccessor::invoke@58
                      ;   {runtime_call C1 Runtime counter_overflow_blob}
  0x000000010e8c034c: cd66 d495 | 35fe ff17 

  0x000000010e8c0354: ;   {metadata({method} {0x000000011e4cef60} 'isIllegalArgument' '(Ljava/lang/RuntimeException;)Z' in 'jdk/internal/reflect/DirectMethodHandleAccessor')}
  0x000000010e8c0354: 08ec 9dd2 | 88c9 a3f2 | 2800 c0f2 | e807 00f9 | 0800 8092 | e803 00f9 

  0x000000010e8c036c: ; ImmutableOopMap {c_rarg0=Oop }
                      ;*synchronization entry
                      ; - jdk.internal.reflect.DirectMethodHandleAccessor::isIllegalArgument@-1
                      ; - jdk.internal.reflect.DirectMethodHandleAccessor::invoke@30
                      ;   {runtime_call C1 Runtime counter_overflow_blob}
  0x000000010e8c036c: c566 d495 | 55fe ff17 

  0x000000010e8c0374: ; ImmutableOopMap {}
                      ;*new {reexecute=0 rethrow=0 return_oop=0}
                      ; - jdk.internal.reflect.DirectMethodHandleAccessor::invoke@36
                      ;   {runtime_call C1 Runtime fast_new_instance_blob}
  0x000000010e8c0374: 035d d495 | 77fe ff17 

  0x000000010e8c037c: ; ImmutableOopMap {rfp=Oop }
                      ;*new {reexecute=0 rethrow=0 return_oop=0}
                      ; - jdk.internal.reflect.DirectMethodHandleAccessor::invoke@46
                      ;   {runtime_call C1 Runtime throw_null_pointer_exception_blob}
  0x000000010e8c037c: b15b d495 

  0x000000010e8c0380: ; ImmutableOopMap {rfp=Oop }
                      ;*new {reexecute=0 rethrow=0 return_oop=0}
                      ; - jdk.internal.reflect.DirectMethodHandleAccessor::invoke@46
                      ;   {runtime_call C1 Runtime fast_new_instance_init_check_blob}
  0x000000010e8c0380: 705d d495 | 99fe ff17 

  0x000000010e8c0388: ; ImmutableOopMap {rfp=Oop }
                      ;*new {reexecute=0 rethrow=0 return_oop=0}
                      ; - jdk.internal.reflect.DirectMethodHandleAccessor::invoke@64
                      ;   {runtime_call C1 Runtime fast_new_instance_blob}
  0x000000010e8c0388: fe5c d495 | b6fe ff17 

  0x000000010e8c0390: ; ImmutableOopMap {rfp=Oop }
                      ;*new {reexecute=0 rethrow=0 return_oop=0}
                      ; - jdk.internal.reflect.DirectMethodHandleAccessor::invoke@73
                      ;   {runtime_call C1 Runtime throw_null_pointer_exception_blob}
  0x000000010e8c0390: ac5b d495 

  0x000000010e8c0394: ; ImmutableOopMap {rfp=Oop }
                      ;*new {reexecute=0 rethrow=0 return_oop=0}
                      ; - jdk.internal.reflect.DirectMethodHandleAccessor::invoke@73
                      ;   {runtime_call C1 Runtime fast_new_instance_init_check_blob}
  0x000000010e8c0394: 6b5d d495 | d6fe ff17 

  0x000000010e8c039c: ; ImmutableOopMap {c_rarg2=Oop }
                      ;*new {reexecute=0 rethrow=0 return_oop=0}
                      ; - jdk.internal.reflect.DirectMethodHandleAccessor::invoke@83
                      ;   {runtime_call C1 Runtime throw_null_pointer_exception_blob}
  0x000000010e8c039c: a95b d495 

  0x000000010e8c03a0: ; ImmutableOopMap {c_rarg2=Oop }
                      ;*new {reexecute=0 rethrow=0 return_oop=0}
                      ; - jdk.internal.reflect.DirectMethodHandleAccessor::invoke@83
                      ;   {runtime_call C1 Runtime fast_new_instance_init_check_blob}
  0x000000010e8c03a0: 685d d495 | fafe ff17 | 80b7 42f9 | 9fb7 02f9 | 9fbb 02f9 | fd7b 50a9 | ff43 0491 

  0x000000010e8c03bc: ;   {runtime_call C1 Runtime unwind_exception_blob}
  0x000000010e8c03bc: c159 d415 
[Stub Code]
  0x000000010e8c03c0: ;   {trampoline_stub}
  0x000000010e8c03c0: 4800 0058 | 0001 1fd6 | e005 8c0e | 0100 0000 

  0x000000010e8c03d0: ;   {trampoline_stub}
  0x000000010e8c03d0: 4800 0058 | 0001 1fd6 | 0006 8c0e | 0100 0000 

  0x000000010e8c03e0: ;   {trampoline_stub}
  0x000000010e8c03e0: 4800 0058 | 0001 1fd6 | 003a d215 | 0100 0000 

  0x000000010e8c03f0: ;   {trampoline_stub}
  0x000000010e8c03f0: 4800 0058 | 0001 1fd6 | 0036 d215 | 0100 0000 

  0x000000010e8c0400: ;   {static_stub}
  0x000000010e8c0400: df3f 03d5 

  0x000000010e8c0404: ;   {metadata(nullptr)}
  0x000000010e8c0404: 0c00 80d2 | 0c00 a0f2 | 0c00 c0f2 | 0800 80d2 | 0800 a0f2 | 0800 c0f2 | 0001 1fd6 

  0x000000010e8c0420: ;   {trampoline_stub}
  0x000000010e8c0420: 4800 0058 | 0001 1fd6 | 0036 d215 | 0100 0000 

  0x000000010e8c0430: ;   {trampoline_stub}
  0x000000010e8c0430: 4800 0058 | 0001 1fd6 | 000c b50e | 0100 0000 

  0x000000010e8c0440: ;   {trampoline_stub}
  0x000000010e8c0440: 4800 0058 | 0001 1fd6 | 80dd 2816 | 0100 0000 

  0x000000010e8c0450: ;   {trampoline_stub}
  0x000000010e8c0450: 4800 0058 | 0001 1fd6 | 003a d215 | 0100 0000 

  0x000000010e8c0460: ;   {trampoline_stub}
  0x000000010e8c0460: 4800 0058 | 0001 1fd6 | 0036 d215 | 0100 0000 

  0x000000010e8c0470: ;   {trampoline_stub}
  0x000000010e8c0470: 4800 0058 | 0001 1fd6 | 000c b50e | 0100 0000 

  0x000000010e8c0480: ;   {trampoline_stub}
  0x000000010e8c0480: 4800 0058 | 0001 1fd6 | 80ec 2716 | 0100 0000 

  0x000000010e8c0490: ;   {trampoline_stub}
  0x000000010e8c0490: 4800 0058 | 0001 1fd6 | 003a d215 | 0100 0000 

  0x000000010e8c04a0: ;   {trampoline_stub}
  0x000000010e8c04a0: 4800 0058 | 0001 1fd6 | 003a d215 | 0100 0000 

  0x000000010e8c04b0: ;   {trampoline_stub}
  0x000000010e8c04b0: 4800 0058 | 0001 1fd6 | 003a d215 | 0100 0000 

  0x000000010e8c04c0: ;   {trampoline_stub}
  0x000000010e8c04c0: 4800 0058 | 0001 1fd6 | 003a d215 | 0100 0000 

  0x000000010e8c04d0: ;   {static_stub}
  0x000000010e8c04d0: df3f 03d5 

  0x000000010e8c04d4: ;   {metadata(nullptr)}
  0x000000010e8c04d4: 0c00 80d2 | 0c00 a0f2 | 0c00 c0f2 | 0800 80d2 | 0800 a0f2 | 0800 c0f2 | 0001 1fd6 

  0x000000010e8c04f0: ;   {trampoline_stub}
  0x000000010e8c04f0: 4800 0058 | 0001 1fd6 | 003a d215 | 0100 0000 

  0x000000010e8c0500: ;   {static_stub}
  0x000000010e8c0500: df3f 03d5 

  0x000000010e8c0504: ;   {metadata(nullptr)}
  0x000000010e8c0504: 0c00 80d2 | 0c00 a0f2 | 0c00 c0f2 | 0800 80d2 | 0800 a0f2 | 0800 c0f2 | 0001 1fd6 

  0x000000010e8c0520: ;   {trampoline_stub}
  0x000000010e8c0520: 4800 0058 | 0001 1fd6 | 003a d215 | 0100 0000 

  0x000000010e8c0530: ;   {trampoline_stub}
  0x000000010e8c0530: 4800 0058 | 0001 1fd6 | 0036 d215 | 0100 0000 

  0x000000010e8c0540: ;   {static_stub}
  0x000000010e8c0540: df3f 03d5 

  0x000000010e8c0544: ;   {metadata(nullptr)}
  0x000000010e8c0544: 0c00 80d2 | 0c00 a0f2 | 0c00 c0f2 | 0800 80d2 | 0800 a0f2 | 0800 c0f2 | 0001 1fd6 

  0x000000010e8c0560: ;   {trampoline_stub}
  0x000000010e8c0560: 4800 0058 | 0001 1fd6 | 0036 d215 | 0100 0000 

  0x000000010e8c0570: ;   {trampoline_stub}
  0x000000010e8c0570: 4800 0058 | 0001 1fd6 | 0036 d215 | 0100 0000 

  0x000000010e8c0580: ;   {static_stub}
  0x000000010e8c0580: df3f 03d5 

  0x000000010e8c0584: ;   {metadata(nullptr)}
  0x000000010e8c0584: 0c00 80d2 | 0c00 a0f2 | 0c00 c0f2 | 0800 80d2 | 0800 a0f2 | 0800 c0f2 | 0001 1fd6 

  0x000000010e8c05a0: ;   {trampoline_stub}
  0x000000010e8c05a0: 4800 0058 | 0001 1fd6 | 0036 d215 | 0100 0000 

  0x000000010e8c05b0: ;   {static_stub}
  0x000000010e8c05b0: df3f 03d5 

  0x000000010e8c05b4: ;   {metadata(nullptr)}
  0x000000010e8c05b4: 0c00 80d2 | 0c00 a0f2 | 0c00 c0f2 | 0800 80d2 | 0800 a0f2 | 0800 c0f2 | 0001 1fd6 

  0x000000010e8c05d0: ;   {trampoline_stub}
  0x000000010e8c05d0: 4800 0058 | 0001 1fd6 | 0036 d215 | 0100 0000 

  0x000000010e8c05e0: ;   {static_stub}
  0x000000010e8c05e0: df3f 03d5 

  0x000000010e8c05e4: ;   {metadata({method} {0x000000011e4cf048} 'checkReceiver' '(Ljava/lang/Object;)V' in 'jdk/internal/reflect/DirectMethodHandleAccessor')}
  0x000000010e8c05e4: 0c09 9ed2 | 8cc9 a3f2 | 2c00 c0f2 | 08a2 92d2 | 48ba a2f2 | 2800 c0f2 | 0001 1fd6 

  0x000000010e8c0600: ;   {static_stub}
  0x000000010e8c0600: df3f 03d5 

  0x000000010e8c0604: ;   {metadata({method} {0x000000011e4cf138} 'checkArgumentCount' '(I[Ljava/lang/Object;)V' in 'jdk/internal/reflect/DirectMethodHandleAccessor')}
  0x000000010e8c0604: 0c27 9ed2 | 8cc9 a3f2 | 2c00 c0f2 | 88da 9dd2 | 08ba a2f2 | 2800 c0f2 | 0001 1fd6 

  0x000000010e8c0620: ;   {static_stub}
  0x000000010e8c0620: df3f 03d5 

  0x000000010e8c0624: ;   {metadata(nullptr)}
  0x000000010e8c0624: 0c00 80d2 | 0c00 a0f2 | 0c00 c0f2 | 0800 80d2 | 0800 a0f2 | 0800 c0f2 | 0001 1fd6 

  0x000000010e8c0640: ;   {static_stub}
  0x000000010e8c0640: df3f 03d5 

  0x000000010e8c0644: ;   {metadata(nullptr)}
  0x000000010e8c0644: 0c00 80d2 | 0c00 a0f2 | 0c00 c0f2 | 0800 80d2 | 0800 a0f2 | 0800 c0f2 | 0001 1fd6 

  0x000000010e8c0660: ;   {static_stub}
  0x000000010e8c0660: df3f 03d5 

  0x000000010e8c0664: ;   {metadata(nullptr)}
  0x000000010e8c0664: 0c00 80d2 | 0c00 a0f2 | 0c00 c0f2 | 0800 80d2 | 0800 a0f2 | 0800 c0f2 | 0001 1fd6 

  0x000000010e8c0680: ;   {static_stub}
  0x000000010e8c0680: df3f 03d5 

  0x000000010e8c0684: ;   {metadata(nullptr)}
  0x000000010e8c0684: 0c00 80d2 | 0c00 a0f2 | 0c00 c0f2 | 0800 80d2 | 0800 a0f2 | 0800 c0f2 | 0001 1fd6 

  0x000000010e8c06a0: ;   {static_stub}
  0x000000010e8c06a0: df3f 03d5 

  0x000000010e8c06a4: ;   {metadata(nullptr)}
  0x000000010e8c06a4: 0c00 80d2 | 0c00 a0f2 | 0c00 c0f2 | 0800 80d2 | 0800 a0f2 | 0800 c0f2 | 0001 1fd6 

  0x000000010e8c06c0: ;   {static_stub}
  0x000000010e8c06c0: df3f 03d5 

  0x000000010e8c06c4: ;   {metadata(nullptr)}
  0x000000010e8c06c4: 0c00 80d2 | 0c00 a0f2 | 0c00 c0f2 | 0800 80d2 | 0800 a0f2 | 0800 c0f2 | 0001 1fd6 

  0x000000010e8c06e0: ;   {static_stub}
  0x000000010e8c06e0: df3f 03d5 

  0x000000010e8c06e4: ;   {metadata(nullptr)}
  0x000000010e8c06e4: 0c00 80d2 | 0c00 a0f2 | 0c00 c0f2 | 0800 80d2 | 0800 a0f2 | 0800 c0f2 | 0001 1fd6 
[Exception Handler]
  0x000000010e8c0700: ;   {runtime_call C1 Runtime handle_exception_from_callee_blob}
  0x000000010e8c0700: 305f d495 

  0x000000010e8c0704: ;   {external_word}
  0x000000010e8c0704: a077 8bd2 | 2059 a1f2 | 2000 c0f2 | c1d5 bbd4 
[Deopt Handler Code]
  0x000000010e8c0714: 1e00 0010 

  0x000000010e8c0718: ;   {runtime_call DeoptimizationBlob}
  0x000000010e8c0718: da91 d115 
[Deopt MH Handler Code]
  0x000000010e8c071c: 1e00 0010 

  0x000000010e8c0720: ;   {runtime_call DeoptimizationBlob}
  0x000000010e8c0720: d891 d115 | 0000 0000 
[/MachCode]


Compiled method (c1) 1363 3590       3       java.lang.reflect.Method::invoke (108 bytes)
 total in heap  [0x000000010ebf99c8,0x000000010ebfa2b0] = 2280
 main code      [0x000000010ebf9ac0,0x000000010ebfa170] = 1712
 stub code      [0x000000010ebfa170,0x000000010ebfa2b0] = 320
 mutable data [0x0000000774389e00,0x0000000774389f60] = 352
 relocation     [0x0000000774389e00,0x0000000774389f08] = 264
 metadata       [0x0000000774389f08,0x0000000774389f60] = 88
 immutable data [0x0000000776523480,0x0000000776523638] = 440
 dependencies   [0x0000000776523480,0x0000000776523488] = 8
 nul chk table  [0x0000000776523488,0x00000007765234a8] = 32
 scopes pcs     [0x00000007765234a8,0x0000000776523578] = 208
 scopes data    [0x0000000776523578,0x0000000776523638] = 192

[Constant Pool (empty)]

[MachCode]
[Instructions begin]
  0x000000010ebf9ac0: 1f20 03d5 | 1f20 03d5 | 1f20 03d5 | 1f20 03d5 | 1f20 03d5 | 1f20 03d5 | 1f20 03d5 | 1f20 03d5 
  0x000000010ebf9ae0: 1f20 03d5 | 1f20 03d5 | 1f20 03d5 
[Entry Point]
  # {method} {0x000000011e06e618} 'invoke' '(Ljava/lang/Object;[Ljava/lang/Object;)Ljava/lang/Object;' in 'java/lang/reflect/Method'
  # this:     c_rarg1:c_rarg1 
                        = 'java/lang/reflect/Method'
  # parm0:    c_rarg2:c_rarg2 
                        = 'java/lang/Object'
  # parm1:    c_rarg3:c_rarg3 
                        = '[Ljava/lang/Object;'
  #           [sp+0x80]  (sp of caller)
  0x000000010ebf9aec: 2808 40b9 | 2a09 40b9 | 1f01 0a6b | 4000 0054 

  0x000000010ebf9afc: ;   {runtime_call Shared Runtime ic_miss_blob}
  0x000000010ebf9afc: 41a6 c415 
[Verified Entry Point]
  0x000000010ebf9b00: 1f20 03d5 | e953 40d1 | 3f01 00f9 | ff03 02d1 | fd7b 07a9 | 2801 0018 | 8923 40b9 | 1f01 09eb 
  0x000000010ebf9b20: e000 0054 

  0x000000010ebf9b24: ;   {runtime_call Stub::method_entry_barrier}
  0x000000010ebf9b24: 0868 93d2 | 28ba a2f2 | 2800 c0f2 | 0001 3fd6 | 0200 0014 | 0300 0000 | fd03 01aa | e227 00f9 
  0x000000010ebf9b44: ;   {metadata(method data for {method} {0x000000011e06e618} 'invoke' '(Ljava/lang/Object;[Ljava/lang/Object;)Ljava/lang/Object;' in 'java/lang/reflect/Method')}
  0x000000010ebf9b44: 0148 87d2 | 81ef a3f2 | 2100 c0f2 | 2090 40b9 | 0008 0011 | 2090 00b9 | 0024 1f12 | 1f00 0071 
  0x000000010ebf9b64: 602c 0054 | e32b 00f9 | e103 1daa 

  0x000000010ebf9b70: ;   {metadata(method data for {method} {0x000000011e06e618} 'invoke' '(Ljava/lang/Object;[Ljava/lang/Object;)Ljava/lang/Object;' in 'java/lang/reflect/Method')}
  0x000000010ebf9b70: 0048 87d2 | 80ef a3f2 | 2000 c0f2 | 086c 40f9 | 0805 0091 | 086c 00f9 | e103 1daa 

  0x000000010ebf9b8c: ; ImmutableOopMap {rfp=Oop [72]=Oop [80]=Oop }
                      ;*invokevirtual isCallerSensitive {reexecute=0 rethrow=0 return_oop=0}
                      ; - java.lang.reflect.Method::invoke@1
                      ;   {optimized virtual_call}
  0x000000010ebf9b8c: 5dfb f497 

  0x000000010ebf9b90: ;   {post_call_nop}
  0x000000010ebf9b90: 1f20 03d5 | 1f39 80f2 | 1f00 80f2 | a133 4039 | 3f00 0071 

  0x000000010ebf9ba4: ;   {metadata(method data for {method} {0x000000011e06e618} 'invoke' '(Ljava/lang/Object;[Ljava/lang/Object;)Ljava/lang/Object;' in 'java/lang/reflect/Method')}
  0x000000010ebf9ba4: 0148 87d2 | 81ef a3f2 | 2100 c0f2 | 0821 80d2 | 0923 80d2 | 0201 899a | 2368 62f8 | 6304 0091 
  0x000000010ebf9bc4: 2368 22f8 | e001 0054 | 1f00 0071 

  0x000000010ebf9bd0: ;   {metadata(method data for {method} {0x000000011e06e618} 'invoke' '(Ljava/lang/Object;[Ljava/lang/Object;)Ljava/lang/Object;' in 'java/lang/reflect/Method')}
  0x000000010ebf9bd0: 0148 87d2 | 81ef a3f2 | 2100 c0f2 | 0827 80d2 | 0925 80d2 | 0211 899a | 2368 62f8 | 6304 0091 
  0x000000010ebf9bf0: 2368 22f8 | 8100 0054 | e603 1faa | e05b 00b9 | 0d00 0014 | e05b 00b9 

  0x000000010ebf9c08: ;   {metadata(method data for {method} {0x000000011e06e618} 'invoke' '(Ljava/lang/Object;[Ljava/lang/Object;)Ljava/lang/Object;' in 'java/lang/reflect/Method')}
  0x000000010ebf9c08: 0148 87d2 | 81ef a3f2 | 2100 c0f2 | 28a4 40f9 | 0805 0091 | 28a4 00f9 

  0x000000010ebf9c20: ; ImmutableOopMap {rfp=Oop [72]=Oop [80]=Oop }
                      ;*invokestatic getCallerClass {reexecute=0 rethrow=0 return_oop=0}
                      ; - java.lang.reflect.Method::invoke@19
                      ;   {static_call}
  0x000000010ebf9c20: ee59 db95 

  0x000000010ebf9c24: ;   {post_call_nop}
  0x000000010ebf9c24: 1f20 03d5 | 9f4b 80f2 | 1f20 80f2 | e603 00aa | a233 4039 | 5f00 0071 

  0x000000010ebf9c3c: ;   {metadata(method data for {method} {0x000000011e06e618} 'invoke' '(Ljava/lang/Object;[Ljava/lang/Object;)Ljava/lang/Object;' in 'java/lang/reflect/Method')}
  0x000000010ebf9c3c: 0248 87d2 | 82ef a3f2 | 2200 c0f2 | 082d 80d2 | 092b 80d2 | 0301 899a | 4468 63f8 | 8404 0091 
  0x000000010ebf9c5c: 4468 23f8 | 6000 0054 | e633 00f9 | 8f00 0014 | a31f 40b9 | 63f0 7dd3 | a553 40b9 

  0x000000010ebf9c78: ;   {metadata(method data for {method} {0x000000011e06e618} 'invoke' '(Ljava/lang/Object;[Ljava/lang/Object;)Ljava/lang/Object;' in 'java/lang/reflect/Method')}
  0x000000010ebf9c78: 0248 87d2 | 82ef a3f2 | 2200 c0f2 | 48bc 40f9 | 0805 0091 | 48bc 00f9 

  0x000000010ebf9c90: ;   {metadata(method data for {method} {0x000000011e2a5108} 'isStatic' '(I)Z' in 'java/lang/reflect/Modifier')}
  0x000000010ebf9c90: 0208 89d2 | e2ce a3f2 | 2200 c0f2 | 4490 40b9 | 8408 0011 | 4490 00b9 | 844c 1f12 | 9f00 0071 
  0x000000010ebf9cb0: 0023 0054 | a200 1d12 | 5f00 0071 

  0x000000010ebf9cbc: ;   {metadata(method data for {method} {0x000000011e2a5108} 'isStatic' '(I)Z' in 'java/lang/reflect/Modifier')}
  0x000000010ebf9cbc: 0208 89d2 | e2ce a3f2 | 2200 c0f2 | 081b 80d2 | 091d 80d2 | 0401 899a | 4168 64f8 | 2104 0091 
  0x000000010ebf9cdc: 4168 24f8 | 2001 0054 

  0x000000010ebf9ce4: ;   {metadata(method data for {method} {0x000000011e2a5108} 'isStatic' '(I)Z' in 'java/lang/reflect/Modifier')}
  0x000000010ebf9ce4: 0208 89d2 | e2ce a3f2 | 2200 c0f2 | 447c 40f9 | 8404 0091 | 447c 00f9 | e203 0032 | 0200 0014 
  0x000000010ebf9d04: 0200 a052 | 4200 0012 | 5f00 0071 

  0x000000010ebf9d10: ;   {metadata(method data for {method} {0x000000011e06e618} 'invoke' '(Ljava/lang/Object;[Ljava/lang/Object;)Ljava/lang/Object;' in 'java/lang/reflect/Method')}
  0x000000010ebf9d10: 0248 87d2 | 82ef a3f2 | 2200 c0f2 | 0831 80d2 | 0933 80d2 | 0401 899a | 4168 64f8 | 2104 0091 
  0x000000010ebf9d30: 4168 24f8 | 2001 0054 

  0x000000010ebf9d38: ;   {metadata(method data for {method} {0x000000011e06e618} 'invoke' '(Ljava/lang/Object;[Ljava/lang/Object;)Ljava/lang/Object;' in 'java/lang/reflect/Method')}
  0x000000010ebf9d38: 0248 87d2 | 82ef a3f2 | 2200 c0f2 | 44d4 40f9 | 8404 0091 | 44d4 00f9 | e403 1faa | 2a00 0014 
  0x000000010ebf9d58: e227 40f9 

  0x000000010ebf9d5c: ; implicit exception: dispatches to 0x000000010ebfa130
  0x000000010ebf9d5c: 5f00 40f9 | e403 02aa 

  0x000000010ebf9d64: ;   {metadata(method data for {method} {0x000000011e06e618} 'invoke' '(Ljava/lang/Object;[Ljava/lang/Object;)Ljava/lang/Object;' in 'java/lang/reflect/Method')}
  0x000000010ebf9d64: 0148 87d2 | 81ef a3f2 | 2100 c0f2 | 8408 40b9 | 8400 57d2 | 28e4 40f9 | 9f00 08eb | a100 0054 
  0x000000010ebf9d84: 28e8 40f9 | 0805 0091 | 28e8 00f9 | 1700 0014 | 28ec 40f9 | 9f00 08eb | a100 0054 | 28f0 40f9 
  0x000000010ebf9da4: 0805 0091 | 28f0 00f9 | 1000 0014 | 28e4 40f9 | a800 00b5 | 24e4 00f9 | e803 40b2 | 28e8 00f9 
  0x000000010ebf9dc4: 0a00 0014 | 28ec 40f9 | a800 00b5 | 24ec 00f9 | e803 40b2 | 28f0 00f9 | 0400 0014 | 28e0 40f9 
  0x000000010ebf9de4: 0805 0091 | 28e0 00f9 | 4408 40b9 | 8400 57d2 | 8438 40f9 | 8400 40f9 | e103 1daa 

  0x000000010ebf9e00: ;   {metadata(method data for {method} {0x000000011e06e618} 'invoke' '(Ljava/lang/Object;[Ljava/lang/Object;)Ljava/lang/Object;' in 'java/lang/reflect/Method')}
  0x000000010ebf9e00: 0048 87d2 | 80ef a3f2 | 2000 c0f2 | 2108 40b9 | 2100 57d2 | 08fc 40f9 | 3f00 08eb | a100 0054 
  0x000000010ebf9e20: 0800 41f9 | 0805 0091 | 0800 01f9 | 1700 0014 | 0804 41f9 | 3f00 08eb | a100 0054 | 0808 41f9 
  0x000000010ebf9e40: 0805 0091 | 0808 01f9 | 1000 0014 | 08fc 40f9 | a800 00b5 | 01fc 00f9 | e803 40b2 | 0800 01f9 
  0x000000010ebf9e60: 0a00 0014 | 0804 41f9 | a800 00b5 | 0104 01f9 | e803 40b2 | 0808 01f9 | 0400 0014 | 08f8 40f9 
  0x000000010ebf9e80: 0805 0091 | 08f8 00f9 | e203 06aa | e103 1daa | e633 00f9 

  0x000000010ebf9e94: ; ImmutableOopMap {rfp=Oop [72]=Oop [80]=Oop [96]=Oop }
                      ;*invokevirtual checkAccess {reexecute=0 rethrow=0 return_oop=0}
                      ; - java.lang.reflect.Method::invoke@60
                      ;   {optimized virtual_call}
  0x000000010ebf9e94: ef00 0094 

  0x000000010ebf9e98: ;   {post_call_nop}
  0x000000010ebf9e98: 1f20 03d5 | 1f9a 80f2 | 1f40 80f2 | a14b 40b9 | 21f0 7dd3 | e003 1faa | 3f00 00eb 

  0x000000010ebf9eb4: ;   {metadata(method data for {method} {0x000000011e06e618} 'invoke' '(Ljava/lang/Object;[Ljava/lang/Object;)Ljava/lang/Object;' in 'java/lang/reflect/Method')}
  0x000000010ebf9eb4: 0048 87d2 | 80ef a3f2 | 2000 c0f2 | 0844 80d2 | 0946 80d2 | 0211 899a | 0368 62f8 | 6304 0091 
  0x000000010ebf9ed4: 0368 22f8 | c101 0054 | e103 1daa 

  0x000000010ebf9ee0: ;   {metadata(method data for {method} {0x000000011e06e618} 'invoke' '(Ljava/lang/Object;[Ljava/lang/Object;)Ljava/lang/Object;' in 'java/lang/reflect/Method')}
  0x000000010ebf9ee0: 0048 87d2 | 80ef a3f2 | 2000 c0f2 | 0820 41f9 | 0805 0091 | 0820 01f9 | e103 1daa 

  0x000000010ebf9efc: ; ImmutableOopMap {[72]=Oop [80]=Oop [96]=Oop }
                      ;*invokevirtual acquireMethodAccessor {reexecute=0 rethrow=0 return_oop=0}
                      ; - java.lang.reflect.Method::invoke@75
                      ;   {optimized virtual_call}
  0x000000010ebf9efc: dd00 0094 

  0x000000010ebf9f00: ;   {post_call_nop}
  0x000000010ebf9f00: 1f20 03d5 | 1fa7 80f2 | 1f60 80f2 | e103 00aa | e05b 40b9 | 1f00 0071 

  0x000000010ebf9f18: ;   {metadata(method data for {method} {0x000000011e06e618} 'invoke' '(Ljava/lang/Object;[Ljava/lang/Object;)Ljava/lang/Object;' in 'java/lang/reflect/Method')}
  0x000000010ebf9f18: 0248 87d2 | 82ef a3f2 | 2200 c0f2 | 084e 80d2 | 0950 80d2 | 0301 899a | 4468 63f8 | 8404 0091 
  0x000000010ebf9f38: 4468 23f8 | 6007 0054 | e633 40f9 

  0x000000010ebf9f44: ; implicit exception: dispatches to 0x000000010ebfa134
  0x000000010ebf9f44: 3f00 40f9 | e203 01aa 

  0x000000010ebf9f4c: ;   {metadata(method data for {method} {0x000000011e06e618} 'invoke' '(Ljava/lang/Object;[Ljava/lang/Object;)Ljava/lang/Object;' in 'java/lang/reflect/Method')}
  0x000000010ebf9f4c: 0348 87d2 | 83ef a3f2 | 2300 c0f2 | 4208 40b9 | 4200 57d2 | 684c 41f9 | 5f00 08eb | a100 0054 
  0x000000010ebf9f6c: 6850 41f9 | 0805 0091 | 6850 01f9 | 1700 0014 | 6854 41f9 | 5f00 08eb | a100 0054 | 6858 41f9 
  0x000000010ebf9f8c: 0805 0091 | 6858 01f9 | 1000 0014 | 684c 41f9 | a800 00b5 | 624c 01f9 | e803 40b2 | 6850 01f9 
  0x000000010ebf9fac: 0a00 0014 | 6854 41f9 | a800 00b5 | 6254 01f9 | e803 40b2 | 6858 01f9 | 0400 0014 | 6848 41f9 
  0x000000010ebf9fcc: 0805 0091 | 6848 01f9 | e28f 44a9 | e403 06aa | 09a8 8fd2 | 493a aef2 | e900 c0f2 

  0x000000010ebf9fe8: ; ImmutableOopMap {}
                      ;*invokeinterface invoke {reexecute=0 rethrow=0 return_oop=0}
                      ; - java.lang.reflect.Method::invoke@90
                      ;   {virtual_call}
  0x000000010ebf9fe8: 06a6 c495 

  0x000000010ebf9fec: ;   {post_call_nop}
  0x000000010ebf9fec: 1f20 03d5 | 9fc4 80f2 | 1f80 80f2 

  0x000000010ebf9ff8: ;   {metadata(method data for {method} {0x000000011e06e618} 'invoke' '(Ljava/lang/Object;[Ljava/lang/Object;)Ljava/lang/Object;' in 'java/lang/reflect/Method')}
  0x000000010ebf9ff8: 0248 87d2 | 82ef a3f2 | 2200 c0f2 | 4360 41f9 | 6304 0091 | 4360 01f9 | fd7b 47a9 | ff03 0291 
  0x000000010ebfa018: ;   {poll_return}
  0x000000010ebfa018: 8817 40f9 | ff63 28eb | c808 0054 | c003 5fd6 | e28f 44a9 

  0x000000010ebfa02c: ; implicit exception: dispatches to 0x000000010ebfa144
  0x000000010ebfa02c: 3f00 40f9 | e003 01aa 

  0x000000010ebfa034: ;   {metadata(method data for {method} {0x000000011e06e618} 'invoke' '(Ljava/lang/Object;[Ljava/lang/Object;)Ljava/lang/Object;' in 'java/lang/reflect/Method')}
  0x000000010ebfa034: 0448 87d2 | 84ef a3f2 | 2400 c0f2 | 0008 40b9 | 0000 57d2 | 8870 41f9 | 1f00 08eb | a100 0054 
  0x000000010ebfa054: 8874 41f9 | 0805 0091 | 8874 01f9 | 1700 0014 | 8878 41f9 | 1f00 08eb | a100 0054 | 887c 41f9 
  0x000000010ebfa074: 0805 0091 | 887c 01f9 | 1000 0014 | 8870 41f9 | a800 00b5 | 8070 01f9 | e803 40b2 | 8874 01f9 
  0x000000010ebfa094: 0a00 0014 | 8878 41f9 | a800 00b5 | 8078 01f9 | e803 40b2 | 887c 01f9 | 0400 0014 | 886c 41f9 
  0x000000010ebfa0b4: 0805 0091 | 886c 01f9 | 09ad 8fd2 | 493a aef2 | e900 c0f2 

  0x000000010ebfa0c8: ; ImmutableOopMap {}
                      ;*invokeinterface invoke {reexecute=0 rethrow=0 return_oop=0}
                      ; - java.lang.reflect.Method::invoke@102
                      ;   {virtual_call}
  0x000000010ebfa0c8: 090f f397 

  0x000000010ebfa0cc: ;   {post_call_nop}
  0x000000010ebfa0cc: 1f20 03d5 | 9fe0 80f2 | 1fa0 80f2 | fd7b 47a9 | ff03 0291 

  0x000000010ebfa0e0: ;   {poll_return}
  0x000000010ebfa0e0: 8817 40f9 | ff63 28eb | 0803 0054 | c003 5fd6 

  0x000000010ebfa0f0: ;   {metadata({method} {0x000000011e06e618} 'invoke' '(Ljava/lang/Object;[Ljava/lang/Object;)Ljava/lang/Object;' in 'java/lang/reflect/Method')}
  0x000000010ebfa0f0: 08c3 9cd2 | c8c0 a3f2 | 2800 c0f2 | e807 00f9 | 0800 8092 | e803 00f9 

  0x000000010ebfa108: ; ImmutableOopMap {rfp=Oop c_rarg2=Oop c_rarg3=Oop [72]=Oop }
                      ;*synchronization entry
                      ; - java.lang.reflect.Method::invoke@-1
                      ;   {runtime_call C1 Runtime counter_overflow_blob}
  0x000000010ebfa108: 5e7f c795 | 97fe ff17 

  0x000000010ebfa110: ;   {metadata({method} {0x000000011e2a5108} 'isStatic' '(I)Z' in 'java/lang/reflect/Modifier')}
  0x000000010ebfa110: 0821 8ad2 | 48c5 a3f2 | 2800 c0f2 | e807 00f9 | 0800 8092 | e803 00f9 

  0x000000010ebfa128: ; ImmutableOopMap {rfp=Oop c_rarg6=Oop c_rarg3=Oop [72]=Oop [80]=Oop }
                      ;*synchronization entry
                      ; - java.lang.reflect.Modifier::isStatic@-1
                      ; - java.lang.reflect.Method::invoke@42
                      ;   {runtime_call C1 Runtime counter_overflow_blob}
  0x000000010ebfa128: 567f c795 | e2fe ff17 

  0x000000010ebfa130: ; ImmutableOopMap {rfp=Oop c_rarg6=Oop c_rarg3=Oop c_rarg2=Oop [72]=Oop [80]=Oop }
                      ;*invokevirtual getClass {reexecute=0 rethrow=0 return_oop=0}
                      ; - java.lang.reflect.Method::invoke@53
                      ;   {runtime_call C1 Runtime throw_null_pointer_exception_blob}
  0x000000010ebfa130: 4474 c795 

  0x000000010ebfa134: ; ImmutableOopMap {c_rarg1=Oop c_rarg6=Oop [72]=Oop [80]=Oop }
                      ;*invokeinterface invoke {reexecute=0 rethrow=0 return_oop=0}
                      ; - java.lang.reflect.Method::invoke@90
                      ;   {runtime_call C1 Runtime throw_null_pointer_exception_blob}
  0x000000010ebfa134: 4374 c795 

  0x000000010ebfa138: ;   {internal_word}
  0x000000010ebfa138: 08f7 ff10 | 8863 02f9 

  0x000000010ebfa140: ;   {runtime_call SafepointBlob}
  0x000000010ebfa140: d0aa c415 

  0x000000010ebfa144: ; ImmutableOopMap {c_rarg2=Oop c_rarg3=Oop c_rarg1=Oop [72]=Oop }
                      ;*invokeinterface invoke {reexecute=0 rethrow=0 return_oop=0}
                      ; - java.lang.reflect.Method::invoke@102
                      ;   {runtime_call C1 Runtime throw_null_pointer_exception_blob}
  0x000000010ebfa144: 3f74 c795 

  0x000000010ebfa148: ;   {internal_word}
  0x000000010ebfa148: c8fc ff10 | 8863 02f9 

  0x000000010ebfa150: ;   {runtime_call SafepointBlob}
  0x000000010ebfa150: ccaa c415 | 80b7 42f9 | 9fb7 02f9 | 9fbb 02f9 | fd7b 47a9 | ff03 0291 

  0x000000010ebfa168: ;   {runtime_call C1 Runtime unwind_exception_blob}
  0x000000010ebfa168: 5672 c715 | 0000 0000 
[Stub Code]
  0x000000010ebfa170: ;   {trampoline_stub}
  0x000000010ebfa170: 4800 0058 | 0001 1fd6 | 0089 930e | 0100 0000 

  0x000000010ebfa180: ;   {trampoline_stub}
  0x000000010ebfa180: 4800 0058 | 0001 1fd6 | d803 2d16 | 0100 0000 

  0x000000010ebfa190: ;   {trampoline_stub}
  0x000000010ebfa190: 4800 0058 | 0001 1fd6 | 50a2 bf0e | 0100 0000 

  0x000000010ebfa1a0: ;   {trampoline_stub}
  0x000000010ebfa1a0: 4800 0058 | 0001 1fd6 | 70a2 bf0e | 0100 0000 

  0x000000010ebfa1b0: ;   {static_stub}
  0x000000010ebfa1b0: df3f 03d5 

  0x000000010ebfa1b4: ;   {metadata(nullptr)}
  0x000000010ebfa1b4: 0c00 80d2 | 0c00 a0f2 | 0c00 c0f2 | 0800 80d2 | 0800 a0f2 | 0800 c0f2 | 0001 1fd6 

  0x000000010ebfa1d0: ;   {trampoline_stub}
  0x000000010ebfa1d0: 4800 0058 | 0001 1fd6 | 0038 d215 | 0100 0000 

  0x000000010ebfa1e0: ;   {static_stub}
  0x000000010ebfa1e0: df3f 03d5 

  0x000000010ebfa1e4: ;   {metadata(nullptr)}
  0x000000010ebfa1e4: 0c00 80d2 | 0c00 a0f2 | 0c00 c0f2 | 0800 80d2 | 0800 a0f2 | 0800 c0f2 | 0001 1fd6 

  0x000000010ebfa200: ;   {trampoline_stub}
  0x000000010ebfa200: 4800 0058 | 0001 1fd6 | ecdc 8b0e | 0100 0000 

  0x000000010ebfa210: ;   {static_stub}
  0x000000010ebfa210: df3f 03d5 

  0x000000010ebfa214: ;   {metadata(nullptr)}
  0x000000010ebfa214: 0c00 80d2 | 0c00 a0f2 | 0c00 c0f2 | 0800 80d2 | 0800 a0f2 | 0800 c0f2 | 0001 1fd6 

  0x000000010ebfa230: ;   {static_stub}
  0x000000010ebfa230: df3f 03d5 

  0x000000010ebfa234: ;   {metadata(nullptr)}
  0x000000010ebfa234: 0c00 80d2 | 0c00 a0f2 | 0c00 c0f2 | 0800 80d2 | 0800 a0f2 | 0800 c0f2 | 0001 1fd6 

  0x000000010ebfa250: ;   {static_stub}
  0x000000010ebfa250: df3f 03d5 

  0x000000010ebfa254: ;   {metadata({method} {0x000000011e064b98} 'checkAccess' '(Ljava/lang/Class;Ljava/lang/Class;Ljava/lang/Class;I)V' in 'java/lang/reflect/AccessibleObject')}
  0x000000010ebfa254: 0c73 89d2 | ccc0 a3f2 | 2c00 c0f2 | 089b 9cd2 | 08ba a2f2 | 2800 c0f2 | 0001 1fd6 

  0x000000010ebfa270: ;   {static_stub}
  0x000000010ebfa270: df3f 03d5 

  0x000000010ebfa274: ;   {metadata({method} {0x000000011e06ecd8} 'acquireMethodAccessor' '()Ljdk/internal/reflect/MethodAccessor;' in 'java/lang/reflect/Method')}
  0x000000010ebfa274: 0c9b 9dd2 | ccc0 a3f2 | 2c00 c0f2 | 08b2 88d2 | 48ba a2f2 | 2800 c0f2 | 0001 1fd6 
[Exception Handler]
  0x000000010ebfa290: ;   {runtime_call C1 Runtime handle_exception_from_callee_blob}
  0x000000010ebfa290: 4c78 c795 

  0x000000010ebfa294: ;   {external_word}
  0x000000010ebfa294: a077 8bd2 | 2059 a1f2 | 2000 c0f2 | c1d5 bbd4 
[Deopt Handler Code]
  0x000000010ebfa2a4: 1e00 0010 

  0x000000010ebfa2a8: ;   {runtime_call DeoptimizationBlob}
  0x000000010ebfa2a8: f6aa c415 | 0000 0000 
[/MachCode]


---------------  P R O C E S S  ---------------

Threads class SMR info:
_java_thread_list=0x00000007776f8d00, length=23, elements={
0x0000000104b45190, 0x00000007750a2000, 0x00000007750a2800, 0x00000007750a3000,
0x00000007750a3800, 0x0000000775154000, 0x0000000775154800, 0x0000000774d10a00,
0x0000000774d11400, 0x0000000774d12800, 0x0000000775156800, 0x0000000776754800,
0x0000000776754000, 0x0000000776756800, 0x0000000775c9c000, 0x0000000775c9c800,
0x0000000775c9d000, 0x0000000775c9d800, 0x0000000775c9e800, 0x000000077753e000,
0x000000077753f800, 0x00000007750a0000, 0x00000007723ef200
}

Java Threads: ( => current thread )
=>0x0000000104b45190 JavaThread "Test worker @kotlinx.coroutines.test runner#70"        [_thread_in_native, id=5891, stack(0x000000016bcc0000,0x000000016bec3000) (2060K)]
  0x00000007750a2000 JavaThread "Common-Cleaner"             daemon [_thread_blocked, id=31235, stack(0x000000016c3fc000,0x000000016c5ff000) (2060K)]
  0x00000007750a2800 JavaThread "Reference Handler"          daemon [_thread_blocked, id=22787, stack(0x000000016c608000,0x000000016c80b000) (2060K)]
  0x00000007750a3000 JavaThread "Finalizer"                  daemon [_thread_blocked, id=30979, stack(0x000000016c814000,0x000000016ca17000) (2060K)]
  0x00000007750a3800 JavaThread "Signal Dispatcher"          daemon [_thread_blocked, id=23555, stack(0x000000016ca20000,0x000000016cc23000) (2060K)]
  0x0000000775154000 JavaThread "Service Thread"             daemon [_thread_blocked, id=30467, stack(0x000000016cc2c000,0x000000016ce2f000) (2060K)]
  0x0000000775154800 JavaThread "Monitor Deflation Thread"   daemon [_thread_blocked, id=30211, stack(0x000000016ce38000,0x000000016d03b000) (2060K)]
  0x0000000774d10a00 JavaThread "C2 CompilerThread0"         daemon [_thread_blocked, id=24067, stack(0x000000016d044000,0x000000016d247000) (2060K)]
  0x0000000774d11400 JavaThread "C1 CompilerThread0"         daemon [_thread_blocked, id=24323, stack(0x000000016d250000,0x000000016d453000) (2060K)]
  0x0000000774d12800 JavaThread "C2 CompilerThread1"         daemon [_thread_blocked, id=29187, stack(0x000000016d45c000,0x000000016d65f000) (2060K)]
  0x0000000775156800 JavaThread "Notification Thread"        daemon [_thread_blocked, id=24835, stack(0x000000016d668000,0x000000016d86b000) (2060K)]
  0x0000000776754800 JavaThread "/127.0.0.1:56614 to /127.0.0.1:56612 workers"        [_thread_blocked, id=28675, stack(0x000000016da80000,0x000000016dc83000) (2060K)]
  0x0000000776754000 JavaThread "/127.0.0.1:56614 to /127.0.0.1:56612 workers Thread 2"        [_thread_blocked, id=25603, stack(0x000000016dc8c000,0x000000016de8f000) (2060K)]
  0x0000000776756800 JavaThread "/127.0.0.1:56614 to /127.0.0.1:56612 workers Thread 3"        [_thread_in_native, id=25859, stack(0x000000016de98000,0x000000016e09b000) (2060K)]
  0x0000000775c9c000 JavaThread "Reference Cleaner"          daemon [_thread_blocked, id=26371, stack(0x000000016e0a4000,0x000000016e2a7000) (2060K)]
  0x0000000775c9c800 JavaThread "DefaultDispatcher-worker-1" daemon [_thread_blocked, id=26639, stack(0x000000016e2b0000,0x000000016e4b3000) (2060K)]
  0x0000000775c9d000 JavaThread "DefaultDispatcher-worker-2" daemon [_thread_blocked, id=27395, stack(0x000000016e4bc000,0x000000016e6bf000) (2060K)]
  0x0000000775c9d800 JavaThread "DefaultDispatcher-worker-3" daemon [_thread_blocked, id=27139, stack(0x000000016e6c8000,0x000000016e8cb000) (2060K)]
  0x0000000775c9e800 JavaThread "kotlinx.coroutines.DefaultExecutor" daemon [_thread_blocked, id=43267, stack(0x000000016e8d4000,0x000000016ead7000) (2060K)]
  0x000000077753e000 JavaThread "AppKit Thread"              daemon [_thread_in_native, id=259, stack(0x000000016b438000,0x000000016bc34000) (8176K)]
  0x000000077753f800 JavaThread "AWT-Shutdown"                      [_thread_blocked, id=49427, stack(0x000000016ec84000,0x000000016ee87000) (2060K)]
  0x00000007750a0000 JavaThread "AWT-EventQueue-0"                  [_thread_blocked, id=87047, stack(0x000000016d874000,0x000000016da77000) (2060K)]
  0x00000007723ef200 JavaThread "C2 CompilerThread2"         daemon [_thread_blocked, id=67355, stack(0x000000016ee90000,0x000000016f093000) (2060K)]
Total: 23

Other Threads:
  0x00000007750c4400 VMThread "VM Thread"                           [id=16387, stack(0x000000016c0d8000,0x000000016c2db000) (2060K)]
  0x0000000104b4d130 WatcherThread "VM Periodic Task Thread"        [id=12291, stack(0x000000016becc000,0x000000016c0cf000) (2060K)]
Total: 2

Threads with active compile tasks:
Total: 0

VM state: not at safepoint (normal execution)

VM Mutex/Monitor currently owned by a thread: None

Heap address: 0x0000000300800000, size: 1024 MB, Compressed Oops mode: Zero based, Oop shift amount: 3

CDS archive(s) not mapped
Compressed class space mapped at: 0x0000020000000000-0x0000020040000000, reserved size: 1073741824
UseCompressedClassPointers 1, UseCompactObjectHeaders 0
Narrow klass pointer bits 32, Max shift 3
Narrow klass base: 0x0000020000000000, Narrow klass shift: 0
Encoding Range: [0x0000020000000000 - 0x0000020100000000), (4294967296 bytes)
Klass Range:    [0x0000020000000000 - 0x0000020040000000), (1073741824 bytes)
Klass ID Range:  [8 - 1073741817) (1073741809)
Protection zone: [0x0000020000000000 - 0x0000020000010000), (65536 bytes)

GC Precious Log:
 CardTable entry size: 512
 CPUs: 14 total, 14 available
 Memory: 36864M
 Large Page Support: Disabled
 NUMA Support: Disabled
 Compressed Oops: Enabled (Zero based)
 Heap Min Capacity: 8M
 Heap Initial Capacity: 576M
 Heap Max Capacity: 1G
 Pre-touch: Disabled

Heap:
 DefNew     total 177024K, used 45067K [0x0000000300800000, 0x000000030c810000, 0x0000000315d50000)
  eden space 157376K,  28% used [0x0000000300800000, 0x0000000303402ee0, 0x000000030a1b0000)
  from space 19648K,   0% used [0x000000030a1b0000, 0x000000030a1b0000, 0x000000030b4e0000)
  to   space 19648K,   0% used [0x000000030b4e0000, 0x000000030b4e0000, 0x000000030c810000)
 Tenured    total 393216K, used 8213K [0x0000000315d50000, 0x000000032dd50000, 0x0000000340800000)
  the  space 393216K,   2% used [0x0000000315d50000, 0x00000003165555f0, 0x000000032dd50000)

Card table byte_map: [0x00000001090fc000,0x00000001092fc000] _byte_map_base: 0x00000001078f8000

Polling page: 0x00000001041f4000

Metaspace:
Metaspace        used 37137K, committed 37504K, reserved 1114112K
 class space     used 3678K, committed 3840K, reserved 1048576K

Usage:
  Non-class:     32.67 MB used.
      Class:      3.59 MB used.
       Both:     36.27 MB used.

Virtual space:
  Non-class space:       64.00 MB reserved,      32.88 MB ( 51%) committed,  1 nodes.
      Class space:        1.00 GB reserved,       3.75 MB ( <1%) committed,  1 nodes.
             Both:        1.06 GB reserved,      36.62 MB (  3%) committed. 

Chunk freelists:
   Non-Class:  14.98 MB
       Class:  12.04 MB
        Both:  27.02 MB

MaxMetaspaceSize: unlimited
CompressedClassSpaceSize: 1.00 GB
Initial GC threshold: 21.00 MB
Current GC threshold: 58.38 MB
CDS: off
 - commit_granule_bytes: 65536.
 - commit_granule_words: 8192.
 - virtual_space_node_default_size: 8388608.
 - enlarge_chunks_in_place: 1.
UseCompressedClassPointers 1, UseCompactObjectHeaders 0
Narrow klass pointer bits 32, Max shift 3
Narrow klass base: 0x0000020000000000, Narrow klass shift: 0
Encoding Range: [0x0000020000000000 - 0x0000020100000000), (4294967296 bytes)
Klass Range:    [0x0000020000000000 - 0x0000020040000000), (1073741824 bytes)
Klass ID Range:  [8 - 1073741817) (1073741809)
Protection zone: [0x0000020000000000 - 0x0000020000010000), (65536 bytes)


Internal statistics:

num_allocs_failed_limit: 6.
num_arena_births: 296.
num_arena_deaths: 0.
num_vsnodes_births: 2.
num_vsnodes_deaths: 0.
num_space_committed: 586.
num_space_uncommitted: 0.
num_chunks_returned_to_freelist: 6.
num_chunks_taken_from_freelist: 1200.
num_chunk_merges: 6.
num_chunk_splits: 880.
num_chunks_enlarged: 723.
num_inconsistent_stats: 0.

CodeHeap 'non-profiled nmethods': size=120032Kb used=1264Kb max_used=1359Kb free=118767Kb
 bounds [0x000000011627c000, 0x00000001164ec000, 0x000000011d7b4000]
CodeHeap 'profiled nmethods': size=120032Kb used=4845Kb max_used=5363Kb free=115186Kb
 bounds [0x000000010e7b0000, 0x000000010ecf0000, 0x0000000115ce8000]
CodeHeap 'non-nmethods': size=5712Kb used=1415Kb max_used=1464Kb free=4296Kb
 bounds [0x0000000115ce8000, 0x0000000115f58000, 0x000000011627c000]
CodeCache: size=245776Kb, used=7524Kb, max_used=8186Kb, free=238249Kb
 total_blobs=4228, nmethods=3301, adapters=837, full_count=0
Compilation: enabled, stopped_count=0, restarted_count=0

Compilation events (20 events):
Event: 1.310 Thread 0x0000000774d11400 nmethod 3787 0x000000010e8c38c8 code [0x000000010e8c39c0, 0x000000010e8c41a8]
Event: 1.310 Thread 0x0000000774d11400 3788       3       kotlinx.coroutines.JobNode::getJob (29 bytes)
Event: 1.310 Thread 0x0000000774d11400 nmethod 3788 0x000000010e8c3508 code [0x000000010e8c3600, 0x000000010e8c38a8]
Event: 1.310 Thread 0x0000000774d11400 3789       3       org.jetbrains.skia.impl.Native$Companion::getNullPointer (12 bytes)
Event: 1.310 Thread 0x0000000774d11400 nmethod 3789 0x000000010e8c3288 code [0x000000010e8c3380, 0x000000010e8c34d0]
Event: 1.310 Thread 0x0000000774d11400 3790       3       androidx.compose.ui.unit.IntOffset$Companion::getZero-nOcc-ac (14 bytes)
Event: 1.310 Thread 0x0000000774d11400 nmethod 3790 0x000000010e8c2fc8 code [0x000000010e8c30c0, 0x000000010e8c3268]
Event: 1.310 Thread 0x0000000774d11400 3791       3       androidx.compose.ui.unit.IntOffset::access$getZero$cp (15 bytes)
Event: 1.310 Thread 0x0000000774d11400 nmethod 3791 0x000000010e8c2d88 code [0x000000010e8c2e80, 0x000000010e8c2f90]
Event: 1.317 Thread 0x0000000774d11400 3793       3       kotlinx.coroutines.JobKt__JobKt::$jacocoInit (53 bytes)
Event: 1.317 Thread 0x0000000774d11400 nmethod 3793 0x000000010e8c2448 code [0x000000010e8c2540, 0x000000010e8c2d28]
Event: 1.317 Thread 0x0000000774d11400 3794       3       java.lang.Class::getSimpleName (26 bytes)
Event: 1.317 Thread 0x0000000774d11400 nmethod 3794 0x000000010e8c20c8 code [0x000000010e8c21c0, 0x000000010e8c2408]
Event: 1.317 Thread 0x0000000774d11400 3795       3       androidx.compose.runtime.Stack::push-impl (16 bytes)
Event: 1.317 Thread 0x0000000774d11400 nmethod 3795 0x000000010e8c1dc8 code [0x000000010e8c1ec0, 0x000000010e8c20b0]
Event: 1.323 Thread 0x0000000774d11400 3796       3       org.jacoco.agent.rt.internal_29a6edd.asm.tree.MethodNode::getLabelNodes (36 bytes)
Event: 1.324 Thread 0x0000000774d11400 nmethod 3796 0x000000010e8c14c8 code [0x000000010e8c15c0, 0x000000010e8c1db8]
Event: 1.324 Thread 0x0000000774d11400 3797       3       org.jacoco.agent.rt.internal_29a6edd.core.internal.flow.LabelFlowAnalyzer::visitSwitchInsn (56 bytes)
Event: 1.324 Thread 0x0000000774d11400 nmethod 3797 0x000000010ea9ae08 code [0x000000010ea9af00, 0x000000010ea9c3b8]
Event: 1.324 Thread 0x0000000774d11400 3798       3       org.jacoco.agent.rt.internal_29a6edd.core.internal.flow.MethodProbesAdapter::markLabels (102 bytes)

GC Heap Usage History (8 events):
Event: 0.533 {heap Before GC invocations=0 (full 0):
 DefNew     total 176960K, used 157312K [0x0000000300800000, 0x000000030c800000, 0x0000000315d50000)
  eden space 157312K, 100% used [0x0000000300800000, 0x000000030a1a0000, 0x000000030a1a0000)
  from space 19648K,   0% used [0x000000030a1a0000, 0x000000030a1a0000, 0x000000030b4d0000)
  to   space 19648K,   0% used [0x000000030b4d0000, 0x000000030b4d0000, 0x000000030c800000)
 Tenured    total 393216K, used 0K [0x0000000315d50000, 0x000000032dd50000, 0x0000000340800000)
  the  space 393216K,   0% used [0x0000000315d50000, 0x0000000315d50000, 0x000000032dd50000)
}
Event: 0.562 {heap After GC invocations=1 (full 1):
 DefNew     total 177024K, used 0K [0x0000000300800000, 0x000000030c810000, 0x0000000315d50000)
  eden space 157376K,   0% used [0x0000000300800000, 0x0000000300800000, 0x000000030a1b0000)
  from space 19648K,   0% used [0x000000030a1b0000, 0x000000030a1b0000, 0x000000030b4e0000)
  to   space 19648K,   0% used [0x000000030b4e0000, 0x000000030b4e0000, 0x000000030c810000)
 Tenured    total 393216K, used 6270K [0x0000000315d50000, 0x000000032dd50000, 0x0000000340800000)
  the  space 393216K,   1% used [0x0000000315d50000, 0x000000031636f900, 0x000000032dd50000)
}
Event: 0.856 {heap Before GC invocations=1 (full 1):
 DefNew     total 177024K, used 157376K [0x0000000300800000, 0x000000030c810000, 0x0000000315d50000)
  eden space 157376K, 100% used [0x0000000300800000, 0x000000030a1b0000, 0x000000030a1b0000)
  from space 19648K,   0% used [0x000000030a1b0000, 0x000000030a1b0000, 0x000000030b4e0000)
  to   space 19648K,   0% used [0x000000030b4e0000, 0x000000030b4e0000, 0x000000030c810000)
 Tenured    total 393216K, used 6270K [0x0000000315d50000, 0x000000032dd50000, 0x0000000340800000)
  the  space 393216K,   1% used [0x0000000315d50000, 0x000000031636f900, 0x000000032dd50000)
}
Event: 0.858 {heap After GC invocations=2 (full 1):
 DefNew     total 177024K, used 835K [0x0000000300800000, 0x000000030c810000, 0x0000000315d50000)
  eden space 157376K,   0% used [0x0000000300800000, 0x0000000300800000, 0x000000030a1b0000)
  from space 19648K,   4% used [0x000000030b4e0000, 0x000000030b5b0ea0, 0x000000030c810000)
  to   space 19648K,   0% used [0x000000030a1b0000, 0x000000030a1b0000, 0x000000030b4e0000)
 Tenured    total 393216K, used 6270K [0x0000000315d50000, 0x000000032dd50000, 0x0000000340800000)
  the  space 393216K,   1% used [0x0000000315d50000, 0x000000031636f900, 0x000000032dd50000)
}
Event: 1.090 {heap Before GC invocations=2 (full 1):
 DefNew     total 177024K, used 158211K [0x0000000300800000, 0x000000030c810000, 0x0000000315d50000)
  eden space 157376K, 100% used [0x0000000300800000, 0x000000030a1b0000, 0x000000030a1b0000)
  from space 19648K,   4% used [0x000000030b4e0000, 0x000000030b5b0ea0, 0x000000030c810000)
  to   space 19648K,   0% used [0x000000030a1b0000, 0x000000030a1b0000, 0x000000030b4e0000)
 Tenured    total 393216K, used 6270K [0x0000000315d50000, 0x000000032dd50000, 0x0000000340800000)
  the  space 393216K,   1% used [0x0000000315d50000, 0x000000031636f900, 0x000000032dd50000)
}
Event: 1.092 {heap After GC invocations=3 (full 1):
 DefNew     total 177024K, used 1898K [0x0000000300800000, 0x000000030c810000, 0x0000000315d50000)
  eden space 157376K,   0% used [0x0000000300800000, 0x0000000300800000, 0x000000030a1b0000)
  from space 19648K,   9% used [0x000000030a1b0000, 0x000000030a38ab28, 0x000000030b4e0000)
  to   space 19648K,   0% used [0x000000030b4e0000, 0x000000030b4e0000, 0x000000030c810000)
 Tenured    total 393216K, used 6270K [0x0000000315d50000, 0x000000032dd50000, 0x0000000340800000)
  the  space 393216K,   1% used [0x0000000315d50000, 0x000000031636f900, 0x000000032dd50000)
}
Event: 1.101 {heap Before GC invocations=3 (full 1):
 DefNew     total 177024K, used 10157K [0x0000000300800000, 0x000000030c810000, 0x0000000315d50000)
  eden space 157376K,   5% used [0x0000000300800000, 0x0000000301010c28, 0x000000030a1b0000)
  from space 19648K,   9% used [0x000000030a1b0000, 0x000000030a38ab28, 0x000000030b4e0000)
  to   space 19648K,   0% used [0x000000030b4e0000, 0x000000030b4e0000, 0x000000030c810000)
 Tenured    total 393216K, used 6270K [0x0000000315d50000, 0x000000032dd50000, 0x0000000340800000)
  the  space 393216K,   1% used [0x0000000315d50000, 0x000000031636f900, 0x000000032dd50000)
}
Event: 1.112 {heap After GC invocations=4 (full 2):
 DefNew     total 177024K, used 0K [0x0000000300800000, 0x000000030c810000, 0x0000000315d50000)
  eden space 157376K,   0% used [0x0000000300800000, 0x0000000300800000, 0x000000030a1b0000)
  from space 19648K,   0% used [0x000000030a1b0000, 0x000000030a1b0000, 0x000000030b4e0000)
  to   space 19648K,   0% used [0x000000030b4e0000, 0x000000030b4e0000, 0x000000030c810000)
 Tenured    total 393216K, used 8213K [0x0000000315d50000, 0x000000032dd50000, 0x0000000340800000)
  the  space 393216K,   2% used [0x0000000315d50000, 0x00000003165555f0, 0x000000032dd50000)
}

Metaspace Usage History (8 events):
Event: 0.533 {metaspace Before GC invocations=0 (full 0):
 Metaspace       used 21364K, committed 21504K, reserved 1114112K
  class space    used 2223K, committed 2304K, reserved 1048576K
}
Event: 0.562 {metaspace After GC invocations=1 (full 1):
 Metaspace       used 21364K, committed 21504K, reserved 1114112K
  class space    used 2223K, committed 2304K, reserved 1048576K
}
Event: 0.856 {metaspace Before GC invocations=1 (full 1):
 Metaspace       used 28406K, committed 28672K, reserved 1114112K
  class space    used 2804K, committed 2944K, reserved 1048576K
}
Event: 0.858 {metaspace After GC invocations=2 (full 1):
 Metaspace       used 28406K, committed 28672K, reserved 1114112K
  class space    used 2804K, committed 2944K, reserved 1048576K
}
Event: 1.090 {metaspace Before GC invocations=2 (full 1):
 Metaspace       used 35286K, committed 35648K, reserved 1114112K
  class space    used 3480K, committed 3648K, reserved 1048576K
}
Event: 1.092 {metaspace After GC invocations=3 (full 1):
 Metaspace       used 35286K, committed 35648K, reserved 1114112K
  class space    used 3480K, committed 3648K, reserved 1048576K
}
Event: 1.101 {metaspace Before GC invocations=3 (full 1):
 Metaspace       used 35588K, committed 35840K, reserved 1114112K
  class space    used 3523K, committed 3648K, reserved 1048576K
}
Event: 1.112 {metaspace After GC invocations=4 (full 2):
 Metaspace       used 35588K, committed 35840K, reserved 1114112K
  class space    used 3523K, committed 3648K, reserved 1048576K
}

Dll operation events (13 events):
Event: 0.004 Loaded shared library /Applications/Android Studio.app/Contents/jbr/Contents/Home/lib/libjava.dylib
Event: 0.005 Loaded shared library /Applications/Android Studio.app/Contents/jbr/Contents/Home/lib/libzip.dylib
Event: 0.056 Loaded shared library /Applications/Android Studio.app/Contents/jbr/Contents/Home/lib/libnio.dylib
Event: 0.058 Loaded shared library /Applications/Android Studio.app/Contents/jbr/Contents/Home/lib/libinstrument.dylib
Event: 0.061 Loaded shared library /Applications/Android Studio.app/Contents/jbr/Contents/Home/lib/libzip.dylib
Event: 0.073 Loaded shared library /Applications/Android Studio.app/Contents/jbr/Contents/Home/lib/libverify.dylib
Event: 0.081 Loaded shared library /Applications/Android Studio.app/Contents/jbr/Contents/Home/lib/libnet.dylib
Event: 0.090 Loaded shared library /Applications/Android Studio.app/Contents/jbr/Contents/Home/lib/libjimage.dylib
Event: 0.303 Loaded shared library /Applications/Android Studio.app/Contents/jbr/Contents/Home/lib/libextnet.dylib
Event: 0.585 Loaded shared library /Users/jaewoong/.skiko/skiko-macos-arm64-4b22275236c861e1288750f3022a5851440f1ba7dec227e6d428b5ee0899175a/libskiko-macos-arm64.dylib
Event: 0.674 Loaded shared library /Applications/Android Studio.app/Contents/jbr/Contents/Home/lib/libawt.dylib
Event: 0.675 Loaded shared library /Applications/Android Studio.app/Contents/jbr/Contents/Home/lib/libawt_lwawt.dylib
Event: 0.678 Loaded shared library /Applications/Android Studio.app/Contents/jbr/Contents/Home/lib/libfontmanager.dylib

Deoptimization events (20 events):
Event: 1.101 Thread 0x00000007750a0000 Uncommon trap: trap_request=0xffffffd6 fr.pc=0x00000001163cf98c relative=0x000000000000014c
Event: 1.101 Thread 0x00000007750a0000 Uncommon trap: reason=array_check action=maybe_recompile pc=0x00000001163cf98c method=java.util.Arrays.fill([Ljava/lang/Object;Ljava/lang/Object;)V @ 13 c2
Event: 1.101 Thread 0x00000007750a0000 DEOPT PACKING pc=0x00000001163cf98c sp=0x000000016da72500
Event: 1.101 Thread 0x00000007750a0000 DEOPT UNPACKING pc=0x0000000115ddac5c sp=0x000000016da72490 mode 2
Event: 1.133 Thread 0x00000007750a0000 DEOPT PACKING pc=0x000000010e7c063c sp=0x000000016da743c0
Event: 1.133 Thread 0x00000007750a0000 DEOPT UNPACKING pc=0x0000000115d250bc sp=0x000000016da74080 mode 3
Event: 1.134 Thread 0x00000007750a0000 DEOPT PACKING pc=0x000000010e7df2c4 sp=0x000000016da742b0
Event: 1.134 Thread 0x00000007750a0000 DEOPT UNPACKING pc=0x0000000115d250bc sp=0x000000016da73f40 mode 3
Event: 1.192 Thread 0x00000007750a0000 Uncommon trap: trap_request=0xffffffde fr.pc=0x000000011628a5ec relative=0x000000000000016c
Event: 1.192 Thread 0x00000007750a0000 Uncommon trap: reason=class_check action=maybe_recompile pc=0x000000011628a5ec method=java.lang.String.equals(Ljava/lang/Object;)Z @ 8 c2
Event: 1.192 Thread 0x00000007750a0000 DEOPT PACKING pc=0x000000011628a5ec sp=0x000000016da757b0
Event: 1.192 Thread 0x00000007750a0000 DEOPT UNPACKING pc=0x0000000115ddac5c sp=0x000000016da75730 mode 2
Event: 1.229 Thread 0x00000007750a0000 Uncommon trap: trap_request=0xffffffde fr.pc=0x000000011628a5ec relative=0x000000000000016c
Event: 1.229 Thread 0x00000007750a0000 Uncommon trap: reason=class_check action=maybe_recompile pc=0x000000011628a5ec method=java.lang.String.equals(Ljava/lang/Object;)Z @ 8 c2
Event: 1.229 Thread 0x00000007750a0000 DEOPT PACKING pc=0x000000011628a5ec sp=0x000000016da757b0
Event: 1.229 Thread 0x00000007750a0000 DEOPT UNPACKING pc=0x0000000115ddac5c sp=0x000000016da75730 mode 2
Event: 1.249 Thread 0x00000007750a0000 Uncommon trap: trap_request=0xffffffde fr.pc=0x000000011628a5ec relative=0x000000000000016c
Event: 1.249 Thread 0x00000007750a0000 Uncommon trap: reason=class_check action=maybe_recompile pc=0x000000011628a5ec method=java.lang.String.equals(Ljava/lang/Object;)Z @ 8 c2
Event: 1.249 Thread 0x00000007750a0000 DEOPT PACKING pc=0x000000011628a5ec sp=0x000000016da757b0
Event: 1.249 Thread 0x00000007750a0000 DEOPT UNPACKING pc=0x0000000115ddac5c sp=0x000000016da75730 mode 2

Classes loaded (20 events):
Event: 0.901 Loading class java/awt/datatransfer/Clipboard
Event: 0.901 Loading class java/awt/datatransfer/Clipboard done
Event: 0.902 Loading class java/awt/datatransfer/UnsupportedFlavorException
Event: 0.902 Loading class java/awt/datatransfer/UnsupportedFlavorException done
Event: 0.968 Loading class java/util/TreeSet
Event: 0.968 Loading class java/util/TreeSet done
Event: 1.007 Loading class java/lang/StackTraceElement$HashedModules
Event: 1.007 Loading class java/lang/StackTraceElement$HashedModules done
Event: 1.010 Loading class jdk/internal/reflect/MethodHandleIntegerFieldAccessorImpl
Event: 1.010 Loading class jdk/internal/reflect/MethodHandleIntegerFieldAccessorImpl done
Event: 1.089 Loading class java/util/concurrent/CompletableFuture
Event: 1.090 Loading class java/util/concurrent/CompletionStage
Event: 1.090 Loading class java/util/concurrent/CompletionStage done
Event: 1.090 Loading class java/util/concurrent/CompletableFuture done
Event: 1.130 Loading class java/nio/ByteBufferAsIntBufferL
Event: 1.130 Loading class java/nio/ByteBufferAsIntBufferL done
Event: 1.171 Loading class java/io/PrintWriter
Event: 1.171 Loading class java/io/PrintWriter done
Event: 1.177 Loading class java/util/ArrayDeque$DescendingIterator
Event: 1.177 Loading class java/util/ArrayDeque$DescendingIterator done

Classes unloaded (0 events):
No events

Classes redefined (0 events):
No events

Internal exceptions (20 events):
Event: 1.040 Thread 0x00000007750a0000 Exception <a 'java/lang/NoSuchMethodError'{0x0000000308187f80}: 'int java.lang.invoke.DirectMethodHandle$Holder.invokeStatic(java.lang.Object)'> (0x0000000308187f80) 
thrown [src/hotspot/share/interpreter/linkResolver.cpp, line 815]
Event: 1.040 Thread 0x00000007750a0000 Exception <a 'java/lang/NoSuchMethodError'{0x000000030818ff20}: 'int java.lang.invoke.DirectMethodHandle$Holder.invokeStaticInit(java.lang.Object)'> (0x000000030818ff20) 
thrown [src/hotspot/share/interpreter/linkResolver.cpp, line 815]
Event: 1.046 Thread 0x00000007750a0000 Exception <a 'java/lang/NoSuchMethodError'{0x00000003084c5860}: 'java.lang.Object java.lang.invoke.DirectMethodHandle$Holder.newInvokeSpecial(java.lang.Object, int, java.lang.Object, java.lang.Object)'> (0x00000003084c5860) 
thrown [src/hotspot/share/interpreter/linkResolver.cpp, line 815]
Event: 1.059 Thread 0x00000007750a0000 Exception <a 'java/lang/NoSuchMethodError'{0x0000000308d23760}: 'java.lang.Object java.lang.invoke.DirectMethodHandle$Holder.newInvokeSpecial(java.lang.Object, java.lang.Object, java.lang.Object, java.lang.Object, java.lang.Object, java.lang.Object, java.lang.Object)'> (0x0000000308d23760) 
thrown [src/hotspot/share/interpreter/linkResolver.cpp, line 815]
Event: 1.072 Thread 0x00000007750a0000 Exception <a 'java/lang/NoSuchMethodError'{0x000000030965dc70}: 'java.lang.Object java.lang.invoke.DirectMethodHandle$Holder.newInvokeSpecial(java.lang.Object, java.lang.Object, java.lang.Object, int, int)'> (0x000000030965dc70) 
thrown [src/hotspot/share/interpreter/linkResolver.cpp, line 815]
Event: 1.078 Thread 0x00000007750a0000 Exception <a 'java/lang/NoSuchMethodError'{0x0000000309a6be18}: 'java.lang.Object java.lang.invoke.DirectMethodHandle$Holder.newInvokeSpecial(java.lang.Object, java.lang.Object, java.lang.Object, int)'> (0x0000000309a6be18) 
thrown [src/hotspot/share/interpreter/linkResolver.cpp, line 815]
Event: 1.078 Thread 0x00000007750a0000 Exception <a 'java/lang/NoSuchMethodError'{0x0000000309a74b20}: 'java.lang.Object java.lang.invoke.Invokers$Holder.linkToTargetMethod(java.lang.Object, java.lang.Object, int, java.lang.Object)'> (0x0000000309a74b20) 
thrown [src/hotspot/share/interpreter/linkResolver.cpp, line 815]
Event: 1.078 Thread 0x00000007750a0000 Exception <a 'java/lang/NoSuchMethodError'{0x0000000309a97ae8}: 'java.lang.Object java.lang.invoke.DirectMethodHandle$Holder.newInvokeSpecial(java.lang.Object, java.lang.Object, java.lang.Object, java.lang.Object, int)'> (0x0000000309a97ae8) 
thrown [src/hotspot/share/interpreter/linkResolver.cpp, line 815]
Event: 1.078 Thread 0x00000007750a0000 Exception <a 'java/lang/NoSuchMethodError'{0x0000000309aa0420}: 'java.lang.Object java.lang.invoke.DirectMethodHandle$Holder.invokeSpecial(java.lang.Object, java.lang.Object, java.lang.Object, java.lang.Object, java.lang.Object, int)'> (0x0000000309aa0420) 
thrown [src/hotspot/share/interpreter/linkResolver.cpp, line 815]
Event: 1.078 Thread 0x00000007750a0000 Exception <a 'java/lang/NoSuchMethodError'{0x0000000309aa8590}: 'java.lang.Object java.lang.invoke.Invokers$Holder.linkToTargetMethod(java.lang.Object, java.lang.Object, java.lang.Object, int, java.lang.Object)'> (0x0000000309aa8590) 
thrown [src/hotspot/share/interpreter/linkResolver.cpp, line 815]
Event: 1.088 Thread 0x00000007750a0000 Exception <a 'java/lang/NoSuchMethodError'{0x000000030a09e838}: 'java.lang.Object java.lang.invoke.DirectMethodHandle$Holder.newInvokeSpecial(java.lang.Object, java.lang.Object, java.lang.Object, java.lang.Object, java.lang.Object, java.lang.Object, java.lang.Object, java.lang.Object, java.lang.Object, java.lang.Object)'> (0x000000030a09e838) 
thrown [src/hotspot/share/interpreter/linkResolver.cpp, line 815]
Event: 1.090 Thread 0x0000000104b45190 Exception <a 'java/lang/NoSuchMethodError'{0x00000003063bb900}: 'java.lang.Object java.lang.invoke.DirectMethodHandle$Holder.invokeStatic(java.lang.Object, java.lang.Object, long)'> (0x00000003063bb900) 
thrown [src/hotspot/share/interpreter/linkResolver.cpp, line 815]
Event: 1.093 Thread 0x0000000104b45190 Exception <a 'java/lang/NoSuchMethodError'{0x000000030080e068}: 'java.lang.Object java.lang.invoke.DirectMethodHandle$Holder.newInvokeSpecial(java.lang.Object, java.lang.Object, long)'> (0x000000030080e068) 
thrown [src/hotspot/share/interpreter/linkResolver.cpp, line 815]
Event: 1.093 Thread 0x0000000104b45190 Exception <a 'java/lang/NoSuchMethodError'{0x0000000300817218}: 'java.lang.Object java.lang.invoke.Invokers$Holder.linkToTargetMethod(java.lang.Object, long, java.lang.Object)'> (0x0000000300817218) 
thrown [src/hotspot/share/interpreter/linkResolver.cpp, line 815]
Event: 1.099 Thread 0x00000007750a0000 Exception <a 'java/lang/NoSuchMethodError'{0x0000000300dfdd70}: 'java.lang.Object java.lang.invoke.DirectMethodHandle$Holder.invokeStatic(java.lang.Object, java.lang.Object, int, int, java.lang.Object)'> (0x0000000300dfdd70) 
thrown [src/hotspot/share/interpreter/linkResolver.cpp, line 815]
Event: 1.100 Thread 0x00000007750a0000 Exception <a 'java/lang/NoSuchMethodError'{0x0000000300e0e1c8}: 'java.lang.Object java.lang.invoke.DirectMethodHandle$Holder.newInvokeSpecial(java.lang.Object, java.lang.Object, int, int)'> (0x0000000300e0e1c8) 
thrown [src/hotspot/share/interpreter/linkResolver.cpp, line 815]
Event: 1.101 Thread 0x00000007750a0000 Exception <a 'java/lang/NoSuchMethodError'{0x0000000300ea5650}: 'java.lang.Object java.lang.invoke.DirectMethodHandle$Holder.newInvokeSpecial(java.lang.Object, java.lang.Object, long, long, java.lang.Object)'> (0x0000000300ea5650) 
thrown [src/hotspot/share/interpreter/linkResolver.cpp, line 815]
Event: 1.152 Thread 0x00000007750a0000 Exception <a 'java/lang/NoSuchMethodError'{0x0000000301a1c700}: 'java.lang.Object java.lang.invoke.DelegatingMethodHandle$Holder.reinvoke_L(java.lang.Object, java.lang.Object, int, int, int, int)'> (0x0000000301a1c700) 
thrown [src/hotspot/share/interpreter/linkResolver.cpp, line 815]
Event: 1.152 Thread 0x00000007750a0000 Exception <a 'java/lang/NoSuchMethodError'{0x0000000301a2cec0}: 'java.lang.Object java.lang.invoke.Invokers$Holder.linkToTargetMethod(int, int, int, int, java.lang.Object)'> (0x0000000301a2cec0) 
thrown [src/hotspot/share/interpreter/linkResolver.cpp, line 815]
Event: 1.172 Thread 0x00000007750a0000 Exception <a 'java/lang/NoSuchMethodError'{0x0000000301a71700}: 'java.lang.Object java.lang.invoke.DirectMethodHandle$Holder.invokeStatic(java.lang.Object, java.lang.Object, int, java.lang.Object)'> (0x0000000301a71700) 
thrown [src/hotspot/share/interpreter/linkResolver.cpp, line 815]

VM Operations (20 events):
Event: 0.351 Executing non-safepoint VM operation: HandshakeAllThreads (Deoptimize)
Event: 0.351 Executing non-safepoint VM operation: HandshakeAllThreads (Deoptimize) done
Event: 0.351 Executing non-safepoint VM operation: HandshakeAllThreads (Deoptimize)
Event: 0.351 Executing non-safepoint VM operation: HandshakeAllThreads (Deoptimize) done
Event: 0.533 Executing safepoint VM operation: CollectForMetadataAllocation (Metadata GC Threshold)
Event: 0.562 Executing safepoint VM operation: CollectForMetadataAllocation (Metadata GC Threshold) done
Event: 0.672 Executing non-safepoint VM operation: HandshakeAllThreads (Deoptimize)
Event: 0.672 Executing non-safepoint VM operation: HandshakeAllThreads (Deoptimize) done
Event: 0.785 Executing non-safepoint VM operation: HandshakeAllThreads (Deoptimize)
Event: 0.785 Executing non-safepoint VM operation: HandshakeAllThreads (Deoptimize) done
Event: 0.856 Executing safepoint VM operation: SerialCollectForAllocation (Allocation Failure)
Event: 0.858 Executing safepoint VM operation: SerialCollectForAllocation (Allocation Failure) done
Event: 0.991 Executing non-safepoint VM operation: HandshakeAllThreads (Deoptimize)
Event: 0.991 Executing non-safepoint VM operation: HandshakeAllThreads (Deoptimize) done
Event: 1.090 Executing safepoint VM operation: SerialCollectForAllocation (Allocation Failure)
Event: 1.092 Executing safepoint VM operation: SerialCollectForAllocation (Allocation Failure) done
Event: 1.101 Executing safepoint VM operation: CollectForMetadataAllocation (Metadata GC Threshold)
Event: 1.112 Executing safepoint VM operation: CollectForMetadataAllocation (Metadata GC Threshold) done
Event: 1.131 Executing non-safepoint VM operation: HandshakeAllThreads (Deoptimize)
Event: 1.131 Executing non-safepoint VM operation: HandshakeAllThreads (Deoptimize) done

Memory protections (20 events):
Event: 0.024 Protecting memory [0x000000016d044000,0x000000016d050000] with protection modes 0
Event: 0.024 Protecting memory [0x000000016d250000,0x000000016d25c000] with protection modes 0
Event: 0.069 Protecting memory [0x000000016d45c000,0x000000016d468000] with protection modes 0
Event: 0.135 Protecting memory [0x000000016d668000,0x000000016d674000] with protection modes 0
Event: 0.241 Protecting memory [0x000000016d874000,0x000000016d880000] with protection modes 0
Event: 0.331 Protecting memory [0x000000016da80000,0x000000016da8c000] with protection modes 0
Event: 0.340 Protecting memory [0x000000016dc8c000,0x000000016dc98000] with protection modes 0
Event: 0.341 Protecting memory [0x000000016de98000,0x000000016dea4000] with protection modes 0
Event: 0.564 Protecting memory [0x000000016e0a4000,0x000000016e0b0000] with protection modes 0
Event: 0.585 Protecting memory [0x000000016e2b0000,0x000000016e2bc000] with protection modes 0
Event: 0.591 Protecting memory [0x000000016e2b0000,0x000000016e2bc000] with protection modes 3
Event: 0.595 Protecting memory [0x000000016e2b0000,0x000000016e2bc000] with protection modes 0
Event: 0.595 Protecting memory [0x000000016e4bc000,0x000000016e4c8000] with protection modes 0
Event: 0.595 Protecting memory [0x000000016e6c8000,0x000000016e6d4000] with protection modes 0
Event: 0.598 Protecting memory [0x000000016e8d4000,0x000000016e8e0000] with protection modes 0
Event: 0.680 Protecting memory [0x000000016b438000,0x000000016b444000] with protection modes 0
Event: 0.739 Protecting memory [0x000000016ec84000,0x000000016ec90000] with protection modes 0
Event: 0.786 Protecting memory [0x000000016d874000,0x000000016d880000] with protection modes 3
Event: 0.787 Protecting memory [0x000000016d874000,0x000000016d880000] with protection modes 0
Event: 0.820 Protecting memory [0x000000016ee90000,0x000000016ee9c000] with protection modes 0

Nmethod flushes (20 events):
Event: 1.107 Thread 0x00000007750c4400 flushing  nmethod 0x000000010eac6248
Event: 1.107 Thread 0x00000007750c4400 flushing  nmethod 0x000000010eaceac8
Event: 1.107 Thread 0x00000007750c4400 flushing  nmethod 0x000000010ead0688
Event: 1.107 Thread 0x00000007750c4400 flushing  nmethod 0x000000010ead24c8
Event: 1.107 Thread 0x00000007750c4400 flushing  nmethod 0x000000010ead7388
Event: 1.107 Thread 0x00000007750c4400 flushing  nmethod 0x000000010eae9888
Event: 1.107 Thread 0x00000007750c4400 flushing  nmethod 0x000000010eaeb908
Event: 1.107 Thread 0x00000007750c4400 flushing  nmethod 0x000000010eaef948
Event: 1.107 Thread 0x00000007750c4400 flushing  nmethod 0x000000010eb0dc08
Event: 1.107 Thread 0x00000007750c4400 flushing  nmethod 0x000000010eb12b88
Event: 1.107 Thread 0x00000007750c4400 flushing  nmethod 0x000000010eb30f88
Event: 1.107 Thread 0x00000007750c4400 flushing  nmethod 0x000000010eb351c8
Event: 1.107 Thread 0x00000007750c4400 flushing  nmethod 0x000000010eb38248
Event: 1.107 Thread 0x00000007750c4400 flushing  nmethod 0x000000010eb3c988
Event: 1.107 Thread 0x00000007750c4400 flushing  nmethod 0x000000010eb7ab48
Event: 1.107 Thread 0x00000007750c4400 flushing  nmethod 0x000000010eba01c8
Event: 1.107 Thread 0x00000007750c4400 flushing  nmethod 0x000000010eba8848
Event: 1.107 Thread 0x00000007750c4400 flushing  nmethod 0x000000010ebee908
Event: 1.107 Thread 0x00000007750c4400 flushing osr nmethod 0x000000010ebf65c8
Event: 1.107 Thread 0x00000007750c4400 flushing  nmethod 0x000000010ebf8cc8

Events (20 events):
Event: 0.024 Thread 0x0000000104b45190 Thread added: 0x0000000774d10a00
Event: 0.024 Thread 0x0000000104b45190 Thread added: 0x0000000774d11400
Event: 0.069 Thread 0x0000000774d10a00 Thread added: 0x0000000774d12800
Event: 0.135 Thread 0x0000000104b45190 Thread added: 0x0000000775156800
Event: 0.240 Thread 0x0000000774d11400 Thread added: 0x0000000773874a00
Event: 0.331 Thread 0x0000000104b45190 Thread added: 0x0000000776754800
Event: 0.340 Thread 0x0000000104b45190 Thread added: 0x0000000776754000
Event: 0.341 Thread 0x0000000104b45190 Thread added: 0x0000000776756800
Event: 0.564 Thread 0x0000000104b45190 Thread added: 0x0000000775c9c000
Event: 0.585 Thread 0x0000000104b45190 Thread added: 0x0000000775c9c800
Event: 0.591 Thread 0x0000000775c9c800 Thread exited: 0x0000000775c9c800
Event: 0.595 Thread 0x0000000104b45190 Thread added: 0x0000000775c9c800
Event: 0.595 Thread 0x0000000104b45190 Thread added: 0x0000000775c9d000
Event: 0.595 Thread 0x0000000775c9c800 Thread added: 0x0000000775c9d800
Event: 0.598 Thread 0x0000000775c9c800 Thread added: 0x0000000775c9e800
Event: 0.680 Thread 0x000000077753e000 Thread added: 0x000000077753e000
Event: 0.739 Thread 0x000000077753e000 Thread added: 0x000000077753f800
Event: 0.786 Thread 0x0000000773874a00 Thread exited: 0x0000000773874a00
Event: 0.787 Thread 0x0000000104b45190 Thread added: 0x00000007750a0000
Event: 0.820 Thread 0x0000000774d11400 Thread added: 0x00000007723ef200


Dynamic libraries:
0x000000010420c000 	/Applications/Android Studio.app/Contents/jbr/Contents/Home/lib/libjli.dylib
0x00000001a07ce000 	/System/Library/Frameworks/ApplicationServices.framework/Versions/A/ApplicationServices
0x000000018a984000 	/System/Library/Frameworks/CoreGraphics.framework/Versions/A/CoreGraphics
0x0000000186b08000 	/System/Library/Frameworks/CoreText.framework/Versions/A/CoreText
0x0000000190d1f000 	/System/Library/Frameworks/ImageIO.framework/Versions/A/ImageIO
0x000000018b0da000 	/System/Library/Frameworks/ColorSync.framework/Versions/A/ColorSync
0x0000000197bed000 	/System/Library/Frameworks/ApplicationServices.framework/Versions/A/Frameworks/ATS.framework/Versions/A/ATS
0x000000019c101000 	/System/Library/Frameworks/CoreServices.framework/Versions/A/CoreServices
0x000000018b282000 	/System/Library/Frameworks/ApplicationServices.framework/Versions/A/Frameworks/HIServices.framework/Versions/A/HIServices
0x00000001962be000 	/System/Library/Frameworks/ApplicationServices.framework/Versions/A/Frameworks/PrintCore.framework/Versions/A/PrintCore
0x0000000197f9f000 	/System/Library/Frameworks/ApplicationServices.framework/Versions/A/Frameworks/QD.framework/Versions/A/QD
0x0000000197f9a000 	/System/Library/Frameworks/ApplicationServices.framework/Versions/A/Frameworks/ColorSyncLegacy.framework/Versions/A/ColorSyncLegacy
0x0000000197bbf000 	/System/Library/Frameworks/ApplicationServices.framework/Versions/A/Frameworks/SpeechSynthesis.framework/Versions/A/SpeechSynthesis
0x0000000193a34000 	/usr/lib/libSystem.B.dylib
0x000000018a3cd000 	/System/Library/PrivateFrameworks/SkyLight.framework/Versions/A/SkyLight
0x000000018bac4000 	/System/Library/PrivateFrameworks/ProtocolBuffer.framework/Versions/A/ProtocolBuffer
0x0000000193a38000 	/System/Library/PrivateFrameworks/SoftLinking.framework/Versions/A/SoftLinking
0x00000001878e6000 	/usr/lib/libicucore.A.dylib
0x000000018d776000 	/System/Library/PrivateFrameworks/CoreAnalytics.framework/Versions/A/CoreAnalytics
0x00000001906fa000 	/System/Library/PrivateFrameworks/FontServices.framework/libFontParser.dylib
0x000000019c380000 	/System/Library/Frameworks/Accelerate.framework/Versions/A/Accelerate
0x000000019022c000 	/System/Library/Frameworks/IOSurface.framework/Versions/A/IOSurface
0x000000018e4ba000 	/usr/lib/libxml2.2.dylib
0x0000000189f3e000 	/System/Library/Frameworks/CFNetwork.framework/Versions/A/CFNetwork
0x0000000183c25000 	/System/Library/Frameworks/CoreFoundation.framework/Versions/A/CoreFoundation
0x0000000185492000 	/System/Library/Frameworks/Foundation.framework/Versions/C/Foundation
0x000000019397e000 	/usr/lib/libz.1.dylib
0x0000000183780000 	/usr/lib/libobjc.A.dylib
0x0000000183af5000 	/usr/lib/libc++.1.dylib
0x00000001874c7000 	/System/Library/Frameworks/Security.framework/Versions/A/Security
0x000000023c46f000 	/System/Library/PrivateFrameworks/CollectionsInternal.framework/Versions/A/CollectionsInternal
0x00000001972a4000 	/usr/lib/swift/libswiftCore.dylib
0x00000001b0ef2000 	/usr/lib/swift/libswiftCoreFoundation.dylib
0x000000019de6d000 	/usr/lib/swift/libswiftDispatch.dylib
0x00000001b0f53000 	/usr/lib/swift/libswiftIOKit.dylib
0x00000001a0e45000 	/usr/lib/swift/libswiftObjectiveC.dylib
0x00000001b0f05000 	/usr/lib/swift/libswiftXPC.dylib
0x0000000288566000 	/usr/lib/swift/libswift_Builtin_float.dylib
0x0000000239136000 	/System/Library/PrivateFrameworks/BiomeLibrary.framework/Versions/A/BiomeLibrary
0x000000018bd6b000 	/System/Library/PrivateFrameworks/BaseBoard.framework/Versions/A/BaseBoard
0x000000019e1ce000 	/System/Library/PrivateFrameworks/BoardServices.framework/Versions/A/BoardServices
0x00000001a009b000 	/System/Library/PrivateFrameworks/BackBoardServices.framework/Versions/A/BackBoardServices
0x000000023903b000 	/System/Library/PrivateFrameworks/BackBoardHIDEventFoundation.framework/Versions/A/BackBoardHIDEventFoundation
0x000000018e5a1000 	/System/Library/Frameworks/CoreVideo.framework/Versions/A/CoreVideo
0x000000018d7a6000 	/usr/lib/libDiagnosticMessagesClient.dylib
0x0000000186624000 	/System/Library/Frameworks/CoreDisplay.framework/Versions/A/CoreDisplay
0x0000000192c8b000 	/usr/lib/libbsm.0.dylib
0x0000000195c17000 	/System/Library/Frameworks/VideoToolbox.framework/Versions/A/VideoToolbox
0x0000000193c54000 	/System/Library/Frameworks/MetalPerformanceShaders.framework/Versions/A/MetalPerformanceShaders
0x000000019293a000 	/System/Library/PrivateFrameworks/IOMobileFramebuffer.framework/Versions/A/IOMobileFramebuffer
0x0000000267278000 	/System/Library/PrivateFrameworks/ProDisplayLibrary.framework/Versions/A/ProDisplayLibrary
0x00000001a3ecc000 	/System/Library/PrivateFrameworks/IOSurfaceAccelerator.framework/Versions/A/IOSurfaceAccelerator
0x000000018be5d000 	/System/Library/PrivateFrameworks/RunningBoardServices.framework/Versions/A/RunningBoardServices
0x0000000185101000 	/System/Library/Frameworks/SystemConfiguration.framework/Versions/A/SystemConfiguration
0x0000000190254000 	/System/Library/Frameworks/Metal.framework/Versions/A/Metal
0x0000000190249000 	/System/Library/PrivateFrameworks/IOAccelerator.framework/Versions/A/IOAccelerator
0x0000000190558000 	/System/Library/Frameworks/CoreMedia.framework/Versions/A/CoreMedia
0x000000018a3a9000 	/System/Library/PrivateFrameworks/TCC.framework/Versions/A/TCC
0x000000018a311000 	/usr/lib/libMobileGestalt.dylib
0x0000000195bcf000 	/System/Library/PrivateFrameworks/WatchdogClient.framework/Versions/A/WatchdogClient
0x000000018dcd0000 	/System/Library/Frameworks/QuartzCore.framework/Versions/A/QuartzCore
0x0000000187f3e000 	/System/Library/Frameworks/IOKit.framework/Versions/A/IOKit
0x0000000193c5c000 	/usr/lib/libcompression.dylib
0x0000000195bd1000 	/System/Library/PrivateFrameworks/MultitouchSupport.framework/Versions/A/MultitouchSupport
0x00000001c8d2a000 	/usr/lib/swift/libswiftAccelerate.dylib
0x00000001b0ed2000 	/usr/lib/swift/libswiftCoreAudio.dylib
0x00000001ccea5000 	/usr/lib/swift/libswiftCoreMedia.dylib
0x00000001bee93000 	/usr/lib/swift/libswiftMetal.dylib
0x00000001ce658000 	/usr/lib/swift/libswiftOSLog.dylib
0x00000001c4287000 	/usr/lib/swift/libswiftQuartzCore.dylib
0x00000001c8d1a000 	/usr/lib/swift/libswiftUniformTypeIdentifiers.dylib
0x000000028854e000 	/usr/lib/swift/libswiftVideoToolbox.dylib
0x00000001a0e49000 	/usr/lib/swift/libswiftos.dylib
0x00000001b4a44000 	/usr/lib/swift/libswiftsimd.dylib
0x00000001bfefe000 	/System/Library/PrivateFrameworks/BiomeStreams.framework/Versions/A/BiomeStreams
0x00000001c61e1000 	/System/Library/PrivateFrameworks/BiomeStorage.framework/Versions/A/BiomeStorage
0x00000001bbf64000 	/System/Library/PrivateFrameworks/BiomeFoundation.framework/Versions/A/BiomeFoundation
0x0000000255795000 	/System/Library/PrivateFrameworks/IntelligencePlatformLibrary.framework/Versions/A/IntelligencePlatformLibrary
0x000000018bae0000 	/usr/lib/libsqlite3.dylib
0x000000026603c000 	/System/Library/PrivateFrameworks/PoirotSchematizer.framework/Versions/A/PoirotSchematizer
0x00000002399e9000 	/System/Library/PrivateFrameworks/BiomeSync.framework/Versions/A/BiomeSync
0x000000023911c000 	/System/Library/PrivateFrameworks/BiomeDSL.framework/Versions/A/BiomeDSL
0x00000001c6180000 	/System/Library/PrivateFrameworks/BiomePubSub.framework/Versions/A/BiomePubSub
0x00000001b0db4000 	/System/Library/PrivateFrameworks/LoggingSupport.framework/Versions/A/LoggingSupport
0x00000001a1db0000 	/System/Library/PrivateFrameworks/ProactiveSupport.framework/Versions/A/ProactiveSupport
0x00000001df244000 	/System/Library/PrivateFrameworks/FeatureFlags.framework/Versions/A/FeatureFlags
0x00000001d707b000 	/System/Library/PrivateFrameworks/InternalSwiftProtobuf.framework/Versions/A/InternalSwiftProtobuf
0x00000002660aa000 	/System/Library/PrivateFrameworks/PoirotUDFs.framework/Versions/A/PoirotUDFs
0x0000000288697000 	/usr/lib/swift/libswift_StringProcessing.dylib
0x0000000193a2e000 	/usr/lib/system/libcache.dylib
0x00000001939e9000 	/usr/lib/system/libcommonCrypto.dylib
0x0000000193a14000 	/usr/lib/system/libcompiler_rt.dylib
0x0000000193a09000 	/usr/lib/system/libcopyfile.dylib
0x0000000183929000 	/usr/lib/system/libcorecrypto.dylib
0x0000000183a29000 	/usr/lib/system/libdispatch.dylib
0x00000001837d3000 	/usr/lib/system/libdyld.dylib
0x0000000193a24000 	/usr/lib/system/libkeymgr.dylib
0x00000001939cc000 	/usr/lib/system/libmacho.dylib
0x0000000192c63000 	/usr/lib/system/libquarantine.dylib
0x0000000193a21000 	/usr/lib/system/libremovefile.dylib
0x000000018a391000 	/usr/lib/system/libsystem_asl.dylib
0x00000001838af000 	/usr/lib/system/libsystem_blocks.dylib
0x0000000183a74000 	/usr/lib/system/libsystem_c.dylib
0x0000000193a18000 	/usr/lib/system/libsystem_collections.dylib
0x0000000191604000 	/usr/lib/system/libsystem_configuration.dylib
0x00000001901f3000 	/usr/lib/system/libsystem_containermanager.dylib
0x0000000193402000 	/usr/lib/system/libsystem_coreservices.dylib
0x0000000187bbc000 	/usr/lib/system/libsystem_darwin.dylib
0x0000000288888000 	/usr/lib/system/libsystem_darwindirectory.dylib
0x0000000193a25000 	/usr/lib/system/libsystem_dnssd.dylib
0x000000028888c000 	/usr/lib/system/libsystem_eligibility.dylib
0x0000000183a71000 	/usr/lib/system/libsystem_featureflags.dylib
0x0000000183bf5000 	/usr/lib/system/libsystem_info.dylib
0x000000019398d000 	/usr/lib/system/libsystem_m.dylib
0x00000001839d8000 	/usr/lib/system/libsystem_malloc.dylib
0x000000018a2f4000 	/usr/lib/system/libsystem_networkextension.dylib
0x0000000188027000 	/usr/lib/system/libsystem_notify.dylib
0x0000000191609000 	/usr/lib/system/libsystem_sandbox.dylib
0x0000000288896000 	/usr/lib/system/libsystem_sanitizers.dylib
0x0000000193a1d000 	/usr/lib/system/libsystem_secinit.dylib
0x0000000183ba1000 	/usr/lib/system/libsystem_kernel.dylib
0x0000000183bec000 	/usr/lib/system/libsystem_platform.dylib
0x0000000183bdf000 	/usr/lib/system/libsystem_pthread.dylib
0x000000018bf4f000 	/usr/lib/system/libsystem_symptoms.dylib
0x0000000183908000 	/usr/lib/system/libsystem_trace.dylib
0x000000028889e000 	/usr/lib/system/libsystem_trial.dylib
0x00000001939f7000 	/usr/lib/system/libunwind.dylib
0x00000001838b3000 	/usr/lib/system/libxpc.dylib
0x0000000183b86000 	/usr/lib/libc++abi.dylib
0x0000000286c6b000 	/usr/lib/libRosetta.dylib
0x00000002880f1000 	/usr/lib/libswiftPrespecialized.dylib
0x000000018e471000 	/System/Library/PrivateFrameworks/CoreAutoLayout.framework/Versions/A/CoreAutoLayout
0x0000000193a36000 	/usr/lib/libfakelink.dylib
0x000000018d8a1000 	/System/Library/Frameworks/DiskArbitration.framework/Versions/A/DiskArbitration
0x0000000193a89000 	/usr/lib/libarchive.2.dylib
0x0000000191617000 	/usr/lib/liblangid.dylib
0x0000000199d9b000 	/System/Library/Frameworks/Combine.framework/Versions/A/Combine
0x000000026836e000 	/System/Library/PrivateFrameworks/ReflectionInternal.framework/Versions/A/ReflectionInternal
0x00000002692c1000 	/System/Library/PrivateFrameworks/RuntimeInternal.framework/Versions/A/RuntimeInternal
0x00000001add8a000 	/usr/lib/swift/libswiftDarwin.dylib
0x0000000288534000 	/usr/lib/swift/libswiftSystem.dylib
0x0000000288567000 	/usr/lib/swift/libswift_Concurrency.dylib
0x00000002885f3000 	/usr/lib/swift/libswift_DarwinFoundation1.dylib
0x0000000187ebe000 	/System/Library/PrivateFrameworks/CoreServicesInternal.framework/Versions/A/CoreServicesInternal
0x0000000193a01000 	/usr/lib/liboah.dylib
0x00000001a0279000 	/System/Library/PrivateFrameworks/DiskImages.framework/Versions/A/DiskImages
0x00000001ad82f000 	/System/Library/Frameworks/NetFS.framework/Versions/A/NetFS
0x000000018e436000 	/System/Library/Frameworks/CoreServices.framework/Versions/A/Frameworks/FSEvents.framework/Versions/A/FSEvents
0x0000000187bc6000 	/System/Library/Frameworks/CoreServices.framework/Versions/A/Frameworks/CarbonCore.framework/Versions/A/CarbonCore
0x000000018d815000 	/System/Library/Frameworks/CoreServices.framework/Versions/A/Frameworks/Metadata.framework/Versions/A/Metadata
0x0000000193409000 	/System/Library/Frameworks/CoreServices.framework/Versions/A/Frameworks/OSServices.framework/Versions/A/OSServices
0x0000000193b81000 	/System/Library/Frameworks/CoreServices.framework/Versions/A/Frameworks/SearchKit.framework/Versions/A/SearchKit
0x000000018bec9000 	/System/Library/Frameworks/CoreServices.framework/Versions/A/Frameworks/AE.framework/Versions/A/AE
0x0000000184184000 	/System/Library/Frameworks/CoreServices.framework/Versions/A/Frameworks/LaunchServices.framework/Versions/A/LaunchServices
0x0000000194f07000 	/System/Library/Frameworks/CoreServices.framework/Versions/A/Frameworks/DictionaryServices.framework/Versions/A/DictionaryServices
0x000000018e443000 	/System/Library/Frameworks/CoreServices.framework/Versions/A/Frameworks/SharedFileList.framework/Versions/A/SharedFileList
0x0000000193c14000 	/usr/lib/libapple_nghttp2.dylib
0x000000018bcc9000 	/System/Library/Frameworks/Accounts.framework/Versions/A/Accounts
0x00000001a04bb000 	/System/Library/PrivateFrameworks/AppSupport.framework/Versions/A/AppSupport
0x00000001afcb6000 	/System/Library/Frameworks/AVFoundation.framework/Versions/A/AVFoundation
0x0000000197fd6000 	/System/Library/Frameworks/GSS.framework/Versions/A/GSS
0x00000001963c8000 	/System/Library/PrivateFrameworks/InternationalSupport.framework/Versions/A/InternationalSupport
0x00000001a0dcd000 	/System/Library/PrivateFrameworks/StreamingZip.framework/Versions/A/StreamingZip
0x000000018a30f000 	/usr/lib/libenergytrace.dylib
0x000000018bf58000 	/System/Library/Frameworks/Network.framework/Versions/A/Network
0x00000001939d0000 	/usr/lib/system/libkxld.dylib
0x0000000237a4f000 	/System/Library/PrivateFrameworks/AppleKeyStore.framework/Versions/A/AppleKeyStore
0x000000028696d000 	/usr/lib/libCoreEntitlements.dylib
0x000000025ca51000 	/System/Library/PrivateFrameworks/MessageSecurity.framework/Versions/A/MessageSecurity
0x000000019d27c000 	/System/Library/PrivateFrameworks/SymptomDiagnosticReporter.framework/Versions/A/SymptomDiagnosticReporter
0x000000019514c000 	/System/Library/PrivateFrameworks/CrashReporterSupport.framework/Versions/A/CrashReporterSupport
0x00000001933e9000 	/System/Library/PrivateFrameworks/AppleFSCompression.framework/Versions/A/AppleFSCompression
0x0000000192c73000 	/usr/lib/libcoretls.dylib
0x0000000194f7d000 	/usr/lib/libcoretls_cfhelpers.dylib
0x0000000193c56000 	/usr/lib/libpam.2.dylib
0x0000000194ff3000 	/usr/lib/libxar.1.dylib
0x0000000194f7f000 	/System/Library/PrivateFrameworks/APFS.framework/Versions/A/APFS
0x00000002749ee000 	/System/Library/PrivateFrameworks/SwiftASN1Internal.framework/Versions/A/SwiftASN1Internal
0x0000000195002000 	/usr/lib/libutil.dylib
0x0000000191612000 	/System/Library/PrivateFrameworks/AppleSystemInfo.framework/Versions/A/AppleSystemInfo
0x000000019fbd9000 	/System/Library/PrivateFrameworks/CoreWiFi.framework/Versions/A/CoreWiFi
0x0000000198039000 	/System/Library/PrivateFrameworks/MobileAsset.framework/Versions/A/MobileAsset
0x000000019d28c000 	/System/Library/PrivateFrameworks/PowerLog.framework/Versions/A/PowerLog
0x000000019e74e000 	/System/Library/PrivateFrameworks/Rapport.framework/Versions/A/Rapport
0x0000000230672000 	/System/Library/Frameworks/SwiftData.framework/Versions/A/SwiftData
0x0000000189973000 	/System/Library/Frameworks/UniformTypeIdentifiers.framework/Versions/A/UniformTypeIdentifiers
0x000000018e663000 	/System/Library/PrivateFrameworks/UserManagement.framework/Versions/A/UserManagement
0x0000000189e65000 	/usr/lib/libboringssl.dylib
0x000000018bf3d000 	/usr/lib/libdns_services.dylib
0x00000001afdea000 	/usr/lib/libquic.dylib
0x0000000197235000 	/usr/lib/libusrtcp.dylib
0x0000000238908000 	/System/Library/PrivateFrameworks/AtomicsInternal.framework/Versions/A/AtomicsInternal
0x00000002883bb000 	/usr/lib/swift/libswiftDistributed.dylib
0x00000002883e4000 	/usr/lib/swift/libswiftObservation.dylib
0x0000000288520000 	/usr/lib/swift/libswiftSynchronization.dylib
0x0000000191610000 	/System/Library/PrivateFrameworks/AggregateDictionary.framework/Versions/A/AggregateDictionary
0x000000018b6d6000 	/System/Library/Frameworks/CoreData.framework/Versions/A/CoreData
0x00000002326cd000 	/System/Library/Frameworks/_LocationEssentials.framework/Versions/A/_LocationEssentials
0x0000000194f5e000 	/usr/lib/liblzma.5.dylib
0x0000000192b6c000 	/System/Library/PrivateFrameworks/MobileKeyBag.framework/Versions/A/MobileKeyBag
0x00000001a07cf000 	/System/Library/PrivateFrameworks/InternationalTextSearch.framework/Versions/A/InternationalTextSearch
0x00000001b8440000 	/System/Library/PrivateFrameworks/SoftwareUpdateCoreSupport.framework/Versions/A/SoftwareUpdateCoreSupport
0x00000001c099c000 	/System/Library/PrivateFrameworks/SoftwareUpdateCoreConnect.framework/Versions/A/SoftwareUpdateCoreConnect
0x00000001a0373000 	/System/Library/PrivateFrameworks/RemoteServiceDiscovery.framework/Versions/A/RemoteServiceDiscovery
0x00000001b8018000 	/System/Library/PrivateFrameworks/MSUDataAccessor.framework/Versions/A/MSUDataAccessor
0x00000001b2f80000 	/usr/lib/libbootpolicy.dylib
0x00000001a038a000 	/System/Library/PrivateFrameworks/RemoteXPC.framework/Versions/A/RemoteXPC
0x00000001bfdd2000 	/usr/lib/libFDR.dylib
0x00000001c5d82000 	/usr/lib/libamsupport.dylib
0x0000000286c63000 	/usr/lib/libReverseProxyDevice.dylib
0x00000002372bf000 	/System/Library/PrivateFrameworks/AppleDeviceQuerySupport.framework/Versions/A/AppleDeviceQuerySupport
0x00000001c8f44000 	/usr/lib/libpartition2_dynamic.dylib
0x0000000193bf0000 	/System/Library/PrivateFrameworks/AppleSauce.framework/Versions/A/AppleSauce
0x0000000286818000 	/usr/lib/libAppleArchive.dylib
0x00000001933f5000 	/usr/lib/libbz2.1.0.dylib
0x000000018d8ab000 	/System/Library/Frameworks/Accelerate.framework/Versions/A/Frameworks/vImage.framework/Versions/A/vImage
0x000000019c0dc000 	/System/Library/Frameworks/Accelerate.framework/Versions/A/Frameworks/vecLib.framework/Versions/A/vecLib
0x0000000195039000 	/System/Library/Frameworks/Accelerate.framework/Versions/A/Frameworks/vecLib.framework/Versions/A/libvMisc.dylib
0x0000000184688000 	/System/Library/Frameworks/Accelerate.framework/Versions/A/Frameworks/vecLib.framework/Versions/A/libBLAS.dylib
0x00000002290cc000 	/System/Library/Frameworks/OpenGL.framework/Versions/A/OpenGL
0x000000024b44c000 	/System/Library/PrivateFrameworks/GPUCompiler.framework/Versions/32023/Libraries/libllvm-flatbuffers.dylib
0x0000000245eab000 	/System/Library/PrivateFrameworks/FramePacing.framework/Versions/A/FramePacing
0x00000002290be000 	/System/Library/Frameworks/OpenGL.framework/Versions/A/Libraries/libCoreFSCache.dylib
0x0000000246fd9000 	/System/Library/PrivateFrameworks/GPUCompiler.framework/Versions/32023/Libraries/libGPUCompilerUtils.dylib
0x000000022911d000 	/System/Library/Frameworks/OpenGL.framework/Versions/A/Libraries/libGLU.dylib
0x00000002290e0000 	/System/Library/Frameworks/OpenGL.framework/Versions/A/Libraries/libGFXShared.dylib
0x00000002292ad000 	/System/Library/Frameworks/OpenGL.framework/Versions/A/Libraries/libGL.dylib
0x00000002290e9000 	/System/Library/Frameworks/OpenGL.framework/Versions/A/Libraries/libGLImage.dylib
0x00000002290dd000 	/System/Library/Frameworks/OpenGL.framework/Versions/A/Libraries/libCVMSPluginSupport.dylib
0x00000002290c6000 	/System/Library/Frameworks/OpenGL.framework/Versions/A/Libraries/libCoreVMClient.dylib
0x00000001927c8000 	/System/Library/Frameworks/Accelerate.framework/Versions/A/Frameworks/vecLib.framework/Versions/A/libvDSP.dylib
0x0000000193d36000 	/System/Library/Frameworks/Accelerate.framework/Versions/A/Frameworks/vecLib.framework/Versions/A/libLAPACK.dylib
0x0000000192cff000 	/System/Library/Frameworks/Accelerate.framework/Versions/A/Frameworks/vecLib.framework/Versions/A/libLinearAlgebra.dylib
0x0000000193c2d000 	/System/Library/Frameworks/Accelerate.framework/Versions/A/Frameworks/vecLib.framework/Versions/A/libSparseBLAS.dylib
0x0000000193d31000 	/System/Library/Frameworks/Accelerate.framework/Versions/A/Frameworks/vecLib.framework/Versions/A/libQuadrature.dylib
0x0000000191740000 	/System/Library/Frameworks/Accelerate.framework/Versions/A/Frameworks/vecLib.framework/Versions/A/libBNNS.dylib
0x0000000184f93000 	/System/Library/Frameworks/Accelerate.framework/Versions/A/Frameworks/vecLib.framework/Versions/A/libSparse.dylib
0x0000000257845000 	/System/Library/PrivateFrameworks/MIL.framework/Versions/A/MIL
0x00000001c2ded000 	/System/Library/PrivateFrameworks/OSAnalytics.framework/Versions/A/OSAnalytics
0x0000000243b18000 	/System/Library/PrivateFrameworks/DeviceRecovery.framework/Versions/A/DeviceRecovery
0x000000019e5e6000 	/System/Library/PrivateFrameworks/CoreSymbolication.framework/Versions/A/CoreSymbolication
0x00000001d2727000 	/System/Library/PrivateFrameworks/Symbolication.framework/Versions/A/Symbolication
0x000000019e5c4000 	/System/Library/PrivateFrameworks/DebugSymbols.framework/Versions/A/DebugSymbols
0x00000001b0e43000 	/System/Library/PrivateFrameworks/MallocStackLogging.framework/Versions/A/MallocStackLogging
0x00000002885f8000 	/usr/lib/swift/libswift_RegexParser.dylib
0x0000000199e8f000 	/System/Library/PrivateFrameworks/GeoServices.framework/Versions/A/GeoServices
0x00000001978bf000 	/System/Library/PrivateFrameworks/LocationSupport.framework/Versions/A/LocationSupport
0x000000019d171000 	/System/Library/Frameworks/CoreBluetooth.framework/Versions/A/CoreBluetooth
0x000000024ef9f000 	/System/Library/PrivateFrameworks/GeoServicesCore.framework/Versions/A/GeoServicesCore
0x00000001a9c78000 	/System/Library/PrivateFrameworks/PhoneNumbers.framework/Versions/A/PhoneNumbers
0x00000001981b0000 	/System/Library/PrivateFrameworks/CorePhoneNumbers.framework/Versions/A/CorePhoneNumbers
0x0000000193a6e000 	/usr/lib/libiconv.2.dylib
0x00000001939cb000 	/usr/lib/libcharset.1.dylib
0x000000022b148000 	/System/Library/Frameworks/ExtensionFoundation.framework/Versions/A/ExtensionFoundation
0x0000000195626000 	/System/Library/PrivateFrameworks/AppServerSupport.framework/Versions/A/AppServerSupport
0x0000000261ab2000 	/System/Library/PrivateFrameworks/OSEligibility.framework/Versions/A/OSEligibility
0x0000000195429000 	/System/Library/PrivateFrameworks/IconServices.framework/Versions/A/IconServices
0x000000022c52c000 	/System/Library/Frameworks/LightweightCodeRequirements.framework/Versions/A/LightweightCodeRequirements
0x00000001952a3000 	/System/Library/PrivateFrameworks/PlugInKit.framework/Versions/A/PlugInKit
0x0000000192b84000 	/System/Library/PrivateFrameworks/AssertionServices.framework/Versions/A/AssertionServices
0x00000001959c9000 	/System/Library/PrivateFrameworks/AppleJPEG.framework/Versions/A/AppleJPEG
0x00000001953a3000 	/usr/lib/libexpat.1.dylib
0x0000000196194000 	/System/Library/Frameworks/ImageIO.framework/Versions/A/Resources/libPng.dylib
0x00000001961bf000 	/System/Library/Frameworks/ImageIO.framework/Versions/A/Resources/libTIFF.dylib
0x00000001962a7000 	/System/Library/Frameworks/ImageIO.framework/Versions/A/Resources/libGIF.dylib
0x0000000195a0e000 	/System/Library/Frameworks/ImageIO.framework/Versions/A/Resources/libJP2.dylib
0x00000001950b3000 	/usr/lib/libate.dylib
0x000000019624e000 	/System/Library/Frameworks/ImageIO.framework/Versions/A/Resources/libJPEG.dylib
0x0000000196245000 	/System/Library/Frameworks/ImageIO.framework/Versions/A/Resources/libRadiance.dylib
0x00000002885f6000 	/usr/lib/swift/libswift_DarwinFoundation2.dylib
0x00000002885f7000 	/usr/lib/swift/libswift_DarwinFoundation3.dylib
0x00000001953c8000 	/System/Library/PrivateFrameworks/IconFoundation.framework/Versions/A/IconFoundation
0x0000000252323000 	/System/Library/PrivateFrameworks/IconRendering.framework/Versions/A/IconRendering
0x000000018e138000 	/System/Library/PrivateFrameworks/CoreUI.framework/Versions/A/CoreUI
0x000000019105f000 	/System/Library/Frameworks/CoreImage.framework/Versions/A/CoreImage
0x000000026948d000 	/System/Library/PrivateFrameworks/SFSymbols.framework/Versions/A/SFSymbols
0x000000022affe000 	/System/Library/Frameworks/DeveloperToolsSupport.framework/Versions/A/DeveloperToolsSupport
0x00000001a8041000 	/System/Library/PrivateFrameworks/RenderBox.framework/Versions/A/RenderBox
0x0000000190ce1000 	/System/Library/PrivateFrameworks/CoreSVG.framework/Versions/A/CoreSVG
0x0000000196331000 	/System/Library/PrivateFrameworks/TextureIO.framework/Versions/A/TextureIO
0x00000001b0f52000 	/usr/lib/swift/libswiftCoreImage.dylib
0x00000001955d6000 	/System/Library/PrivateFrameworks/GraphVisualizer.framework/Versions/A/GraphVisualizer
0x0000000245db6000 	/System/Library/PrivateFrameworks/FontServices.framework/Versions/A/FontServices
0x00000001955e6000 	/System/Library/PrivateFrameworks/OTSVG.framework/Versions/A/OTSVG
0x000000018e0e6000 	/System/Library/Frameworks/ApplicationServices.framework/Versions/A/Frameworks/ATS.framework/Versions/A/Resources/libFontRegistry.dylib
0x000000028772b000 	/usr/lib/libhvf.dylib
0x000000026273e000 	/System/Library/PrivateFrameworks/ParsingInternal.framework/Versions/A/ParsingInternal
0x0000000245dba000 	/System/Library/PrivateFrameworks/FontServices.framework/libXTFontStaticRegistryData.dylib
0x000000019154a000 	/System/Library/Frameworks/MetalPerformanceShaders.framework/Versions/A/Frameworks/MPSCore.framework/Versions/A/MPSCore
0x0000000193354000 	/System/Library/Frameworks/MetalPerformanceShaders.framework/Versions/A/Frameworks/MPSImage.framework/Versions/A/MPSImage
0x0000000192d13000 	/System/Library/Frameworks/MetalPerformanceShaders.framework/Versions/A/Frameworks/MPSNeuralNetwork.framework/Versions/A/MPSNeuralNetwork
0x0000000193152000 	/System/Library/Frameworks/MetalPerformanceShaders.framework/Versions/A/Frameworks/MPSMatrix.framework/Versions/A/MPSMatrix
0x0000000192f6a000 	/System/Library/Frameworks/MetalPerformanceShaders.framework/Versions/A/Frameworks/MPSRayIntersector.framework/Versions/A/MPSRayIntersector
0x0000000193184000 	/System/Library/Frameworks/MetalPerformanceShaders.framework/Versions/A/Frameworks/MPSNDArray.framework/Versions/A/MPSNDArray
0x000000022d3b1000 	/System/Library/Frameworks/MetalPerformanceShaders.framework/Versions/A/Frameworks/MPSFunctions.framework/Versions/A/MPSFunctions
0x000000022d392000 	/System/Library/Frameworks/MetalPerformanceShaders.framework/Versions/A/Frameworks/MPSBenchmarkLoop.framework/Versions/A/MPSBenchmarkLoop
0x000000022d3c5000 	/System/Library/Frameworks/MetalPerformanceShaders.framework/Versions/A/Frameworks/MPSHost.framework/Versions/A/MPSHost
0x000000018449f000 	/System/Library/PrivateFrameworks/MetalTools.framework/Versions/A/MetalTools
0x00000001b6169000 	/System/Library/PrivateFrameworks/IOAccelMemoryInfo.framework/Versions/A/IOAccelMemoryInfo
0x00000001c467a000 	/System/Library/PrivateFrameworks/kperf.framework/Versions/A/kperf
0x00000001b0ece000 	/System/Library/PrivateFrameworks/GPURawCounter.framework/Versions/A/GPURawCounter
0x00000001a1f3b000 	/System/Library/PrivateFrameworks/ASEProcessing.framework/Versions/A/ASEProcessing
0x0000000265beb000 	/System/Library/PrivateFrameworks/PhotosensitivityProcessing.framework/Versions/A/PhotosensitivityProcessing
0x0000000269513000 	/System/Library/PrivateFrameworks/SILManager.framework/Versions/A/SILManager
0x0000000277e41000 	/System/Library/PrivateFrameworks/Tightbeam.framework/Versions/A/Tightbeam
0x00000001beea1000 	/usr/lib/swift/libswiftCompression.dylib
0x00000001c94b1000 	/System/Library/PrivateFrameworks/AFKUser.framework/Versions/A/AFKUser
0x0000000196279000 	/System/Library/Frameworks/ApplicationServices.framework/Versions/A/Frameworks/ATSUI.framework/Versions/A/ATSUI
0x000000019794f000 	/System/Library/Frameworks/AudioToolbox.framework/Versions/A/AudioToolbox
0x00000001937c2000 	/System/Library/Frameworks/UserNotifications.framework/Versions/A/UserNotifications
0x00000001b68fe000 	/System/Library/PrivateFrameworks/SiriInstrumentation.framework/Versions/A/SiriInstrumentation
0x000000026b96e000 	/System/Library/PrivateFrameworks/SiriAnalytics.framework/Versions/A/SiriAnalytics
0x00000001b4066000 	/System/Library/PrivateFrameworks/FeedbackLogger.framework/Versions/A/FeedbackLogger
0x00000001ce8f1000 	/usr/lib/swift/libswiftAVFoundation.dylib
0x000000027a669000 	/System/Library/PrivateFrameworks/UnifiedAssetFramework.framework/Versions/A/UnifiedAssetFramework
0x0000000186745000 	/System/Library/PrivateFrameworks/AudioToolboxCore.framework/Versions/A/AudioToolboxCore
0x0000000197b24000 	/System/Library/PrivateFrameworks/AudioSession.framework/Versions/A/AudioSession
0x00000001a31be000 	/System/Library/Frameworks/CoreMIDI.framework/Versions/A/CoreMIDI
0x0000000197ba5000 	/usr/lib/libAudioStatistics.dylib
0x000000019052e000 	/System/Library/PrivateFrameworks/caulk.framework/Versions/A/caulk
0x0000000186d31000 	/System/Library/Frameworks/CoreAudio.framework/Versions/A/CoreAudio
0x000000019616e000 	/usr/lib/libAudioToolboxUtility.dylib
0x00000001b782c000 	/usr/lib/swift/libswiftCoreMIDI.dylib
0x0000000197fa8000 	/System/Library/PrivateFrameworks/perfdata.framework/Versions/A/perfdata
0x00000001afedf000 	/System/Library/PrivateFrameworks/SystemPolicy.framework/Versions/A/SystemPolicy
0x0000000197e4d000 	/usr/lib/libSMC.dylib
0x0000000197fb6000 	/usr/lib/libperfcheck.dylib
0x00000002389d7000 	/System/Library/PrivateFrameworks/AudioAnalytics.framework/Versions/A/AudioAnalytics
0x00000001d6d69000 	/System/Library/Frameworks/OSLog.framework/Versions/A/OSLog
0x00000001b0e75000 	/usr/lib/libmis.dylib
0x000000019e743000 	/System/Library/PrivateFrameworks/CoreTime.framework/Versions/A/CoreTime
0x00000001954e7000 	/System/Library/PrivateFrameworks/MediaExperience.framework/Versions/A/MediaExperience
0x00000001978f9000 	/System/Library/PrivateFrameworks/AudioSession.framework/libSessionUtility.dylib
0x00000001962ad000 	/System/Library/PrivateFrameworks/CMCaptureCore.framework/Versions/A/CMCaptureCore
0x0000000195633000 	/usr/lib/libspindump.dylib
0x00000001929f7000 	/System/Library/PrivateFrameworks/CoreUtils.framework/Versions/A/CoreUtils
0x00000001a8d74000 	/System/Library/PrivateFrameworks/HID.framework/Versions/A/HID
0x0000000242a31000 	/System/Library/PrivateFrameworks/CoreUtilsExtras.framework/Versions/A/CoreUtilsExtras
0x0000000252278000 	/System/Library/PrivateFrameworks/IO80211.framework/Versions/A/IO80211
0x0000000199ae7000 	/System/Library/Frameworks/IOBluetooth.framework/Versions/A/IOBluetooth
0x0000000288403000 	/usr/lib/swift/libswiftRegexBuilder.dylib
0x0000000195143000 	/usr/lib/libIOReport.dylib
0x00000001df2c8000 	/System/Library/PrivateFrameworks/WiFiPeerToPeer.framework/Versions/A/WiFiPeerToPeer
0x0000000192b93000 	/System/Library/Frameworks/SecurityFoundation.framework/Versions/A/SecurityFoundation
0x000000023b0d3000 	/System/Library/PrivateFrameworks/Centauri.framework/Versions/A/Centauri
0x0000000184e83000 	/System/Library/PrivateFrameworks/Lexicon.framework/Versions/A/Lexicon
0x0000000287b7b000 	/usr/lib/libmrc.dylib
0x00000002522e3000 	/System/Library/PrivateFrameworks/IPConfiguration.framework/Versions/A/IPConfiguration
0x00000001d2efe000 	/System/Library/PrivateFrameworks/Netrb.framework/Versions/A/Netrb
0x000000019e0f4000 	/System/Library/PrivateFrameworks/FrontBoardServices.framework/Versions/A/FrontBoardServices
0x0000000192cfc000 	/usr/lib/libgermantok.dylib
0x0000000191739000 	/System/Library/PrivateFrameworks/LinguisticData.framework/Versions/A/LinguisticData
0x000000019e29b000 	/System/Library/PrivateFrameworks/GraphicsServices.framework/Versions/A/GraphicsServices
0x000000019d37a000 	/System/Library/PrivateFrameworks/MediaKit.framework/Versions/A/MediaKit
0x000000019d2c8000 	/System/Library/Frameworks/DiscRecording.framework/Versions/A/DiscRecording
0x00000001953be000 	/usr/lib/libheimdal-asn1.dylib
0x00000001a0da3000 	/System/Library/Frameworks/AudioUnit.framework/Versions/A/AudioUnit
0x000000018e3fe000 	/System/Library/Frameworks/OpenDirectory.framework/Versions/A/OpenDirectory
0x000000018e40c000 	/System/Library/Frameworks/OpenDirectory.framework/Versions/A/Frameworks/CFOpenDirectory.framework/Versions/A/CFOpenDirectory
0x0000000229639000 	/System/Library/Frameworks/AVFAudio.framework/Versions/A/AVFAudio
0x000000022977d000 	/System/Library/Frameworks/AVRouting.framework/Versions/A/AVRouting
0x00000001a9d90000 	/usr/lib/libAccessibility.dylib
0x0000000256111000 	/System/Library/PrivateFrameworks/IsolatedCoreAudioClient.framework/Versions/A/IsolatedCoreAudioClient
0x000000023e869000 	/System/Library/PrivateFrameworks/CoreAudioOrchestration.framework/Versions/A/CoreAudioOrchestration
0x0000000196795000 	/System/Library/Frameworks/MediaToolbox.framework/Versions/A/MediaToolbox
0x000000019d4a0000 	/System/Library/PrivateFrameworks/CoreAVCHD.framework/Versions/A/CoreAVCHD
0x000000019c3cf000 	/System/Library/Frameworks/MediaAccessibility.framework/Versions/A/MediaAccessibility
0x000000019d49c000 	/System/Library/PrivateFrameworks/Mangrove.framework/Versions/A/Mangrove
0x000000023a70f000 	/System/Library/PrivateFrameworks/CMPhoto.framework/Versions/A/CMPhoto
0x000000019dc69000 	/System/Library/Frameworks/CoreTelephony.framework/Versions/A/CoreTelephony
0x000000019d48f000 	/System/Library/PrivateFrameworks/CoreAUC.framework/Versions/A/CoreAUC
0x0000000237880000 	/System/Library/PrivateFrameworks/AppleJPEGXL.framework/Versions/A/AppleJPEGXL
0x000000027c5b1000 	/System/Library/PrivateFrameworks/VideoToolboxParavirtualizationSupport.framework/Versions/A/VideoToolboxParavirtualizationSupport
0x000000019535a000 	/System/Library/PrivateFrameworks/AppleVA.framework/Versions/A/AppleVA
0x00000001981c0000 	/usr/lib/libTelephonyUtilDynamic.dylib
0x0000000196240000 	/System/Library/PrivateFrameworks/GPUWrangler.framework/Versions/A/GPUWrangler
0x0000000196220000 	/System/Library/PrivateFrameworks/IOPresentment.framework/Versions/A/IOPresentment
0x0000000196248000 	/System/Library/PrivateFrameworks/DSExternalDisplay.framework/Versions/A/DSExternalDisplay
0x00000001d9e5a000 	/System/Library/Frameworks/CryptoKit.framework/Versions/A/CryptoKit
0x00000001a0d9e000 	/System/Library/PrivateFrameworks/CryptoKitCBridging.framework/Versions/A/CryptoKitCBridging
0x000000019e2ad000 	/System/Library/Frameworks/CryptoTokenKit.framework/Versions/A/CryptoTokenKit
0x0000000243589000 	/System/Library/PrivateFrameworks/Dendrite.framework/Versions/A/Dendrite
0x00000001b0a76000 	/System/Library/Frameworks/NaturalLanguage.framework/Versions/A/NaturalLanguage
0x000000024eca2000 	/System/Library/PrivateFrameworks/GenerativeModels.framework/Versions/A/GenerativeModels
0x00000001df250000 	/usr/lib/swift/libswiftNaturalLanguage.dylib
0x00000002383f6000 	/System/Library/PrivateFrameworks/AppleMobileFileIntegrity.framework/Versions/A/AppleMobileFileIntegrity
0x0000000286cda000 	/usr/lib/libTLE.dylib
0x00000001e8957000 	/System/Library/PrivateFrameworks/ConfigProfileHelper.framework/Versions/A/ConfigProfileHelper
0x00000001a0f2d000 	/System/Library/PrivateFrameworks/Espresso.framework/Versions/A/Espresso
0x000000018eb8d000 	/System/Library/Frameworks/CoreML.framework/Versions/A/CoreML
0x00000001dd10d000 	/usr/lib/libedit.3.dylib
0x0000000226448000 	/System/Library/PrivateFrameworks/ANECompiler.framework/Versions/A/ANECompiler
0x00000001a3002000 	/System/Library/PrivateFrameworks/AppleNeuralEngine.framework/Versions/A/AppleNeuralEngine
0x000000022d3cb000 	/System/Library/Frameworks/MetalPerformanceShadersGraph.framework/Versions/A/MetalPerformanceShadersGraph
0x0000000257fb4000 	/System/Library/PrivateFrameworks/MLCompilerServices.framework/Versions/A/MLCompilerServices
0x00000001a1d7f000 	/System/Library/PrivateFrameworks/ANEServices.framework/Versions/A/ANEServices
0x00000001b612c000 	/usr/lib/libncurses.5.4.dylib
0x000000018803a000 	/usr/lib/libsandbox.1.dylib
0x00000001952e4000 	/usr/lib/libMatch.1.dylib
0x0000000261834000 	/System/Library/PrivateFrameworks/ODIE.framework/Versions/A/ODIE
0x000000025ac41000 	/System/Library/PrivateFrameworks/MLModelAsset.framework/Versions/A/MLModelAsset
0x0000000257f5a000 	/System/Library/PrivateFrameworks/MLCompilerRuntime.framework/Versions/A/MLCompilerRuntime
0x0000000192fbf000 	/System/Library/Frameworks/MLCompute.framework/Versions/A/MLCompute
0x0000000257edc000 	/System/Library/PrivateFrameworks/MLAssetIO.framework/Versions/A/MLAssetIO
0x00000002883d5000 	/usr/lib/swift/libswiftMLCompute.dylib
0x000000019de84000 	/System/Library/PrivateFrameworks/AVFCore.framework/Versions/A/AVFCore
0x00000001a7692000 	/System/Library/PrivateFrameworks/AVFCapture.framework/Versions/A/AVFCapture
0x000000023a506000 	/System/Library/PrivateFrameworks/CMImaging.framework/Versions/A/CMImaging
0x00000001a78d4000 	/System/Library/PrivateFrameworks/Quagga.framework/Versions/A/Quagga
0x00000001a7a05000 	/System/Library/PrivateFrameworks/CMCapture.framework/Versions/A/CMCapture
0x0000000197d4a000 	/System/Library/Frameworks/CoreMediaIO.framework/Versions/A/CoreMediaIO
0x000000023a441000 	/System/Library/PrivateFrameworks/CMCaptureDevice.framework/Versions/A/CMCaptureDevice
0x000000019571f000 	/System/Library/PrivateFrameworks/CoreBrightness.framework/Versions/A/CoreBrightness
0x000000023b5ca000 	/System/Library/PrivateFrameworks/CinematicFraming.framework/Versions/A/CinematicFraming
0x000000025dd1c000 	/System/Library/PrivateFrameworks/ModelManagerServices.framework/Versions/A/ModelManagerServices
0x00000001cb95b000 	/System/Library/PrivateFrameworks/CPMS.framework/Versions/A/CPMS
0x0000000275569000 	/System/Library/PrivateFrameworks/SystemStatus.framework/Versions/A/SystemStatus
0x00000001af8b4000 	/System/Library/Frameworks/CoreMotion.framework/Versions/A/CoreMotion
0x00000001bfe7d000 	/System/Library/PrivateFrameworks/TimeSync.framework/Versions/A/TimeSync
0x0000000243f4f000 	/System/Library/PrivateFrameworks/DistributedSensing.framework/Versions/A/DistributedSensing
0x00000001bb274000 	/System/Library/PrivateFrameworks/MobileBluetooth.framework/Versions/A/MobileBluetooth
0x00000001c1b3a000 	/System/Library/PrivateFrameworks/IOKitten.framework/Versions/A/IOKitten
0x0000000257727000 	/System/Library/PrivateFrameworks/LocationLogEncryption.framework/Versions/A/LocationLogEncryption
0x00000002376fa000 	/System/Library/PrivateFrameworks/AppleIntelligenceReporting.framework/Versions/A/AppleIntelligenceReporting
0x000000023b01f000 	/System/Library/PrivateFrameworks/CascadeSets.framework/Versions/A/CascadeSets
0x0000000192906000 	/System/Library/PrivateFrameworks/CoreEmoji.framework/Versions/A/CoreEmoji
0x0000000185195000 	/usr/lib/libCRFSuite.dylib
0x0000000186475000 	/System/Library/PrivateFrameworks/LanguageModeling.framework/Versions/A/LanguageModeling
0x0000000191619000 	/System/Library/PrivateFrameworks/CoreNLP.framework/Versions/A/CoreNLP
0x000000018b3eb000 	/System/Library/PrivateFrameworks/Montreal.framework/Versions/A/Montreal
0x0000000193a76000 	/usr/lib/libcmph.dylib
0x0000000192c9d000 	/usr/lib/libmecab.dylib
0x0000000193be7000 	/usr/lib/libThaiTokenizer.dylib
0x000000024ed84000 	/System/Library/PrivateFrameworks/GenerativeModelsFoundation.framework/Versions/A/GenerativeModelsFoundation
0x0000000278346000 	/System/Library/PrivateFrameworks/TokenGeneration.framework/Versions/A/TokenGeneration
0x000000024eb58000 	/System/Library/PrivateFrameworks/GenerativeFunctions.framework/Versions/A/GenerativeFunctions
0x000000024eba6000 	/System/Library/PrivateFrameworks/GenerativeFunctionsFoundation.framework/Versions/A/GenerativeFunctionsFoundation
0x000000025d9e2000 	/System/Library/PrivateFrameworks/ModelCatalog.framework/Versions/A/ModelCatalog
0x000000026ab88000 	/System/Library/PrivateFrameworks/SensitiveContentAnalysisML.framework/Versions/A/SensitiveContentAnalysisML
0x000000024ec3c000 	/System/Library/PrivateFrameworks/GenerativeFunctionsInstrumentation.framework/Versions/A/GenerativeFunctionsInstrumentation
0x0000000267a00000 	/System/Library/PrivateFrameworks/PromptKit.framework/Versions/A/PromptKit
0x0000000267417000 	/System/Library/PrivateFrameworks/ProactiveDaemonSupport.framework/Versions/A/ProactiveDaemonSupport
0x000000027857e000 	/System/Library/PrivateFrameworks/TokenGenerationCore.framework/Versions/A/TokenGenerationCore
0x00000001b1941000 	/System/Library/PrivateFrameworks/Trial.framework/Versions/A/Trial
0x00000001b18c2000 	/System/Library/PrivateFrameworks/TrialProto.framework/Versions/A/TrialProto
0x0000000237326000 	/System/Library/PrivateFrameworks/AppleFlatBuffers.framework/Versions/A/AppleFlatBuffers
0x000000026ae58000 	/System/Library/PrivateFrameworks/SentencePieceInternal.framework/Versions/A/SentencePieceInternal
0x000000019c429000 	/System/Library/Frameworks/Vision.framework/Versions/A/Vision
0x0000000242713000 	/System/Library/PrivateFrameworks/CoreSceneUnderstanding.framework/Versions/A/CoreSceneUnderstanding
0x000000027d1be000 	/System/Library/PrivateFrameworks/VisionCore.framework/Versions/A/VisionCore
0x00000001966d2000 	/System/Library/PrivateFrameworks/DataDetectorsCore.framework/Versions/A/DataDetectorsCore
0x00000001ba202000 	/System/Library/Frameworks/Vision.framework/libfaceCore.dylib
0x00000001bad1c000 	/System/Library/PrivateFrameworks/Futhark.framework/Versions/A/Futhark
0x00000001bec5a000 	/System/Library/PrivateFrameworks/InertiaCam.framework/Versions/A/InertiaCam
0x00000001baaa9000 	/System/Library/PrivateFrameworks/TextRecognition.framework/Versions/A/TextRecognition
0x000000022afe7000 	/System/Library/Frameworks/DataDetection.framework/Versions/A/DataDetection
0x00000001b4cd2000 	/System/Library/PrivateFrameworks/TextInput.framework/Versions/A/TextInput
0x0000000195181000 	/System/Library/PrivateFrameworks/CVNLP.framework/Versions/A/CVNLP
0x000000022aacc000 	/System/Library/Frameworks/CoreTransferable.framework/Versions/A/CoreTransferable
0x0000000197f8d000 	/System/Library/PrivateFrameworks/NetAuth.framework/Versions/A/NetAuth
0x000000018e622000 	/System/Library/PrivateFrameworks/login.framework/Versions/A/Frameworks/loginsupport.framework/Versions/A/loginsupport
0x00000001897ba000 	/System/Library/PrivateFrameworks/UIFoundation.framework/Versions/A/UIFoundation
0x000000019563a000 	/System/Library/PrivateFrameworks/Heimdal.framework/Versions/A/Heimdal
0x0000000197c35000 	/usr/lib/libresolv.9.dylib
0x0000000198028000 	/System/Library/PrivateFrameworks/CommonAuth.framework/Versions/A/CommonAuth
0x0000000192c67000 	/usr/lib/libCheckFix.dylib
0x000000018d7a8000 	/System/Library/PrivateFrameworks/MetadataUtilities.framework/Versions/A/MetadataUtilities
0x0000000252d6a000 	/System/Library/PrivateFrameworks/InstalledContentLibrary.framework/Versions/A/InstalledContentLibrary
0x0000000187efe000 	/System/Library/PrivateFrameworks/CoreServicesStore.framework/Versions/A/CoreServicesStore
0x000000018e46d000 	/usr/lib/libapp_launch_measurement.dylib
0x00000001c4791000 	/System/Library/PrivateFrameworks/MobileSystemServices.framework/Versions/A/MobileSystemServices
0x0000000195006000 	/usr/lib/libxslt.1.dylib
0x0000000192c26000 	/System/Library/PrivateFrameworks/BackgroundTaskManagement.framework/Versions/A/BackgroundTaskManagement
0x00000001a0434000 	/usr/lib/libcurl.4.dylib
0x00000002874df000 	/usr/lib/libcrypto.46.dylib
0x000000028807e000 	/usr/lib/libssl.48.dylib
0x00000001a010e000 	/System/Library/Frameworks/LDAP.framework/Versions/A/LDAP
0x0000000197fc4000 	/System/Library/Frameworks/Kerberos.framework/Versions/A/Kerberos
0x00000001a014a000 	/System/Library/PrivateFrameworks/TrustEvaluationAgent.framework/Versions/A/TrustEvaluationAgent
0x0000000197c52000 	/usr/lib/libsasl2.2.dylib
0x00000001a0da2000 	/System/Library/Frameworks/Kerberos.framework/Versions/A/Libraries/libHeimdalProxy.dylib
0x0000000265fff000 	/System/Library/PrivateFrameworks/PoirotSQLite.framework/Versions/A/PoirotSQLite
0x00000001d7252000 	/System/Library/PrivateFrameworks/HIDDisplay.framework/Versions/A/HIDDisplay
0x0000000197f2e000 	/usr/lib/libcups.2.dylib
0x00000001a9c84000 	/System/Library/PrivateFrameworks/AXCoreUtilities.framework/Versions/A/AXCoreUtilities
0x00000001ba04d000 	/System/Library/PrivateFrameworks/AttributeGraph.framework/Versions/A/AttributeGraph
0x00000002867db000 	/usr/lib/libAXSafeCategoryBundle.dylib
0x0000000231756000 	/System/Library/Frameworks/TabularData.framework/Versions/A/TabularData
0x00000002385a6000 	/System/Library/PrivateFrameworks/ArgumentParserInternal.framework/Versions/A/ArgumentParserInternal
0x00000001a33b1000 	/System/Library/Frameworks/Cocoa.framework/Versions/A/Cocoa
0x0000000188097000 	/System/Library/Frameworks/AppKit.framework/Versions/C/AppKit
0x000000023c44a000 	/System/Library/PrivateFrameworks/CollectionViewCore.framework/Versions/A/CollectionViewCore
0x0000000190cdb000 	/System/Library/PrivateFrameworks/XCTTargetBootstrap.framework/Versions/A/XCTTargetBootstrap
0x0000000196724000 	/System/Library/PrivateFrameworks/UserActivity.framework/Versions/A/UserActivity
0x0000000245eb8000 	/System/Library/PrivateFrameworks/FrontBoard.framework/Versions/A/FrontBoard
0x0000000279f8e000 	/System/Library/PrivateFrameworks/UIIntelligenceSupport.framework/Versions/A/UIIntelligenceSupport
0x00000002307df000 	/System/Library/Frameworks/SwiftUICore.framework/Versions/A/SwiftUICore
0x0000000280b23000 	/System/Library/PrivateFrameworks/WritingTools.framework/Versions/A/WritingTools
0x000000027f91e000 	/System/Library/PrivateFrameworks/WindowManagement.framework/Versions/A/WindowManagement
0x0000000245bed000 	/System/Library/PrivateFrameworks/FocusEngine.framework/Versions/A/FocusEngine
0x00000002435f9000 	/System/Library/PrivateFrameworks/DesignLibrary.framework/Versions/A/DesignLibrary
0x0000000190cc6000 	/System/Library/PrivateFrameworks/DFRFoundation.framework/Versions/A/DFRFoundation
0x000000027aed7000 	/System/Library/PrivateFrameworks/UpdateCycle.framework/Versions/A/UpdateCycle
0x00000001909ca000 	/System/Library/Frameworks/Carbon.framework/Versions/A/Frameworks/HIToolbox.framework/Versions/A/HIToolbox
0x000000019bcef000 	/System/Library/Frameworks/Carbon.framework/Versions/A/Frameworks/SpeechRecognition.framework/Versions/A/SpeechRecognition
0x000000018e3f4000 	/System/Library/PrivateFrameworks/PerformanceAnalysis.framework/Versions/A/PerformanceAnalysis
0x000000019c07f000 	/System/Library/Frameworks/Accessibility.framework/Versions/A/Accessibility
0x000000023173c000 	/System/Library/Frameworks/Symbols.framework/Versions/A/Symbols
0x000000024f14d000 	/System/Library/PrivateFrameworks/Gestures.framework/Versions/A/Gestures
0x00000002884a6000 	/usr/lib/swift/libswiftSpatial.dylib
0x00000001add89000 	/usr/lib/swift/libswiftCoreGraphics.dylib
0x000000019cac3000 	/usr/lib/swift/libswiftFoundation.dylib
0x00000001e82fb000 	/usr/lib/swift/libswiftSwiftOnoneSupport.dylib
0x000000028872c000 	/usr/lib/swift/libswiftsys_time.dylib
0x00000001d2f3c000 	/System/Library/PrivateFrameworks/CoreMaterial.framework/Versions/A/CoreMaterial
0x0000000286cd7000 	/usr/lib/libSpatial.dylib
0x00000002866f8000 	/System/Library/SubFrameworks/UIUtilities.framework/Versions/A/UIUtilities
0x000000010a0d0000 	/Applications/Android Studio.app/Contents/jbr/Contents/Home/lib/server/libjvm.dylib
0x0000000104234000 	/Applications/Android Studio.app/Contents/jbr/Contents/Home/lib/libjimage.dylib
0x0000000104260000 	/Applications/Android Studio.app/Contents/jbr/Contents/Home/lib/libinstrument.dylib
0x00000001042a8000 	/Applications/Android Studio.app/Contents/jbr/Contents/Home/lib/libjava.dylib
0x00000001044f0000 	/Applications/Android Studio.app/Contents/jbr/Contents/Home/lib/libzip.dylib
0x0000000104538000 	/Applications/Android Studio.app/Contents/jbr/Contents/Home/lib/libnio.dylib
0x0000000104558000 	/Applications/Android Studio.app/Contents/jbr/Contents/Home/lib/libnet.dylib
0x0000000104574000 	/Applications/Android Studio.app/Contents/jbr/Contents/Home/lib/libverify.dylib
0x0000000104590000 	/Applications/Android Studio.app/Contents/jbr/Contents/Home/lib/libextnet.dylib
0x0000000125644000 	/Users/jaewoong/.skiko/skiko-macos-arm64-4b22275236c861e1288750f3022a5851440f1ba7dec227e6d428b5ee0899175a/libskiko-macos-arm64.dylib
0x00000001094d8000 	/Applications/Android Studio.app/Contents/jbr/Contents/Home/lib/libawt.dylib
0x000000022c523000 	/System/Library/Frameworks/JavaRuntimeSupport.framework/Versions/A/JavaRuntimeSupport
0x00000001af8b3000 	/System/Library/Frameworks/Carbon.framework/Versions/A/Carbon
0x00000001a5ab2000 	/System/Library/Frameworks/Carbon.framework/Versions/A/Frameworks/CommonPanels.framework/Versions/A/CommonPanels
0x00000001a041f000 	/System/Library/Frameworks/Carbon.framework/Versions/A/Frameworks/Help.framework/Versions/A/Help
0x00000001a5ab6000 	/System/Library/Frameworks/Carbon.framework/Versions/A/Frameworks/ImageCapture.framework/Versions/A/ImageCapture
0x00000001a5a91000 	/System/Library/Frameworks/Carbon.framework/Versions/A/Frameworks/OpenScripting.framework/Versions/A/OpenScripting
0x00000001a5ab1000 	/System/Library/Frameworks/Carbon.framework/Versions/A/Frameworks/Ink.framework/Versions/A/Ink
0x00000001a5aae000 	/System/Library/Frameworks/Carbon.framework/Versions/A/Frameworks/SecurityHI.framework/Versions/A/SecurityHI
0x0000000286b4b000 	/usr/lib/libInterpreterSecurity.dylib
0x00000001c650d000 	/System/Library/PrivateFrameworks/XprotectFramework.framework/Versions/A/XprotectFramework
0x00000001a9095000 	/System/Library/PrivateFrameworks/yara.framework/Versions/A/yara
0x0000000286ac8000 	/usr/lib/libEndpointSecuritySystem.dylib
0x000000010972c000 	/Applications/Android Studio.app/Contents/jbr/Contents/Home/lib/libawt_lwawt.dylib
0x0000000109454000 	/Applications/Android Studio.app/Contents/jbr/Contents/Home/lib/libosxapp.dylib
0x00000001addf2000 	/System/Library/Frameworks/ExceptionHandling.framework/Versions/A/ExceptionHandling
0x00000001098d4000 	/Applications/Android Studio.app/Contents/jbr/Contents/Home/lib/libfontmanager.dylib
0x000000010962c000 	/Applications/Android Studio.app/Contents/jbr/Contents/Home/lib/libfreetype.dylib
0x00000002298ed000 	/System/Library/Frameworks/AppIntents.framework/Versions/A/AppIntents
0x000000022feae000 	/System/Library/Frameworks/RelevanceKit.framework/Versions/A/RelevanceKit
0x0000000193813000 	/System/Library/Frameworks/CoreSpotlight.framework/Versions/A/CoreSpotlight
0x000000025729c000 	/System/Library/PrivateFrameworks/LinkServices.framework/Versions/A/LinkServices
0x000000019cd88000 	/System/Library/Frameworks/Contacts.framework/Versions/A/Contacts
0x0000000235f70000 	/System/Library/PrivateFrameworks/AppIntentsTypeSupport.framework/Versions/A/AppIntentsTypeSupport
0x000000024404b000 	/System/Library/PrivateFrameworks/DoNotDisturb.framework/Versions/A/DoNotDisturb
0x00000002570ea000 	/System/Library/PrivateFrameworks/LinkMetadata.framework/Versions/A/LinkMetadata
0x00000001b0ef9000 	/usr/lib/swift/libswiftIntents.dylib
0x00000001b6286000 	/System/Library/PrivateFrameworks/IntentsCore.framework/Versions/A/IntentsCore
0x0000000238eb6000 	/System/Library/PrivateFrameworks/AvailabilityKit.framework/Versions/A/AvailabilityKit
0x0000000235b53000 	/System/Library/PrivateFrameworks/AppIntentSchemas.framework/Versions/A/AppIntentSchemas
0x000000022ba3a000 	/System/Library/Frameworks/GeoToolbox.framework/Versions/A/GeoToolbox
0x000000024b9ea000 	/System/Library/PrivateFrameworks/GRDBInternal.framework/Versions/A/GRDBInternal
0x00000002740d5000 	/System/Library/PrivateFrameworks/StatusKit.framework/Versions/A/StatusKit
0x000000019cb9f000 	/System/Library/PrivateFrameworks/ContactsPersistence.framework/Versions/A/ContactsPersistence
0x000000019bcf3000 	/System/Library/PrivateFrameworks/AppleLDAP.framework/Versions/A/AppleLDAP
0x00000001a07d2000 	/System/Library/Frameworks/ClassKit.framework/Versions/A/ClassKit
0x00000001a2a81000 	/System/Library/PrivateFrameworks/CoreSuggestions.framework/Versions/A/CoreSuggestions
0x000000019cac4000 	/System/Library/PrivateFrameworks/ContactsFoundation.framework/Versions/A/ContactsFoundation
0x000000019e25b000 	/System/Library/PrivateFrameworks/vCard.framework/Versions/A/vCard
0x000000023ca1b000 	/System/Library/PrivateFrameworks/ContactsMetrics.framework/Versions/A/ContactsMetrics
0x00000001956fb000 	/System/Library/PrivateFrameworks/login.framework/Versions/A/login
0x000000025b6d0000 	/System/Library/PrivateFrameworks/ManagedOrganizationContacts.framework/Versions/A/ManagedOrganizationContacts
0x000000018eab8000 	/System/Library/PrivateFrameworks/CloudDocs.framework/Versions/A/CloudDocs
0x00000001a9638000 	/System/Library/PrivateFrameworks/ProactiveEventTracker.framework/Versions/A/ProactiveEventTracker
0x000000019d6a5000 	/System/Library/PrivateFrameworks/GenerationalStorage.framework/Versions/A/GenerationalStorage
0x000000019811e000 	/System/Library/PrivateFrameworks/CacheDelete.framework/Versions/A/CacheDelete
0x00000001a0edf000 	/System/Library/Frameworks/QuickLookThumbnailing.framework/Versions/A/QuickLookThumbnailing
0x000000019d4ce000 	/System/Library/Frameworks/FileProvider.framework/Versions/A/FileProvider
0x000000018998a000 	/System/Library/PrivateFrameworks/DesktopServicesPriv.framework/Versions/A/DesktopServicesPriv
0x00000001b0954000 	/System/Library/PrivateFrameworks/FTServices.framework/Versions/A/FTServices
0x00000001a8d29000 	/System/Library/PrivateFrameworks/CloudServices.framework/Versions/A/CloudServices
0x000000018ff72000 	/System/Library/Frameworks/CoreLocation.framework/Versions/A/CoreLocation
0x000000019f55f000 	/System/Library/Frameworks/Intents.framework/Versions/A/Intents
0x000000019343b000 	/System/Library/PrivateFrameworks/AuthKit.framework/Versions/A/AuthKit
0x00000001b780a000 	/usr/lib/swift/libswiftCoreLocation.dylib
0x00000001996de000 	/System/Library/PrivateFrameworks/Sharing.framework/Versions/A/Sharing
0x0000000199063000 	/System/Library/PrivateFrameworks/IDSFoundation.framework/Versions/A/IDSFoundation
0x000000019fbd8000 	/System/Library/PrivateFrameworks/Apple80211.framework/Versions/A/Apple80211
0x0000000192974000 	/System/Library/Frameworks/CoreWLAN.framework/Versions/A/CoreWLAN
0x0000000197846000 	/System/Library/PrivateFrameworks/IMFoundation.framework/Versions/A/IMFoundation
0x00000001a9094000 	/System/Library/PrivateFrameworks/Marco.framework/Versions/A/Marco
0x000000018bd54000 	/System/Library/PrivateFrameworks/CommonUtilities.framework/Versions/A/CommonUtilities
0x00000001a5a79000 	/System/Library/PrivateFrameworks/Engram.framework/Versions/A/Engram
0x000000028102a000 	/System/Library/PrivateFrameworks/XPCDistributed.framework/Versions/A/XPCDistributed
0x00000001a5a17000 	/usr/lib/libtidy.A.dylib
0x000000019594e000 	/System/Library/PrivateFrameworks/Bom.framework/Versions/A/Bom
0x0000000197c72000 	/usr/lib/libParallelCompression.dylib
0x0000000197c65000 	/System/Library/PrivateFrameworks/MultiverseSupport.framework/Versions/A/MultiverseSupport
0x000000019d3ac000 	/System/Library/PrivateFrameworks/DiskManagement.framework/Versions/A/DiskManagement
0x000000019d2bb000 	/System/Library/PrivateFrameworks/AppleIDAuthSupport.framework/Versions/A/AppleIDAuthSupport
0x0000000232fed000 	/System/Library/PrivateFrameworks/AAAFoundation.framework/Versions/A/AAAFoundation
0x000000019816d000 	/System/Library/PrivateFrameworks/KeychainCircle.framework/Versions/A/KeychainCircle
0x00000001a9c7a000 	/System/Library/PrivateFrameworks/URLFormatting.framework/Versions/A/URLFormatting
0x00000001a0428000 	/usr/lib/libcsfde.dylib
0x00000001952ec000 	/usr/lib/libCoreStorage.dylib
0x0000000199bbd000 	/System/Library/PrivateFrameworks/ProtectedCloudStorage.framework/Versions/A/ProtectedCloudStorage
0x00000001a0423000 	/System/Library/PrivateFrameworks/EFILogin.framework/Versions/A/EFILogin
0x000000019d6cc000 	/System/Library/PrivateFrameworks/OctagonTrust.framework/Versions/A/OctagonTrust
0x0000000198e3d000 	/System/Library/PrivateFrameworks/IDS.framework/Versions/A/IDS
0x000000019e32f000 	/System/Library/Frameworks/LocalAuthentication.framework/Versions/A/LocalAuthentication
0x00000002574da000 	/System/Library/PrivateFrameworks/LocalAuthenticationCore.framework/Versions/A/LocalAuthenticationCore
0x00000002576a2000 	/System/Library/PrivateFrameworks/LocalAuthenticationCredentialServices.framework/Versions/A/LocalAuthenticationCredentialServices
0x000000019e39c000 	/System/Library/Frameworks/LocalAuthentication.framework/Support/SharedUtils.framework/Versions/A/SharedUtils
0x0000000238861000 	/System/Library/PrivateFrameworks/AsyncAlgorithmsInternal.framework/Versions/A/AsyncAlgorithmsInternal
0x00000001bf8e8000 	/System/Library/PrivateFrameworks/FTAWD.framework/Versions/A/FTAWD
0x00000001a0e67000 	/System/Library/PrivateFrameworks/IntentsFoundation.framework/Versions/A/IntentsFoundation
0x000000018e625000 	/System/Library/PrivateFrameworks/ApplePushService.framework/Versions/A/ApplePushService
0x000000018e690000 	/System/Library/Frameworks/CloudKit.framework/Versions/A/CloudKit
0x00000001c791a000 	/System/Library/PrivateFrameworks/DeviceIdentity.framework/Versions/A/DeviceIdentity
0x0000000230338000 	/System/Library/Frameworks/SharedWithYouCore.framework/Versions/A/SharedWithYouCore
0x000000023bea9000 	/System/Library/PrivateFrameworks/CloudTelemetry.framework/Versions/A/CloudTelemetry
0x00000001a089a000 	/System/Library/PrivateFrameworks/AppleAccount.framework/Versions/A/AppleAccount
0x00000001a0e82000 	/System/Library/PrivateFrameworks/C2.framework/Versions/A/C2
0x000000023bafd000 	/System/Library/PrivateFrameworks/CloudCoreInternal.framework/Versions/A/CloudCoreInternal
0x000000023b865000 	/System/Library/PrivateFrameworks/CloudAsset.framework/Versions/A/CloudAsset
0x00000001a0e78000 	/System/Library/Frameworks/PushKit.framework/Versions/A/PushKit
0x000000023bece000 	/System/Library/PrivateFrameworks/CloudTelemetryTools.framework/Versions/A/CloudTelemetryTools
0x000000023bebf000 	/System/Library/PrivateFrameworks/CloudTelemetryShared.dylib
0x00000001a2d58000 	/System/Library/PrivateFrameworks/RTCReporting.framework/Versions/A/RTCReporting
0x0000000233010000 	/System/Library/PrivateFrameworks/AAAFoundationSwift.framework/Versions/A/AAAFoundationSwift
0x00000001a0b20000 	/System/Library/PrivateFrameworks/AppleIDSSOAuthentication.framework/Versions/A/AppleIDSSOAuthentication
0x000000018e2bf000 	/System/Library/PrivateFrameworks/ViewBridge.framework/Versions/A/ViewBridge
0x00000002325c3000 	/System/Library/Frameworks/_AppIntents_AppKit.framework/Versions/A/_AppIntents_AppKit
0x00000001094c4000 	/usr/lib/libobjc-trampolines.dylib
0x00000001bae1c000 	/System/Library/CoreServices/RawCamera.bundle/Contents/MacOS/RawCamera
0x00000001b77ef000 	/System/Library/Frameworks/Accelerate.framework/Versions/A/Frameworks/vImage.framework/Versions/A/Libraries/libCGInterfaces.dylib
0x00000002867df000 	/usr/lib/libAccessibilityBaseImplementations.dylib
0x0000000280b28000 	/System/Library/PrivateFrameworks/WritingToolsUI.framework/Versions/A/WritingToolsUI
0x000000024e973000 	/System/Library/PrivateFrameworks/GenerativeAssistantSettings.framework/Versions/A/GenerativeAssistantSettings
0x0000000275e42000 	/System/Library/PrivateFrameworks/TextComposer.framework/Versions/A/TextComposer
0x000000024e946000 	/System/Library/PrivateFrameworks/GenerativeAssistantCommon.framework/Versions/A/GenerativeAssistantCommon
0x00000001b8903000 	/System/Library/Frameworks/SwiftUI.framework/Versions/A/SwiftUI
0x0000000235870000 	/System/Library/PrivateFrameworks/Anvil.framework/Versions/A/Anvil
0x000000024edfa000 	/System/Library/PrivateFrameworks/GenerativePartnerService.framework/Versions/A/GenerativePartnerService
0x000000024ee25000 	/System/Library/PrivateFrameworks/GenerativePartnerServiceUI.framework/Versions/A/GenerativePartnerServiceUI
0x00000001b0af0000 	/System/Library/Frameworks/SafariServices.framework/Versions/A/SafariServices
0x00000001ade82000 	/System/Library/Frameworks/WebKit.framework/Versions/A/WebKit
0x0000000232602000 	/System/Library/Frameworks/_AuthenticationServices_SwiftUI.framework/Versions/A/_AuthenticationServices_SwiftUI
0x00000001b7e82000 	/System/Library/PrivateFrameworks/AppStoreDaemon.framework/Versions/A/AppStoreDaemon
0x00000001a3407000 	/System/Library/PrivateFrameworks/AppleMediaServices.framework/Versions/A/AppleMediaServices
0x00000001b4095000 	/System/Library/PrivateFrameworks/AppleMediaServicesUI.framework/Versions/A/AppleMediaServicesUI
0x00000001e7855000 	/System/Library/PrivateFrameworks/JetEngine.framework/Versions/A/JetEngine
0x00000001b17d2000 	/System/Library/PrivateFrameworks/OnBoardingKit.framework/Versions/A/OnBoardingKit
0x000000026b199000 	/System/Library/PrivateFrameworks/Settings.framework/Versions/A/Settings
0x000000022b2bc000 	/System/Library/Frameworks/ExtensionKit.framework/Versions/A/ExtensionKit
0x000000022b2ff000 	/System/Library/Frameworks/FSKit.framework/Versions/A/FSKit
0x0000000275d1e000 	/System/Library/PrivateFrameworks/TextAnimationSupport.framework/Versions/A/TextAnimationSupport
0x00000002682c6000 	/System/Library/PrivateFrameworks/RecapPerformanceTesting.framework/Versions/A/RecapPerformanceTesting
0x00000001b17c2000 	/System/Library/PrivateFrameworks/SignpostCollection.framework/Versions/A/SignpostCollection
0x00000001a2d89000 	/System/Library/Frameworks/WebKit.framework/Versions/A/Frameworks/WebKitLegacy.framework/Versions/A/WebKitLegacy
0x00000001a0b71000 	/System/Library/PrivateFrameworks/CorePrediction.framework/Versions/A/CorePrediction
0x000000018f3c7000 	/System/Library/Frameworks/WebKit.framework/Versions/A/Frameworks/WebCore.framework/Versions/A/Frameworks/libwebrtc.dylib
0x0000000197cda000 	/System/Library/Frameworks/SecurityInterface.framework/Versions/A/SecurityInterface
0x00000001b17d1000 	/System/Library/PrivateFrameworks/WebInspectorUI.framework/Versions/A/WebInspectorUI
0x00000001a5ab9000 	/System/Library/Frameworks/JavaScriptCore.framework/Versions/A/JavaScriptCore
0x00000001a9dc7000 	/System/Library/Frameworks/WebKit.framework/Versions/A/Frameworks/WebCore.framework/Versions/A/WebCore
0x000000022a3be000 	/System/Library/Frameworks/BrowserEngineCore.framework/Versions/A/BrowserEngineCore
0x0000000232179000 	/System/Library/Frameworks/WebKit.framework/Versions/A/Frameworks/WebCore.framework/Versions/A/Frameworks/libANGLE-shared.dylib
0x000000027f373000 	/System/Library/PrivateFrameworks/WebGPU.framework/Versions/A/WebGPU
0x00000001b3710000 	/System/Library/Frameworks/SceneKit.framework/Versions/A/SceneKit
0x00000001c504e000 	/System/Library/Frameworks/ModelIO.framework/Versions/A/ModelIO
0x0000000199cbd000 	/System/Library/Frameworks/MetalKit.framework/Versions/A/MetalKit
0x000000019c001000 	/System/Library/Frameworks/GLKit.framework/Versions/A/GLKit
0x0000000288a7f000 	/usr/lib/usd/libusd_ms.dylib
0x000000027a52f000 	/System/Library/PrivateFrameworks/USDLib_FormatLoaderProxy.framework/Versions/A/USDLib_FormatLoaderProxy
0x0000000288727000 	/usr/lib/swift/libswift_errno.dylib
0x00000001b0935000 	/System/Library/PrivateFrameworks/CoreOptimization.framework/Versions/A/CoreOptimization
0x0000000238d63000 	/System/Library/PrivateFrameworks/AuthenticationServicesCore.framework/Versions/A/AuthenticationServicesCore
0x00000001bb2b4000 	/System/Library/Frameworks/AuthenticationServices.framework/Versions/A/AuthenticationServices
0x000000019527f000 	/System/Library/PrivateFrameworks/SharedWebCredentials.framework/Versions/A/SharedWebCredentials
0x00000001b269c000 	/System/Library/PrivateFrameworks/SafariCore.framework/Versions/A/SafariCore
0x00000001badc5000 	/System/Library/PrivateFrameworks/SafariFoundation.framework/Versions/A/SafariFoundation
0x000000023a0b6000 	/System/Library/PrivateFrameworks/CBORLibrary.framework/Versions/A/CBORLibrary
0x000000023b118000 	/System/Library/PrivateFrameworks/Chirp.framework/Versions/A/Chirp
0x000000023bd6c000 	/System/Library/PrivateFrameworks/CloudSubscriptionFeatures.framework/Versions/A/CloudSubscriptionFeatures
0x00000001e8c96000 	/System/Library/PrivateFrameworks/RemoteManagement.framework/Versions/A/RemoteManagement
0x00000002686b5000 	/System/Library/PrivateFrameworks/RemoteManagementModel.framework/Versions/A/RemoteManagementModel
0x0000000268746000 	/System/Library/PrivateFrameworks/RemoteManagementStore.framework/Versions/A/RemoteManagementStore
0x0000000199cdc000 	/usr/lib/libxcselect.dylib
0x00000001bad34000 	/System/Library/PrivateFrameworks/DifferentialPrivacy.framework/Versions/A/DifferentialPrivacy
0x000000025b6d6000 	/System/Library/PrivateFrameworks/ManagedSettingsObjC.framework/Versions/A/ManagedSettingsObjC
0x00000001a1f60000 	/System/Library/PrivateFrameworks/ConfigurationProfiles.framework/Versions/A/ConfigurationProfiles
0x000000025772c000 	/System/Library/PrivateFrameworks/LockdownMode.framework/Versions/A/LockdownMode
0x000000027b1f1000 	/System/Library/PrivateFrameworks/VDAF.framework/Versions/A/VDAF
0x000000019c3e8000 	/System/Library/PrivateFrameworks/SystemAdministration.framework/Versions/A/SystemAdministration
0x00000001a7599000 	/System/Library/PrivateFrameworks/PowerlogControl.framework/Versions/A/PowerlogControl
0x00000001a759b000 	/usr/lib/libUniversalAccess.dylib
0x00000001a3ed7000 	/System/Library/PrivateFrameworks/FamilyControls.framework/Versions/A/FamilyControls
0x000000019bcc7000 	/System/Library/Frameworks/DirectoryService.framework/Versions/A/DirectoryService
0x00000001a04b5000 	/System/Library/PrivateFrameworks/LoginUIKit.framework/Versions/A/Frameworks/LoginUICore.framework/Versions/A/LoginUICore
0x000000019594c000 	/usr/lib/libodfde.dylib
0x00000001a3ed1000 	/System/Library/PrivateFrameworks/UniversalAccess.framework/Versions/A/Libraries/libUAPreferences.dylib
0x00000001a3ef9000 	/System/Library/PrivateFrameworks/CommerceKit.framework/Versions/A/Frameworks/CommerceCore.framework/Versions/A/CommerceCore
0x0000000197d14000 	/System/Library/PrivateFrameworks/CoreFollowUp.framework/Versions/A/CoreFollowUp
0x00000002430e9000 	/System/Library/PrivateFrameworks/DMCUtilities.framework/Versions/A/DMCUtilities
0x00000002577bb000 	/System/Library/PrivateFrameworks/MDMClientLibrary.framework/Versions/A/MDMClientLibrary
0x000000026873a000 	/System/Library/PrivateFrameworks/RemoteManagementProtocol.framework/Versions/A/RemoteManagementProtocol
0x000000024304b000 	/System/Library/PrivateFrameworks/DEPClientLibrary.framework/Versions/A/DEPClientLibrary
0x0000000243078000 	/System/Library/PrivateFrameworks/DMCEnrollmentLibrary.framework/Versions/A/DMCEnrollmentLibrary
0x00000001a7680000 	/System/Library/PrivateFrameworks/SetupAssistantFramework.framework/Versions/A/SetupAssistantFramework
0x00000001a0bc7000 	/System/Library/PrivateFrameworks/AuthKitUI.framework/Versions/A/AuthKitUI
0x00000001a04ff000 	/System/Library/PrivateFrameworks/AppSSO.framework/Versions/A/AppSSO
0x00000001b7bd5000 	/System/Library/PrivateFrameworks/LocalAuthenticationUI.framework/Versions/A/LocalAuthenticationUI
0x0000000265c4f000 	/System/Library/PrivateFrameworks/PlatformSSO.framework/Versions/A/PlatformSSO
0x0000000265d3d000 	/System/Library/PrivateFrameworks/PlatformSSOCore.framework/Versions/A/PlatformSSOCore
0x000000022c5b3000 	/System/Library/Frameworks/LocalAuthenticationEmbeddedUI.framework/Versions/A/LocalAuthenticationEmbeddedUI
0x00000001b86cd000 	/System/Library/PrivateFrameworks/AOSUI.framework/Versions/A/AOSUI
0x00000001a93f9000 	/System/Library/Frameworks/ContactsUI.framework/Versions/A/ContactsUI
0x000000019d047000 	/System/Library/PrivateFrameworks/FamilyCircle.framework/Versions/A/FamilyCircle
0x00000001c691c000 	/System/Library/Frameworks/LinkPresentation.framework/Versions/A/LinkPresentation
0x00000001a8f79000 	/System/Library/PrivateFrameworks/IASUtilities.framework/Versions/A/IASUtilities
0x00000002521ad000 	/System/Library/PrivateFrameworks/IASUtilitiesCore.framework/Versions/A/IASUtilitiesCore
0x00000002687af000 	/System/Library/PrivateFrameworks/RemoteUI.framework/Versions/A/RemoteUI
0x0000000256a3f000 	/System/Library/PrivateFrameworks/LiftUI.framework/Versions/A/LiftUI
0x000000028114f000 	/System/Library/PrivateFrameworks/_IconServices_SwiftUI.framework/Versions/A/_IconServices_SwiftUI
0x000000023bca2000 	/System/Library/PrivateFrameworks/CloudSettings.framework/Versions/A/CloudSettings
0x00000001a2b54000 	/System/Library/Frameworks/EventKit.framework/Versions/A/EventKit
0x00000001b19eb000 	/System/Library/PrivateFrameworks/SearchFoundation.framework/Versions/A/SearchFoundation
0x00000001c8a83000 	/System/Library/PrivateFrameworks/Email.framework/Versions/A/Email
0x00000001b0544000 	/System/Library/PrivateFrameworks/CoreRoutine.framework/Versions/A/CoreRoutine
0x00000001e85ef000 	/System/Library/PrivateFrameworks/VoiceShortcutClient.framework/Versions/A/VoiceShortcutClient
0x00000001c04c9000 	/System/Library/PrivateFrameworks/Categories.framework/Versions/A/Categories
0x00000001b8571000 	/System/Library/PrivateFrameworks/ChronoServices.framework/Versions/A/ChronoServices
0x000000023ab4f000 	/System/Library/PrivateFrameworks/CalendarDatabase.framework/Versions/A/CalendarDatabase
0x000000023aa90000 	/System/Library/PrivateFrameworks/CalendarDaemon.framework/Versions/A/CalendarDaemon
0x00000001a1e9b000 	/System/Library/PrivateFrameworks/CalendarFoundation.framework/Versions/A/CalendarFoundation
0x00000001a1e56000 	/System/Library/PrivateFrameworks/iCalendar.framework/Versions/A/iCalendar
0x00000002432ee000 	/System/Library/PrivateFrameworks/DataAccessExpress.framework/Versions/A/DataAccessExpress
0x00000001a9561000 	/System/Library/PrivateFrameworks/ContactsAutocomplete.framework/Versions/A/ContactsAutocomplete
0x00000001b84bd000 	/System/Library/PrivateFrameworks/FTClientServices.framework/Versions/A/FTClientServices
0x000000027475f000 	/System/Library/PrivateFrameworks/StorageContainersPrivate.framework/Versions/A/StorageContainersPrivate
0x00000002883b6000 	/usr/lib/swift/libswiftCoreMediaIO.dylib
0x00000001a8dfa000 	/System/Library/PrivateFrameworks/CoreDAV.framework/Versions/A/CoreDAV
0x00000001a2a1e000 	/System/Library/PrivateFrameworks/CalDAV.framework/Versions/A/CalDAV
0x00000001adad7000 	/System/Library/PrivateFrameworks/TelephonyUtilities.framework/Versions/A/TelephonyUtilities
0x000000022c56f000 	/System/Library/Frameworks/LiveCommunicationKit.framework/Versions/A/LiveCommunicationKit
0x000000023c5c7000 	/System/Library/PrivateFrameworks/CommunicationTrust.framework/Versions/A/CommunicationTrust
0x00000001b24ab000 	/System/Library/Frameworks/CallKit.framework/Versions/A/CallKit
0x000000019d040000 	/System/Library/PrivateFrameworks/CommunicationsFilter.framework/Versions/A/CommunicationsFilter
0x00000001dd24c000 	/System/Library/PrivateFrameworks/IMTransferServices.framework/Versions/A/IMTransferServices
0x00000001b094e000 	/System/Library/PrivateFrameworks/IncomingCallFilter.framework/Versions/A/IncomingCallFilter
0x0000000260a07000 	/System/Library/PrivateFrameworks/NeighborhoodActivityConduit.framework/Versions/A/NeighborhoodActivityConduit
0x00000001b4a5c000 	/System/Library/PrivateFrameworks/CallHistory.framework/Versions/A/CallHistory
0x0000000286958000 	/usr/lib/libBASupport.dylib
0x000000023af96000 	/System/Library/PrivateFrameworks/CallsUtilities.framework/Versions/A/CallsUtilities
0x000000023afa2000 	/System/Library/PrivateFrameworks/CallsXPC.framework/Versions/A/CallsXPC
0x00000001e8e01000 	/usr/lib/swift/libswiftCallKit.dylib
0x000000023af88000 	/System/Library/PrivateFrameworks/CallsPersistence.framework/Versions/A/CallsPersistence
0x0000000230186000 	/System/Library/Frameworks/SensitiveContentAnalysis.framework/Versions/A/SensitiveContentAnalysis
0x00000001b5ada000 	/System/Library/PrivateFrameworks/PeopleSuggester.framework/Versions/A/PeopleSuggester
0x00000001bf243000 	/System/Library/PrivateFrameworks/SpotlightReceiver.framework/Versions/A/SpotlightReceiver
0x000000028110f000 	/System/Library/PrivateFrameworks/_AppIntentsServices_AppIntents.framework/Versions/A/_AppIntentsServices_AppIntents
0x0000000235cd5000 	/System/Library/PrivateFrameworks/AppIntentsServices.framework/Versions/A/AppIntentsServices
0x00000001a1e3f000 	/System/Library/PrivateFrameworks/CoreRecents.framework/Versions/A/CoreRecents
0x0000000232685000 	/System/Library/Frameworks/_GeoToolbox_AppIntents.framework/Versions/A/_GeoToolbox_AppIntents
0x00000001d28e2000 	/System/Library/PrivateFrameworks/DiagnosticRequest.framework/Versions/A/DiagnosticRequest
0x0000000268377000 	/System/Library/PrivateFrameworks/RegulatoryDomain.framework/Versions/A/RegulatoryDomain
0x000000019c0da000 	/usr/lib/libCTGreenTeaLogger.dylib
0x00000002576ff000 	/System/Library/PrivateFrameworks/LocalStatusKit.framework/Versions/A/LocalStatusKit
0x00000001ad9be000 	/System/Library/PrivateFrameworks/CoreParsec.framework/Versions/A/CoreParsec
0x00000001c8a77000 	/System/Library/PrivateFrameworks/EmailAddressing.framework/Versions/A/EmailAddressing
0x00000001c4857000 	/System/Library/PrivateFrameworks/EmailCore.framework/Versions/A/EmailCore
0x00000001c594b000 	/System/Library/PrivateFrameworks/EmailFoundation.framework/Versions/A/EmailFoundation
0x0000000263525000 	/System/Library/PrivateFrameworks/PegasusAPI.framework/Versions/A/PegasusAPI
0x00000002642e1000 	/System/Library/PrivateFrameworks/PegasusConfiguration.framework/Versions/A/PegasusConfiguration
0x000000027895c000 	/System/Library/PrivateFrameworks/ToolKit.framework/Versions/A/ToolKit
0x0000000268b69000 	/System/Library/PrivateFrameworks/ReplicatorEngine.framework/Versions/A/ReplicatorEngine
0x0000000268d24000 	/System/Library/PrivateFrameworks/ReplicatorServices.framework/Versions/A/ReplicatorServices
0x00000002755e2000 	/System/Library/PrivateFrameworks/SystemWake.framework/Versions/A/SystemWake
0x00000001b2682000 	/System/Library/PrivateFrameworks/ContextKit.framework/Versions/A/ContextKit
0x000000023cb65000 	/System/Library/PrivateFrameworks/ContextKitCore.framework/Versions/A/ContextKitCore
0x00000001b0be5000 	/System/Library/Frameworks/LocalAuthentication.framework/Support/DaemonUtils.framework/Versions/A/DaemonUtils
0x0000000257661000 	/System/Library/PrivateFrameworks/LocalAuthenticationCoreUI.framework/Versions/A/LocalAuthenticationCoreUI
0x00000001b405b000 	/System/Library/PrivateFrameworks/BridgeXPC.framework/Versions/A/BridgeXPC
0x00000001b18b2000 	/System/Library/PrivateFrameworks/CoreKDL.framework/Versions/A/CoreKDL
0x00000001afed8000 	/System/Library/PrivateFrameworks/EmbeddedOSSupportHost.framework/Versions/A/EmbeddedOSSupportHost
0x00000001a4a33000 	/System/Library/PrivateFrameworks/LoginUIKit.framework/Versions/A/LoginUIKit
0x00000001c09c9000 	/System/Library/PrivateFrameworks/StorageKit.framework/Versions/A/StorageKit
0x0000000227ac2000 	/System/Library/Frameworks/DeviceCheck.framework/Versions/A/DeviceCheck
0x0000000243cf6000 	/System/Library/PrivateFrameworks/DiskImages2.framework/Versions/A/DiskImages2
0x00000001c0a43000 	/System/Library/PrivateFrameworks/CoreWLANKit.framework/Versions/A/CoreWLANKit
0x000000027e6c9000 	/System/Library/PrivateFrameworks/Wallpaper.framework/Versions/A/Wallpaper
0x00000002883d1000 	/usr/lib/swift/libswiftGLKit.dylib
0x00000002883dd000 	/usr/lib/swift/libswiftMetalKit.dylib
0x00000002883df000 	/usr/lib/swift/libswiftModelIO.dylib
0x00000002884a2000 	/usr/lib/swift/libswiftSceneKit.dylib
0x00000001c99ff000 	/System/Library/PrivateFrameworks/DynamicDesktop.framework/Versions/A/DynamicDesktop
0x000000027e85c000 	/System/Library/PrivateFrameworks/WallpaperFoundation.framework/Versions/A/WallpaperFoundation
0x000000027e8bb000 	/System/Library/PrivateFrameworks/WallpaperTypes.framework/Versions/A/WallpaperTypes
0x00000001df042000 	/System/Library/PrivateFrameworks/SystemDesktopAppearance.framework/Versions/A/SystemDesktopAppearance
0x0000000284220000 	/System/Library/PrivateFrameworks/icloudMCCKit.framework/Versions/A/icloudMCCKit
0x0000000237021000 	/System/Library/PrivateFrameworks/AppleAccountUI.framework/Versions/A/AppleAccountUI
0x00000001d2f08000 	/System/Library/PrivateFrameworks/PreferencePanesSupport.framework/Versions/A/PreferencePanesSupport
0x00000001b887b000 	/System/Library/PrivateFrameworks/FindMyDeviceUI.framework/Versions/A/FindMyDeviceUI
0x0000000281df7000 	/System/Library/PrivateFrameworks/iCloudQuotaUI.framework/Versions/A/iCloudQuotaUI
0x00000001d30b9000 	/System/Library/PrivateFrameworks/CoreCDPUI.framework/Versions/A/CoreCDPUI
0x00000001b23db000 	/System/Library/PrivateFrameworks/CoreFollowUpUI.framework/Versions/A/CoreFollowUpUI
0x00000001bf4c7000 	/System/Library/PrivateFrameworks/IMCore.framework/Versions/A/IMCore
0x00000001a7600000 	/System/Library/PrivateFrameworks/CoreCDP.framework/Versions/A/CoreCDP
0x00000001a33f2000 	/System/Library/PrivateFrameworks/AskPermission.framework/Versions/A/AskPermission
0x00000001b61fa000 	/System/Library/Frameworks/Quartz.framework/Versions/A/Quartz
0x00000001c2f2d000 	/System/Library/PrivateFrameworks/CloudPhotoServicesConfiguration.framework/Versions/A/CloudPhotoServicesConfiguration
0x00000001b487c000 	/System/Library/PrivateFrameworks/CommerceKit.framework/Versions/A/CommerceKit
0x00000001c4929000 	/System/Library/PrivateFrameworks/FindMyMac.framework/Versions/A/FindMyMac
0x00000001c47f9000 	/System/Library/Frameworks/PreferencePanes.framework/Versions/A/PreferencePanes
0x00000001b7cc3000 	/System/Library/Frameworks/AddressBook.framework/Versions/A/AddressBook
0x00000001a2285000 	/System/Library/PrivateFrameworks/AOSAccounts.framework/Versions/A/AOSAccounts
0x000000019c3e2000 	/System/Library/PrivateFrameworks/AppleSRP.framework/Versions/A/AppleSRP
0x00000001a0db2000 	/System/Library/PrivateFrameworks/NetFSServer.framework/Versions/A/NetFSServer
0x00000001b35e7000 	/System/Library/Frameworks/PDFKit.framework/Versions/A/PDFKit
0x00000002883f5000 	/usr/lib/swift/libswiftPassKit.dylib
0x00000001d718d000 	/System/Library/Frameworks/PassKit.framework/Versions/A/PassKit
0x00000001a4b42000 	/System/Library/PrivateFrameworks/PassKitCore.framework/Versions/A/PassKitCore
0x0000000262e3e000 	/System/Library/PrivateFrameworks/PassKitMacHelperTemp.framework/Versions/A/PassKitMacHelperTemp
0x00000002868b3000 	/usr/lib/libAppleSSE.dylib
0x00000001b0c2d000 	/System/Library/PrivateFrameworks/BiometricKit.framework/Versions/A/BiometricKit
0x0000000269382000 	/System/Library/PrivateFrameworks/SEService.framework/Versions/A/SEService
0x000000022b3c9000 	/System/Library/Frameworks/FinanceKit.framework/Versions/A/FinanceKit
0x00000001b62a6000 	/System/Library/PrivateFrameworks/NearField.framework/Versions/A/NearField
0x00000002692f9000 	/System/Library/PrivateFrameworks/SESShared.framework/Versions/A/SESShared
0x00000002695eb000 	/System/Library/PrivateFrameworks/STSXPCHelperClient.framework/Versions/A/STSXPCHelperClient
0x00000001b80dd000 	/usr/lib/libnfshared.dylib
0x0000000275362000 	/System/Library/PrivateFrameworks/Symptoms.framework/Versions/A/Frameworks/SymptomPresentationFeed.framework/Versions/A/SymptomPresentationFeed
0x0000000237af9000 	/System/Library/PrivateFrameworks/AppleMediaServicesKitInternal.framework/Versions/A/AppleMediaServicesKitInternal
0x000000027509d000 	/System/Library/PrivateFrameworks/SymptomShared.framework/Versions/A/SymptomShared
0x00000001da0d0000 	/System/Library/PrivateFrameworks/PassKitUIFoundation.framework/Versions/A/PassKitUIFoundation
0x000000019bd05000 	/System/Library/Frameworks/MapKit.framework/Versions/A/MapKit
0x000000024eec9000 	/System/Library/PrivateFrameworks/GeoAnalytics.framework/Versions/A/GeoAnalytics
0x00000001b810b000 	/System/Library/PrivateFrameworks/Navigation.framework/Versions/A/Navigation
0x00000001c1fae000 	/System/Library/PrivateFrameworks/VectorKit.framework/Versions/A/VectorKit
0x00000001a9042000 	/System/Library/PrivateFrameworks/VirtualGarage.framework/Versions/A/VirtualGarage
0x00000001b8308000 	/System/Library/Frameworks/ExternalAccessory.framework/ExternalAccessory
0x00000001b8323000 	/System/Library/PrivateFrameworks/IAP.framework/Versions/A/IAP
0x000000019bfc7000 	/System/Library/PrivateFrameworks/IOPlatformPluginFamily.framework/Versions/A/IOPlatformPluginFamily
0x0000000238eb9000 	/System/Library/PrivateFrameworks/AvatarKit.framework/Versions/A/AvatarKit
0x0000000238f78000 	/System/Library/PrivateFrameworks/AvatarPersistence.framework/Versions/A/AvatarPersistence
0x0000000231af3000 	/System/Library/Frameworks/TipKit.framework/Versions/A/TipKit
0x00000001a45f9000 	/System/Library/PrivateFrameworks/IMSharedUtilities.framework/Versions/A/IMSharedUtilities
0x0000000288396000 	/usr/lib/swift/libswiftAppleArchive.dylib
0x000000027b2ed000 	/System/Library/PrivateFrameworks/VFX.framework/Versions/A/VFX
0x00000001d4d33000 	/System/Library/PrivateFrameworks/AppleCVA.framework/Versions/A/AppleCVA
0x0000000238f77000 	/System/Library/PrivateFrameworks/AvatarKitContent.framework/Versions/A/AvatarKitContent
0x000000022d31c000 	/System/Library/Frameworks/MetalFX.framework/Versions/A/MetalFX
0x000000023c6de000 	/System/Library/PrivateFrameworks/CompositorNonUI.framework/Versions/A/CompositorNonUI
0x0000000229638000 	/System/Library/Frameworks/ARKit.framework/Versions/A/ARKit
0x0000000234320000 	/System/Library/PrivateFrameworks/ARKitCore.framework/Versions/A/ARKitCore
0x00000002869a4000 	/usr/lib/libDisplayWarpSupport.dylib
0x000000023e9b0000 	/System/Library/PrivateFrameworks/CoreComposite.framework/Versions/A/CoreComposite
0x0000000287373000 	/usr/lib/libchannel.dylib
0x0000000287fef000 	/usr/lib/librealtime_safety.dylib
0x00000002343ac000 	/System/Library/PrivateFrameworks/ARKitFoundation.framework/Versions/A/ARKitFoundation
0x00000002370bd000 	/System/Library/PrivateFrameworks/AppleDepth.framework/Versions/A/AppleDepth
0x000000023723a000 	/System/Library/PrivateFrameworks/AppleDepthCore.framework/Versions/A/AppleDepthCore
0x000000019c102000 	/System/Library/PrivateFrameworks/CoreAppleCVA.framework/Versions/A/CoreAppleCVA
0x00000001a9178000 	/System/Library/PrivateFrameworks/ContactsUICore.framework/Versions/A/ContactsUICore
0x00000001b0a59000 	/System/Library/PrivateFrameworks/ContactsDonation.framework/Versions/A/ContactsDonation
0x00000001b0315000 	/System/Library/PrivateFrameworks/DataDetectors.framework/Versions/A/DataDetectors
0x00000001a2a0a000 	/System/Library/Frameworks/MediaLibrary.framework/Versions/A/MediaLibrary
0x000000019d02f000 	/System/Library/PrivateFrameworks/PersonaKit.framework/Versions/A/PersonaKit
0x00000001a9165000 	/System/Library/PrivateFrameworks/PersonaUI.framework/Versions/A/PersonaUI
0x00000001c420f000 	/System/Library/PrivateFrameworks/Transparency.framework/Versions/A/Transparency
0x0000000245855000 	/System/Library/PrivateFrameworks/FindMyLocate.framework/Versions/A/FindMyLocate
0x00000001b2358000 	/System/Library/PrivateFrameworks/IntlPreferences.framework/Versions/A/IntlPreferences
0x0000000242a0e000 	/System/Library/PrivateFrameworks/CoreTransparency.framework/Versions/A/CoreTransparency
0x0000000245729000 	/System/Library/PrivateFrameworks/FindMyCommon.framework/Versions/A/FindMyCommon
0x00000002454fc000 	/System/Library/PrivateFrameworks/FindMyBase.framework/Versions/A/FindMyBase
0x000000022edb1000 	/System/Library/Frameworks/NearbyInteraction.framework/Versions/A/NearbyInteraction
0x000000019cc1e000 	/System/Library/PrivateFrameworks/AddressBookCore.framework/Versions/A/AddressBookCore
0x00000001b7e60000 	/System/Library/PrivateFrameworks/ToneKit.framework/Versions/A/ToneKit
0x00000001b239f000 	/System/Library/PrivateFrameworks/ToneLibrary.framework/Versions/A/ToneLibrary
0x000000023c9e7000 	/System/Library/PrivateFrameworks/ContactsAccounts.framework/Versions/A/ContactsAccounts
0x00000001b6111000 	/System/Library/PrivateFrameworks/Lookup.framework/Versions/A/Lookup
0x000000022f6d2000 	/System/Library/Frameworks/QuickLookUI.framework/Versions/A/QuickLookUI
0x00000002300ff000 	/System/Library/Frameworks/ScreenCaptureKit.framework/Versions/A/ScreenCaptureKit
0x00000001b3106000 	/System/Library/Frameworks/Quartz.framework/Versions/A/Frameworks/QuartzComposer.framework/Versions/A/QuartzComposer
0x00000001b232f000 	/System/Library/Frameworks/Quartz.framework/Versions/A/Frameworks/QuartzFilters.framework/Versions/A/QuartzFilters
0x00000001b13b6000 	/System/Library/Frameworks/Quartz.framework/Versions/A/Frameworks/ImageKit.framework/Versions/A/ImageKit
0x0000000229439000 	/System/Library/Frameworks/OpenCL.framework/Versions/A/OpenCL
0x00000001af8b2000 	/System/Library/PrivateFrameworks/CorePDF.framework/Versions/A/CorePDF
0x0000000199c56000 	/System/Library/Frameworks/QuickLook.framework/Versions/A/QuickLook
0x00000001a4a2e000 	/System/Library/PrivateFrameworks/DisplayServices.framework/Versions/A/DisplayServices
0x00000001b22b3000 	/System/Library/Frameworks/ImageCaptureCore.framework/Versions/A/ImageCaptureCore
0x000000027d20b000 	/System/Library/PrivateFrameworks/VisionKitCore.framework/Versions/A/VisionKitCore
0x00000001ad98e000 	/System/Library/PrivateFrameworks/QuickLookSupport.framework/Versions/A/QuickLookSupport
0x000000025bfcb000 	/System/Library/PrivateFrameworks/MediaAnalysisServices.framework/Versions/A/MediaAnalysisServices
0x00000001b509a000 	/System/Library/PrivateFrameworks/PhotoLibraryServices.framework/Versions/A/PhotoLibraryServices
0x00000001b1ec4000 	/System/Library/Frameworks/Photos.framework/Versions/A/Photos
0x00000001c6d1c000 	/System/Library/PrivateFrameworks/PhotosFormats.framework/Versions/A/PhotosFormats
0x000000027c346000 	/System/Library/PrivateFrameworks/VectorSearch.framework/Versions/A/VectorSearch
0x00000001c2f59000 	/System/Library/PrivateFrameworks/CloudPhotoLibrary.framework/Versions/A/CloudPhotoLibrary
0x00000001cc7b6000 	/System/Library/PrivateFrameworks/CloudPhotoServices.framework/Versions/A/CloudPhotoServices
0x00000001c8bfa000 	/System/Library/PrivateFrameworks/CoreMediaStream.framework/Versions/A/CoreMediaStream
0x000000019d6fe000 	/System/Library/PrivateFrameworks/CPAnalytics.framework/Versions/A/CPAnalytics
0x00000001c4f85000 	/System/Library/PrivateFrameworks/MediaConversionService.framework/Versions/A/MediaConversionService
0x00000001a45e5000 	/System/Library/PrivateFrameworks/PhotoFoundation.framework/Versions/A/PhotoFoundation
0x000000026490d000 	/System/Library/PrivateFrameworks/PhotoLibraryServicesCore.framework/Versions/A/PhotoLibraryServicesCore
0x00000001bebae000 	/System/Library/PrivateFrameworks/MMCS.framework/Versions/A/MMCS
0x00000001a2865000 	/System/Library/PrivateFrameworks/ChunkingLibrary.framework/Versions/A/ChunkingLibrary
0x000000019c3af000 	/System/Library/PrivateFrameworks/AssetCacheServices.framework/Versions/A/AssetCacheServices
0x000000019e3aa000 	/System/Library/PrivateFrameworks/AVFoundationCF.framework/Versions/A/AVFoundationCF
0x00000001dd143000 	/usr/lib/swift/libswiftDemangle.dylib
0x000000025239c000 	/System/Library/PrivateFrameworks/ImageCaptureDevices.framework/Versions/A/ImageCaptureDevices
0x00000001b05da000 	/System/Library/PrivateFrameworks/MediaStream.framework/Versions/A/MediaStream
0x00000001c5473000 	/System/Library/PrivateFrameworks/NeutrinoCore.framework/Versions/A/NeutrinoCore
0x000000018b5e0000 	/System/Library/PrivateFrameworks/NLP.framework/Versions/A/NLP
0x00000001cb50b000 	/System/Library/PrivateFrameworks/PhotoImaging.framework/Versions/A/PhotoImaging
0x00000001cc777000 	/System/Library/PrivateFrameworks/PhotosImagingFoundation.framework/Versions/A/PhotosImagingFoundation
0x00000002654ba000 	/System/Library/PrivateFrameworks/PhotosIntelligenceCore.framework/Versions/A/PhotosIntelligenceCore
0x000000019e842000 	/System/Library/PrivateFrameworks/EmbeddedAcousticRecognition.framework/Versions/A/EmbeddedAcousticRecognition
0x00000001ba093000 	/System/Library/PrivateFrameworks/EmojiFoundation.framework/Versions/A/EmojiFoundation
0x00000001c31d3000 	/System/Library/PrivateFrameworks/SDAPI.framework/Versions/A/SDAPI
0x0000000256106000 	/System/Library/PrivateFrameworks/IsolatedContextLogging.framework/Versions/A/IsolatedContextLogging
0x00000001cc7c5000 	/System/Library/PrivateFrameworks/AutoLoop.framework/Versions/A/AutoLoop
0x00000002660e0000 	/System/Library/PrivateFrameworks/Portrait.framework/Versions/A/Portrait
0x0000000245f7a000 	/System/Library/PrivateFrameworks/FusionTracker.framework/Versions/A/FusionTracker
0x00000001b2b89000 	/System/Library/PrivateFrameworks/iTunesCloud.framework/Versions/A/iTunesCloud
0x00000001bbfbc000 	/System/Library/PrivateFrameworks/DAAPKit.framework/Versions/A/DAAPKit
0x00000001add28000 	/System/Library/PrivateFrameworks/DeviceManagement.framework/Versions/A/DeviceManagement
0x00000001d2834000 	/System/Library/PrivateFrameworks/ScreenTimeUI.framework/Versions/A/ScreenTimeUI
0x00000001b030f000 	/System/Library/PrivateFrameworks/QuickLookNonBaseSystem.framework/Versions/A/QuickLookNonBaseSystem
0x00000001b0b30000 	/System/Library/PrivateFrameworks/Catalyst.framework/Versions/A/Catalyst
0x00000001b2553000 	/System/Library/PrivateFrameworks/ScreenTimeCore.framework/Versions/A/ScreenTimeCore
0x00000001c6179000 	/System/Library/PrivateFrameworks/ScreenTimeServiceUI.framework/Versions/A/ScreenTimeServiceUI
0x00000001bed40000 	/System/Library/PrivateFrameworks/ConfigurationEngineModel.framework/Versions/A/ConfigurationEngineModel
0x00000001c1f68000 	/System/Library/PrivateFrameworks/UsageTracking.framework/Versions/A/UsageTracking
0x000000022b016000 	/System/Library/Frameworks/DeviceActivity.framework/Versions/A/DeviceActivity
0x00000001c1f37000 	/System/Library/PrivateFrameworks/KnowledgeMonitor.framework/Versions/A/KnowledgeMonitor
0x00000001da076000 	/System/Library/PrivateFrameworks/BluetoothManager.framework/Versions/A/BluetoothManager
0x000000022c6a6000 	/System/Library/Frameworks/ManagedSettings.framework/Versions/A/ManagedSettings
0x000000025b71b000 	/System/Library/PrivateFrameworks/ManagedSettingsSupport.framework/Versions/A/ManagedSettingsSupport
0x00000001d725e000 	/System/Library/Frameworks/ReplayKit.framework/Versions/A/ReplayKit
0x00000001a5a4b000 	/System/Library/PrivateFrameworks/MarkupUI.framework/Versions/A/MarkupUI
0x00000001b02e6000 	/System/Library/PrivateFrameworks/SidecarCore.framework/Versions/A/SidecarCore
0x00000001b2fba000 	/System/Library/PrivateFrameworks/AnnotationKit.framework/Versions/A/AnnotationKit
0x00000001b15e9000 	/System/Library/Frameworks/PencilKit.framework/Versions/A/PencilKit
0x00000001b17ad000 	/System/Library/PrivateFrameworks/SidecarUI.framework/Versions/A/SidecarUI
0x00000001b0f54000 	/System/Library/PrivateFrameworks/CoreHandwriting.framework/Versions/A/CoreHandwriting
0x00000001851ca000 	/usr/lib/libmecabra.dylib
0x00000001a9773000 	/System/Library/PrivateFrameworks/Calculate.framework/Versions/A/Calculate
0x0000000195031000 	/usr/lib/libChineseTokenizer.dylib
0x00000001e8bbb000 	/System/Library/PrivateFrameworks/ScreenReaderCore.framework/Versions/A/ScreenReaderCore
0x00000002746f1000 	/System/Library/PrivateFrameworks/StocksKit.framework/Versions/A/StocksKit
0x00000001a871a000 	/System/Library/PrivateFrameworks/OAuth.framework/Versions/A/OAuth
0x00000002743e7000 	/System/Library/PrivateFrameworks/StocksCore.framework/Versions/A/StocksCore
0x00000002758f8000 	/System/Library/PrivateFrameworks/TeaFoundation.framework/Versions/A/TeaFoundation
0x0000000275adf000 	/System/Library/PrivateFrameworks/TeaSettings.framework/Versions/A/TeaSettings
0x00000001de85f000 	/System/Library/PrivateFrameworks/NewsCore.framework/Versions/A/NewsCore
0x0000000275895000 	/System/Library/PrivateFrameworks/TeaDB.framework/Versions/A/TeaDB
0x00000001db1ee000 	/System/Library/PrivateFrameworks/RemoteConfiguration.framework/Versions/A/RemoteConfiguration
0x00000001de446000 	/System/Library/PrivateFrameworks/NewsTransport.framework/Versions/A/NewsTransport
0x00000001de84f000 	/System/Library/PrivateFrameworks/NewsFoundation.framework/Versions/A/NewsFoundation
0x000000026100e000 	/System/Library/PrivateFrameworks/NewsURLBucket.framework/Versions/A/NewsURLBucket
0x00000001b4c99000 	/System/Library/PrivateFrameworks/MobileInstallation.framework/Versions/A/MobileInstallation
0x0000000231c5c000 	/System/Library/Frameworks/Translation.framework/Versions/A/Translation
0x00000001ce1a0000 	/System/Library/PrivateFrameworks/RevealCore.framework/Versions/A/RevealCore
0x00000001ce194000 	/System/Library/PrivateFrameworks/Reveal.framework/Versions/A/Reveal
0x00000001c5e24000 	/System/Library/Frameworks/Speech.framework/Versions/A/Speech
0x000000023314f000 	/System/Library/PrivateFrameworks/AIMLExperimentationAnalytics.framework/Versions/A/AIMLExperimentationAnalytics
0x00000002355f5000 	/System/Library/PrivateFrameworks/AlgorithmsInternal.framework/Versions/A/AlgorithmsInternal
0x0000000279261000 	/System/Library/PrivateFrameworks/TranslationUIServices.framework/Versions/A/TranslationUIServices
0x0000000277fb3000 	/System/Library/PrivateFrameworks/TipKitCore.framework/Versions/A/TipKitCore
0x00000001ba118000 	/System/Library/PrivateFrameworks/CoreCDPInternal.framework/Versions/A/CoreCDPInternal
0x0000000252b76000 	/System/Library/PrivateFrameworks/InputAnalytics.framework/Versions/A/InputAnalytics
0x00000001bfdc1000 	/System/Library/Frameworks/InstantMessage.framework/Versions/A/InstantMessage
0x00000001b7bce000 	/System/Library/PrivateFrameworks/IDSKVStore.framework/Versions/A/IDSKVStore
0x00000001b7871000 	/System/Library/PrivateFrameworks/IMDPersistence.framework/Versions/A/IMDPersistence
0x000000027b1e7000 	/System/Library/PrivateFrameworks/UserSafety.framework/Versions/A/UserSafety
0x00000001d9100000 	/System/Library/PrivateFrameworks/BlastDoor.framework/Versions/A/BlastDoor
0x000000025726d000 	/System/Library/PrivateFrameworks/LinkPresentationStyleSheetParsing.framework/Versions/A/LinkPresentationStyleSheetParsing
0x00000002662a1000 	/System/Library/PrivateFrameworks/PosterFoundation.framework/Versions/A/PosterFoundation
0x000000026632f000 	/System/Library/PrivateFrameworks/PosterModel.framework/Versions/A/PosterModel
0x0000000266309000 	/System/Library/PrivateFrameworks/PosterFuturesKit.framework/Versions/A/PosterFuturesKit
0x00000002452d4000 	/System/Library/PrivateFrameworks/FeedbackService.framework/Versions/A/FeedbackService
0x00000001b09ad000 	/System/Library/PrivateFrameworks/CoreSDB.framework/Versions/A/CoreSDB
0x0000000238638000 	/System/Library/PrivateFrameworks/AskToCore.framework/Versions/A/AskToCore
0x00000001d30b6000 	/System/Library/PrivateFrameworks/MachineSettings.framework/Versions/A/MachineSettings
0x00000001c4772000 	/System/Library/PrivateFrameworks/BezelServices.framework/Versions/A/BezelServices
0x00000001bc047000 	/System/Library/PrivateFrameworks/SPOwner.framework/Versions/A/SPOwner
0x00000001b48e1000 	/System/Library/PrivateFrameworks/FMCore.framework/Versions/A/FMCore
0x0000000281d49000 	/System/Library/PrivateFrameworks/iCloudQuota.framework/Versions/A/iCloudQuota
0x00000001a90de000 	/System/Library/PrivateFrameworks/CoreRecognition.framework/Versions/A/CoreRecognition
0x00000001c4832000 	/System/Library/PrivateFrameworks/InAppMessages.framework/Versions/A/InAppMessages
0x00000001e776e000 	/System/Library/PrivateFrameworks/JetUI.framework/Versions/A/JetUI
0x0000000256465000 	/System/Library/PrivateFrameworks/JetPack.framework/Versions/A/JetPack
0x00000001c4829000 	/System/Library/PrivateFrameworks/InAppMessagesCore.framework/Versions/A/InAppMessagesCore
0x000000028115f000 	/System/Library/PrivateFrameworks/_JetEngine_SwiftUI.framework/Versions/A/_JetEngine_SwiftUI
0x000000027538b000 	/System/Library/PrivateFrameworks/Synapse.framework/Versions/A/Synapse
0x000000023a8de000 	/System/Library/PrivateFrameworks/CSExattrCrypto.framework/Versions/A/CSExattrCrypto
0x00000001b5e08000 	/System/Library/PrivateFrameworks/StoreFoundation.framework/Versions/A/StoreFoundation
0x00000001b48db000 	/System/Library/PrivateFrameworks/ServerInformation.framework/Versions/A/ServerInformation
0x00000001b42f1000 	/System/Library/PrivateFrameworks/Install.framework/Frameworks/DistributionKit.framework/Versions/A/DistributionKit
0x00000001ad762000 	/System/Library/PrivateFrameworks/PackageKit.framework/Versions/A/PackageKit
0x00000001b4314000 	/System/Library/PrivateFrameworks/OSPersonalization.framework/Versions/A/OSPersonalization
0x00000001b636e000 	/System/Library/PrivateFrameworks/BridgeOSSoftwareUpdate.framework/Versions/A/BridgeOSSoftwareUpdate
0x00000001b0e53000 	/System/Library/PrivateFrameworks/StorageManagement.framework/Versions/A/StorageManagement
0x00000001c5ca4000 	/usr/lib/libauthinstall.dylib
0x00000001b6377000 	/System/Library/PrivateFrameworks/InstallerDiagnostics.framework/Versions/A/InstallerDiagnostics
0x00000001c6360000 	/usr/lib/libcrypto.42.dylib
0x00000002888d2000 	/usr/lib/updaters/libAppleTconUARPUpdater.dylib
0x0000000288a67000 	/usr/lib/updaters/libT200Updater.dylib
0x00000001b635c000 	/System/Library/PrivateFrameworks/GPUInfo.framework/Versions/A/GPUInfo
0x00000001c492f000 	/System/Library/PrivateFrameworks/MobileActivationMacOS.framework/Versions/A/MobileActivationMacOS
0x00000001a865f000 	/System/Library/PrivateFrameworks/AccountsDaemon.framework/Versions/A/AccountsDaemon
0x00000001b63ba000 	/System/Library/PrivateFrameworks/AOSKit.framework/Versions/A/AOSKit
0x0000000195160000 	/System/Library/PrivateFrameworks/AppSSOCore.framework/Versions/A/AppSSOCore
0x0000000239084000 	/System/Library/PrivateFrameworks/BackgroundSystemTasks.framework/Versions/A/BackgroundSystemTasks
0x00000001a0dec000 	/System/Library/PrivateFrameworks/DuetActivityScheduler.framework/Versions/A/DuetActivityScheduler
0x00000001c2e84000 	/System/Library/PrivateFrameworks/NetworkServiceProxy.framework/Versions/A/NetworkServiceProxy
0x000000019c03b000 	/usr/lib/libnetworkextension.dylib
0x00000002750ad000 	/System/Library/PrivateFrameworks/Symptoms.framework/Versions/A/Frameworks/SymptomAnalytics.framework/Versions/A/SymptomAnalytics
0x0000000198b73000 	/System/Library/Frameworks/NetworkExtension.framework/Versions/A/NetworkExtension
0x000000019f508000 	/System/Library/PrivateFrameworks/CoreDuetContext.framework/Versions/A/CoreDuetContext
0x0000000189c34000 	/System/Library/PrivateFrameworks/CoreDuet.framework/Versions/A/CoreDuet
0x00000001a431f000 	/System/Library/PrivateFrameworks/AssistantServices.framework/Versions/A/AssistantServices
0x000000019e4ed000 	/System/Library/PrivateFrameworks/SAObjects.framework/Versions/A/SAObjects
0x00000001a3f06000 	/System/Library/PrivateFrameworks/MediaRemote.framework/Versions/A/MediaRemote
0x0000000271c1b000 	/System/Library/PrivateFrameworks/SiriTTSService.framework/Versions/A/SiriTTSService
0x000000026c317000 	/System/Library/PrivateFrameworks/SiriCrossDeviceArbitration.framework/Versions/A/SiriCrossDeviceArbitration
0x0000000244e5e000 	/System/Library/PrivateFrameworks/FaceTimeNameUtility.framework/Versions/A/FaceTimeNameUtility
0x000000026c36b000 	/System/Library/PrivateFrameworks/SiriCrossDeviceArbitrationFeedback.framework/Versions/A/SiriCrossDeviceArbitrationFeedback
0x00000001c51b7000 	/System/Library/PrivateFrameworks/UIKitServices.framework/Versions/A/UIKitServices
0x00000001a8eee000 	/System/Library/PrivateFrameworks/MediaServices.framework/Versions/A/MediaServices
0x00000001955a9000 	/System/Library/PrivateFrameworks/PersistentConnection.framework/Versions/A/PersistentConnection
0x00000002734fe000 	/System/Library/PrivateFrameworks/SonicFoundation.framework/Versions/A/SonicFoundation
0x00000001b88ce000 	/usr/lib/libtailspin.dylib
0x00000001cc8d7000 	/System/Library/PrivateFrameworks/Osprey.framework/Versions/A/Osprey
0x000000027129b000 	/System/Library/PrivateFrameworks/SiriTTS.framework/Versions/A/SiriTTS
0x000000026fe5b000 	/System/Library/PrivateFrameworks/SiriPowerInstrumentation.framework/Versions/A/SiriPowerInstrumentation
0x0000000275893000 	/System/Library/PrivateFrameworks/TailspinSymbolication.framework/Versions/A/TailspinSymbolication
0x00000002431b4000 	/System/Library/PrivateFrameworks/Darwinup.framework/Versions/A/Darwinup
0x00000001c4fc0000 	/System/Library/PrivateFrameworks/SignpostSupport.framework/Versions/A/SignpostSupport
0x00000001b093a000 	/System/Library/PrivateFrameworks/FeatureFlagsSupport.framework/Versions/A/FeatureFlagsSupport
0x00000001c4680000 	/System/Library/PrivateFrameworks/ktrace.framework/Versions/A/ktrace
0x00000001c51ef000 	/System/Library/PrivateFrameworks/SampleAnalysis.framework/Versions/A/SampleAnalysis
0x00000001ce16e000 	/System/Library/PrivateFrameworks/kperfdata.framework/Versions/A/kperfdata
0x0000000199d94000 	/usr/lib/libdscsym.dylib
0x00000001ce643000 	/System/Library/PrivateFrameworks/BulkSymbolication.framework/Versions/A/BulkSymbolication
0x00000001a1f3a000 	/System/Library/PrivateFrameworks/CoreDuetDaemonProtocol.framework/Versions/A/CoreDuetDaemonProtocol
0x00000001b5c89000 	/System/Library/PrivateFrameworks/CaptiveNetwork.framework/Versions/A/CaptiveNetwork
0x00000001a0333000 	/System/Library/PrivateFrameworks/EAP8021X.framework/Versions/A/EAP8021X
0x0000000242f7a000 	/System/Library/PrivateFrameworks/CryptoKitPrivate.framework/Versions/A/CryptoKitPrivate
0x00000001aff08000 	/System/Library/PrivateFrameworks/FindMyDevice.framework/Versions/A/FindMyDevice
0x00000001a4b21000 	/System/Library/PrivateFrameworks/FMCoreLite.framework/Versions/A/FMCoreLite
0x0000000192c58000 	/System/Library/Frameworks/ServiceManagement.framework/Versions/A/ServiceManagement

JVMTI agents:
/Users/jaewoong/Desktop/projects/skydoves/compose-image-cropper/crayfish/build/tmp/.cache/expanded/zip_27729b840c216bdc69a9315e04b27ab1/jacocoagent.jar path:none, loaded, initialized, instrumentlib options:destfile=build/jacoco/desktopTest.exec,append=true,excludes=jdk.internal.*,inclnolocationclasses=true,dumponexit=true,output=file,jmx=false


VM Arguments:
jvm_args: -Dapple.awt.UIElement=true -Dcrayfish.fixtures=/Users/jaewoong/Desktop/projects/skydoves/compose-image-cropper/crayfish/build/fixtures -Dorg.gradle.internal.worker.tmpdir=/Users/jaewoong/Desktop/projects/skydoves/compose-image-cropper/crayfish/build/tmp/desktopTest/work -XX:+UseSerialGC -javaagent:/Users/jaewoong/Desktop/projects/skydoves/compose-image-cropper/crayfish/build/tmp/.cache/expanded/zip_27729b840c216bdc69a9315e04b27ab1/jacocoagent.jar=destfile=build/jacoco/desktopTest.exec,append=true,excludes=jdk.internal.*,inclnolocationclasses=true,dumponexit=true,output=file,jmx=false -Xmx1g -Dfile.encoding=UTF-8 -Duser.country=KR -Duser.language=en -Duser.variant -ea 
java_command: worker.org.gradle.process.internal.worker.GradleWorkerMain 'Gradle Test Executor 157'
java_class_path (initial): /Users/jaewoong/.gradle/caches/9.7.1/workerMain/gradle-worker.jar:/Users/jaewoong/Desktop/projects/skydoves/compose-image-cropper/crayfish/build/classes/kotlin/desktop/test:/Users/jaewoong/Desktop/projects/skydoves/compose-image-cropper/crayfish/build/processedResources/desktop/test:/Users/jaewoong/Desktop/projects/skydoves/compose-image-cropper/crayfish/build/classes/kotlin/desktop/main:/Users/jaewoong/Desktop/projects/skydoves/compose-image-cropper/crayfish/build/processedResources/desktop/main:/Users/jaewoong/.gradle/caches/modules-2/files-2.1/org.jetbrains.compose.desktop/desktop-jvm/1.12.0/55722afc383641f44e5059e3a87e076436190826/desktop-jvm-1.12.0.jar:/Users/jaewoong/.gradle/caches/modules-2/files-2.1/org.jetbrains.compose.material/material-desktop/1.12.0/6d090e795e1575f46fcd5f993f38c2e34b976a32/material-desktop-1.12.0.jar:/Users/jaewoong/.gradle/caches/modules-2/files-2.1/org.jetbrains.compose.animation/animation-core-desktop/1.12.0/a14cdb09ab8792b6b20d298d0a26530969228b0f/animation-core-desktop-1.12.0.jar:/Users/jaewoong/.gradle/caches/modules-2/files-2.1/org.jetbrains.compose.material/material-ripple-desktop/1.12.0/b4b34a8be94b8c41526d448a58d7ce2256872df5/material-ripple-desktop-1.12.0.jar:/Users/jaewoong/.gradle/caches/modules-2/files-2.1/org.jetbrains.compose.animation/animation-desktop/1.12.0/c2b6620077a35e3d4ab8983df5d4377f2df0636/animation-desktop-1.12.0.jar:/Users/jaewoong/.gradle/caches/modules-2/files-2.1/org.jetbrains.compose.foundation/foundation-layout-desktop/1.12.0/64d4f43ec090a85f3069762a5c39a147c6d2c9aa/foundation-layout-desktop-1.12.0.jar:/Users/jaewoong/.gradle/caches/modules-2/files-2.1/org.jetbrains.compose.foundation/foundation-desktop/1.12.0/833f455fe2196abff4d2a361abd546f9eefcaed3/foundation-desktop-1.12.0.jar:/Users/jaewoong/.gradle/caches/modules-2/files-2.1/org.jetbrains.compose.ui/ui-tooling-preview-desktop/1.12.0/9871d626c28849c2f353e15d7694e38d7996ddcc/ui-tooling-preview-desktop-1.12.0.jar:/Users/jaewoong/.gradle/caches/modules-2/files-2.1/org.jetbrains.compose.ui/ui-unit-desktop/1.12.0/e0670f2fc4ace09368fdba41c15558e1fa79e866/ui-unit-desktop-1.12.0.jar:/Users/jaewoong/.gradle/caches/modules-2/files-2.1/org.jetbrains.compose.ui/ui-graphics-desktop/1.12.0/cf9166c08f3efbdda587aceca676c1f70c640578/ui-graphics-desktop-1.12.0.jar:/Users/jaewoong/.gradle/caches/modules-2/files-2.1/org.jetbrains.compose.ui/ui-geometry-desktop/1.12.0/21ca5715bcde50586e57506f07b280ff8b626bdb/ui-geometry-desktop-1.12.0.jar:/Users/jaewoong/.gradle/caches/modules-2/files-2.1/org.jetbrains.compose.ui/ui-util-desktop/1.12.0/2d41b1dcda0c16efa86718f309fe2159a2890028/ui-util-desktop-1.12.0.jar:/Users/jaewoong/.gradle/caches/modules-2/files-2.1/org.jetbrains.compose.ui/ui-text-desktop/1.12.0/af2aab56220491e300daa1def6ce1e586f18d84/ui-text-desktop-1.12.0.jar:/Users/jaewoong/.gradle/caches/modules-2/files-2.1/org.jetbrains.compose.ui/ui-test-desktop/1.12.0/3b714796fd24fa2508480f5b4fc5d69c90bfbc75/ui-test-desktop-1.12.0.jar:/Users/jaewoong/.gradle/caches/modules-2/files-2.1/org.jetbrains.compose.ui/ui-desktop/1.12.0/3c658fca0b00c4ea95e008b86d80a35d4152c66f/ui-desktop-1.12.0.jar:/Users/jaewoong/.gradle/caches/modules-2/files-2.1/org.jetbrains.compose.runtime/runtime-desktop/1.12.0/d9b0c5277cd9ba7a116fbb06e1716d02d0b33401/runtime-desktop-1.12.0.jar:/Users/jaewoong/.gradle/caches/modules-2/files-2.1/org.jetbrains.compose.runtime/runtime-saveable-desktop/1.12.0/b4a48d211ac0281b049bf42cb21f715c71b69145/runtime-saveable-desktop-1.12.0.jar:/Users/jaewoong/.gradle/caches/modules-2/files-2.1/androidx.lifecycle/lifecycle-runtime-desktop/2.11.0/c2b5e2f7d739375538c2a74757531a30607f85ff/lifecycle-runtime-desktop-2.11.0.jar:/Users/jaewoong/.gradle/caches/modules-2/files-2.1/androidx.lifecycle/lifecycle-runtime-compose-desktop/2.11.0/8a85615b7e4f5728106bf7bc3cfa95f429eb6264/lifecycle-runtime-compose-desktop-2.11.0.jar:/Users/jaewoong/.gradle/caches/modules-2/files-2.1/org.jetbrains.androidx.lifecycle/lifecycle-runtime-compose-desktop/2.9.6/7b6b6793f3c4c5996b20d1d99cf728e5fac00364/lifecycle-runtime-compose-desktop-2.9.6.jar:/Users/jaewoong/.gradle/caches/modules-2/files-2.1/org.jetbrains.androidx.savedstate/savedstate-compose-desktop/1.3.6/63692375ffe667f12cb3ea8aa1e605d659ed2add/savedstate-compose-desktop-1.3.6.jar:/Users/jaewoong/.gradle/caches/modules-2/files-2.1/androidx.savedstate/savedstate-compose-desktop/1.4.0/d3d6e0e2108528eb6080dc250da925a572be4202/savedstate-compose-desktop-1.4.0.jar:/Users/jaewoong/.gradle/caches/modules-2/files-2.1/androidx.savedstate/savedstate-desktop/1.4.0/3b049a0f81643d6b4b900de95bc23efc085c32d5/savedstate-desktop-1.4.0.jar:/Users/jaewoong/.gradle/caches/modules-2/files-2.1/androidx.lifecycle/lifecycle-common-jvm/2.11.0/2c4f7d92f1fd723121d394c93455f50158403ad9/lifecycle-common-jvm-2.11.0.jar:/Users/jaewoong/.gradle/caches/modules-2/files-2.1/androidx.lifecycle/lifecycle-viewmodel-desktop/2.11.0/156dea0e0e4862b60bc14881891bae1e5df64f81/lifecycle-viewmodel-desktop-2.11.0.jar:/Users/jaewoong/.gradle/caches/modules-2/files-2.1/androidx.lifecycle/lifecycle-viewmodel-savedstate-desktop/2.11.0/4e8025bc47a196b0ee403b8d915393ae7922c21a/lifecycle-viewmodel-savedstate-desktop-2.11.0.jar:/Users/jaewoong/.gradle/caches/modules-2/files-2.1/androidx.lifecycle/lifecycle-viewmodel-compose-desktop/2.11.0/29daa46bc0d2d574ee95309be1f325764f40b35b/lifecycle-viewmodel-compose-desktop-2.11.0.jar:/Users/jaewoong/.gradle/caches/modules-2/files-2.1/androidx.compose.runtime/runtime-saveable-desktop/1.12.0/8cacc17c590b2ac5fabf040c4f66d432092a821/runtime-saveable-desktop-1.12.0.jar:/Users/jaewoong/.gradle/caches/modules-2/files-2.1/org.jetbrains.androidx.navigationevent/navigationevent-compose-desktop/1.1.0/d4c4408fbc6ac4dbddaef91d82013f435c02a9c5/navigationevent-compose-desktop-1.1.0.jar:/Users/jaewoong/.gradle/caches/modules-2/files-2.1/androidx.navigationevent/navigationevent-compose-desktop/1.1.1/ef8d1270c6439178474691b1886e2c3dc97f9ce/navigationevent-compose-desktop-1.1.1.jar:/Users/jaewoong/.gradle/caches/modules-2/files-2.1/androidx.navigationevent/navigationevent-desktop/1.1.1/10a65e605d90c6dc98f3de9d32ae32824a7d0a1f/navigationevent-desktop-1.1.1.jar:/Users/jaewoong/.gradle/caches/modules-2/files-2.1/androidx.compose.runtime/runtime-annotation-jvm/1.12.0/4cf2b71ea98c0d69c95a2885e521ba28af5fa7a0/runtime-annotation-jvm-1.12.0.jar:/Users/jaewoong/.gradle/caches/modules-2/files-2.1/androidx.compose.runtime/runtime-retain-desktop/1.12.0/3aa3ec26ef2a3d26bc556b51b33d09efc1a198e8/runtime-retain-desktop-1.12.0.jar:/Users/jaewoong/.gradle/caches/modules-2/files-2.1/androidx.compose.runtime/runtime-desktop/1.12.0/82e40832ddf785e9c0c15c4186d32f8c894fd914/runtime-desktop-1.12.0.jar:/Users/jaewoong/.gradle/caches/modules-2/files-2.1/org.jetbrains.kotlin/kotlin-test-junit/2.4.20/7eb3289e802e4c6cdba3ad5488d125b8d74ed396/kotlin-test-junit-2.4.20.jar:/Users/jaewoong/.gradle/caches/modules-2/files-2.1/org.jetbrains.kotlin/kotlin-test/2.4.20/ccb0e2baa3fa3a572a753019ce0be5889c587803/kotlin-test-2.4.20.jar:/Users/jaewoong/.gradle/caches/modules-2/files-2.1/org.jetbrains.kotlinx/kotlinx-coroutines-test-jvm/1.11.0/1dfe8ce2b805d913922f283b386895bd0979dfcb/kotlinx-coroutines-test-jvm-1.11.0.jar:/Users/jaewoong/.gradle/caches/modules-2/files-2.1/org.jetbrains.skiko/skiko-awt-runtime-macos-arm64/0.150.1/22e0f09cd9c161686d6fba382e82fd9dd18ed919/skiko-awt-runtime-macos-arm64-0.150.1.jar:/Users/jaewoong/.gradle/caches/modules-2/files-2.1/org.jetbrains.skiko/skiko-awt/0.150.1/e03fd8140c0e331c3c7018b00a9710ec98d78fc1/skiko-awt-0.150.1.jar:/Users/jaewoong/.gradle/caches/modules-2/files-2.1/org.jetbrains.kotlinx/kotlinx-coroutines-core-jvm/1.11.0/3d57dc678bd8d72a60e7adf0eca5c54e3f4f4b79/kotlinx-coroutines-core-jvm-1.11.0.jar:/Users/jaewoong/.gradle/caches/modules-2/files-2.1/androidx.collection/collection-jvm/1.5.0/7ba2c69414d46ebc2dd76598bdd0a75c54281a57/collection-jvm-1.5.0.jar:/Users/jaewoong/.gradle/caches/modules-2/files-2.1/org.jetbrains.kotlinx/atomicfu-jvm/0.28.0/6a9ac536f4b2144e57c176fd4e26821eb12084f4/atomicfu-jvm-0.28.0.jar:/Users/jaewoong/.gradle/caches/modules-2/files-2.1/androidx.arch.core/core-common/2.2.0/5e1b8b81dfd5f52c56a8d53b18ca759c19a301f3/core-common-2.2.0.jar:/Users/jaewoong/.gradle/caches/modules-2/files-2.1/androidx.annotation/annotation-jvm/1.9.1/b17951747e38bf3986a24431b9ba0d039958aa5f/annotation-jvm-1.9.1.jar:/Users/jaewoong/.gradle/caches/modules-2/files-2.1/org.jetbrains.kotlinx/kotlinx-serialization-core-jvm/1.7.3/1f226780b845ff9206474c05159245d861556249/kotlinx-serialization-core-jvm-1.7.3.jar:/Users/jaewoong/.gradle/caches/modules-2/files-2.1/org.jetbrains.kotlin/kotlin-stdlib/2.4.20/94c1451890d164aed65d43b3db0b7ecef7c183e7/kotlin-stdlib-2.4.20.jar:/Users/jaewoong/.gradle/caches/modules-2/files-2.1/org.jetbrains/annotations/23.0.0/8cc20c07506ec18e0834947b84a864bfc094484e/annotations-23.0.0.jar:/Users/jaewoong/.gradle/caches/modules-2/files-2.1/org.jetbrains.runtime/jbr-api/1.9.0/2bc161f5472b5fd5610740e4d6ebe896c811cb0e/jbr-api-1.9.0.jar:/Users/jaewoong/.gradle/caches/modules-2/files-2.1/junit/junit/4.13.2/8ac9e16d933b6fb43bc7f576336b8f4d7eb5ba12/junit-4.13.2.jar:/Users/jaewoong/.gradle/caches/modules-2/files-2.1/org.hamcrest/hamcrest-core/1.3/42a25dc3219429f0e5d060061f71acb49bf010a0/hamcrest-core-1.3.jar:/Users/jaewoong/.gradle/caches/modules-2/files-2.1/org.jspecify/jspecify/1.0.0/7425a601c1c7ec76645a78d22b8c6a627edee507/jspecify-1.0.0.jar
Launcher Type: SUN_STANDARD

[Global flags]
     intx CICompilerCount                          = 4                                         {product} {ergonomic}
   size_t InitialHeapSize                          = 603979776                                 {product} {ergonomic}
   size_t MaxHeapSize                              = 1073741824                                {product} {command line}
   size_t MaxNewSize                               = 357892096                                 {product} {ergonomic}
   size_t MinHeapDeltaBytes                        = 196608                                    {product} {ergonomic}
   size_t MinHeapSize                              = 8388608                                   {product} {ergonomic}
   size_t NewSize                                  = 201326592                                 {product} {ergonomic}
    uintx NonNMethodCodeHeapSize                   = 5849088                                {pd product} {ergonomic}
    uintx NonProfiledCodeHeapSize                  = 122912768                              {pd product} {ergonomic}
    uintx ProfiledCodeHeapSize                     = 122912768                              {pd product} {ergonomic}
    uintx ReservedCodeCacheSize                    = 251674624                              {pd product} {ergonomic}
     bool SegmentedCodeCache                       = true                                      {product} {ergonomic}
   size_t SoftMaxHeapSize                          = 1073741824                             {manageable} {ergonomic}
     bool UseCompressedOops                        = true                           {product lp64_product} {ergonomic}
     bool UseNUMA                                  = false                                     {product} {ergonomic}
     bool UseNUMAInterleaving                      = false                                     {product} {ergonomic}
     bool UseSerialGC                              = true                                      {product} {command line}

Logging:
Log output configuration:
 #0: stdout all=warning uptime,level,tags foldmultilines=false
 #1: stderr all=off uptime,level,tags foldmultilines=false

Release file:
JAVA_VERSION="25.0.3"
MODULES="java.base java.compiler java.datatransfer java.xml java.prefs java.desktop java.instrument java.logging java.management java.security.sasl java.naming java.rmi java.management.rmi java.net.http java.scripting java.security.jgss java.transaction.xa java.sql java.sql.rowset java.xml.crypto java.se java.smartcardio jdk.accessibility jdk.internal.jvmstat jdk.attach jdk.charsets jdk.internal.opt jdk.zipfs jdk.compiler jdk.crypto.cryptoki jdk.crypto.ec jdk.dynalink jdk.hotspot.agent jdk.httpserver jdk.internal.ed jdk.internal.le jdk.internal.md jdk.internal.vm.ci jdk.jartool jdk.javadoc jdk.jcmd jdk.jdeps jdk.jdwp.agent jdk.jdi jdk.jfr jdk.jlink jdk.localedata jdk.management jdk.management.agent jdk.management.jfr jdk.naming.dns jdk.naming.rmi jdk.net jdk.sctp jdk.security.auth jdk.security.jgss jdk.unsupported jdk.unsupported.desktop jdk.xml.dom"
IMPLEMENTOR="JetBrains s.r.o."
JAVA_RUNTIME_VERSION="25.0.3+-15898627-b508.16"
LIBC="default"
OS_ARCH="aarch64"
OS_NAME="Darwin"
SOURCE=".:git:a8b1dba3234f"

Environment Variables:
JAVA_HOME=/Library/Java/JavaVirtualMachines/zulu-21.jdk/Contents/Home
PATH=/Users/jaewoong/.local/bin:/Users/jaewoong/development/flutter/bin:/opt/homebrew/bin:/opt/homebrew/sbin:/usr/local/bin:/System/Cryptexes/App/usr/bin:/usr/bin:/bin:/usr/sbin:/sbin:/var/run/com.apple.security.cryptexd/codex.system/bootstrap/usr/local/bin:/var/run/com.apple.security.cryptexd/codex.system/bootstrap/usr/bin:/var/run/com.apple.security.cryptexd/codex.system/bootstrap/usr/appleinternal/bin:/pkg/env/global/bin:/Library/Apple/usr/bin:/Applications/iTerm.app/Contents/Resources/utilities:/Users/jaewoong/Library/Application Support/JetBrains/Toolbox/scripts:/Users/jaewoong/.maestro/bin:/Users/jaewoong/.claude/plugins/cache/claude-plugins-official/clangd-lsp/1.0.0/bin
SHELL=/bin/zsh
LANG=ko_KR.UTF-8
LC_ALL=en_US.UTF-8
LC_CTYPE=en_US.UTF-8
TERM=xterm-256color
TMPDIR=/var/folders/8b/8kqmq4056zj5ml2rdtq2b7jm0000gn/T/

Active Locale:
LC_ALL=en_US.UTF-8
LC_COLLATE=en_US.UTF-8
LC_CTYPE=en_US.UTF-8
LC_MESSAGES=en_US.UTF-8
LC_MONETARY=en_US.UTF-8
LC_NUMERIC=en_US.UTF-8
LC_TIME=en_US.UTF-8

Signal Handlers:
   SIGSEGV: crash_handler in libjvm.dylib, mask=11100110000111110111111111111111, flags=SA_ONSTACK|SA_RESTART|SA_SIGINFO, unblocked
    SIGBUS: crash_handler in libjvm.dylib, mask=11100110000111110111111111111111, flags=SA_RESTART|SA_SIGINFO, unblocked
    SIGFPE: crash_handler in libjvm.dylib, mask=11100110000111110111111111111111, flags=SA_RESTART|SA_SIGINFO, unblocked
   SIGPIPE: javaSignalHandler in libjvm.dylib, mask=11100110000111110111111111111111, flags=SA_RESTART|SA_SIGINFO, blocked
   SIGXFSZ: javaSignalHandler in libjvm.dylib, mask=11100110000111110111111111111111, flags=SA_RESTART|SA_SIGINFO, blocked
    SIGILL: crash_handler in libjvm.dylib, mask=11100110000111110111111111111111, flags=SA_RESTART|SA_SIGINFO, unblocked
   SIGUSR2: SR_handler in libjvm.dylib, mask=00000000000000000000000000000000, flags=SA_RESTART|SA_SIGINFO, blocked
    SIGHUP: UserHandler in libjvm.dylib, mask=11100110000111110111111111111111, flags=SA_RESTART|SA_SIGINFO, blocked
    SIGINT: UserHandler in libjvm.dylib, mask=11100110000111110111111111111111, flags=SA_RESTART|SA_SIGINFO, blocked
   SIGTERM: UserHandler in libjvm.dylib, mask=11100110000111110111111111111111, flags=SA_RESTART|SA_SIGINFO, blocked
   SIGQUIT: UserHandler in libjvm.dylib, mask=11100110000111110111111111111111, flags=SA_RESTART|SA_SIGINFO, blocked
   SIGTRAP: crash_handler in libjvm.dylib, mask=11100110000111110111111111111111, flags=SA_RESTART|SA_SIGINFO, unblocked


Compilation memory statistics disabled.

Periodic native trim disabled

JNI global refs:
JNI global refs: 63, weak refs: 0

JNI global refs memory usage: 1467, weak refs: 833

Process memory usage:
Resident Set Size: 413616K (1% of 37748736K total physical memory with 6986720K free physical memory)

OOME stack traces (most recent first):
Classloader memory used:
Loader jdk.internal.loader.ClassLoaders$AppClassLoader                                 : 18416 K
Loader bootstrap                                                                       : 15979 K
Loader java.net.URLClassLoader                                                         : 2726 K
Loader org.jacoco.agent.rt.internal_29a6edd.AgentModule$1                              : 8152 B
Loader jdk.internal.loader.ClassLoaders$PlatformClassLoader                            : 6984 B

Classes loaded by more than one classloader:
Class org.jacoco.agent.rt.internal_29a6edd.core.runtime.InjectedClassRuntime$Lookup   : loaded 2 times (x 75B)
Class org.jacoco.agent.rt.internal_29a6edd.core.runtime.InjectedClassRuntime          : loaded 2 times (x 84B)

---------------  S Y S T E M  ---------------

OS:
uname: Darwin 25.5.0 Darwin Kernel Version 25.5.0: Mon Apr 27 20:41:15 PDT 2026; root:xnu-12377.121.6~2/RELEASE_ARM64_T6041 arm64
OS uptime: 12 days 17:04 hours
rlimit (soft/hard): STACK 8176k/65520k , CORE 0k/infinity , NPROC 6000/9000 , NOFILE 1048576/infinity , AS infinity/infinity , CPU infinity/infinity , DATA infinity/infinity , FSIZE infinity/infinity , MEMLOCK infinity/infinity , RSS infinity/infinity
load average: 3.04 4.72 6.57

CPU: total 14 (initial active 14) 0x61:0x0:0x17d5b93a:0, fp, asimd, aes, pmull, sha1, sha256, crc32, lse, sha3, sha512
machdep.cpu.brand_string:Apple M4 Max
hw.cachelinesize:128
hw.l1icachesize:131072
hw.l1dcachesize:65536
hw.l2cachesize:4194304

Memory: 16k page, physical 37748736k(6986736k free), swap 19922944k(988032k free)

vm_info: OpenJDK 64-Bit Server VM (25.0.3+-15898627-b508.16) for bsd-aarch64 JRE (25.0.3+-15898627-b508.16), built on 2026-07-20T17:54:04Z with clang Apple LLVM 17.0.0 (clang-1700.0.13.5)

END.
